{"ncells": 53, "ngenes": 60623, "nvals": 66652, "density": 0.020744352896761582, "avg_per_cell": 4996.811320754717, "avg_per_gene": 4.368490506903321, "min_cell": 134, "max_cell": 27703, "total_count": 264831, "overdispersion": 3.0909206081285037, "s_index": 53}