{
	"numRecords": 40654081,
	"numReads": 45306071,
	"numBarcodes": 801779,
	"medianReadsPerBarcode": 1.000000,
	"meanReadsPerBarcode": 56.506931,
	"numUMIs": 1048575,
	"numBarcodeUMIs": 37520305,
	"medianUMIsPerBarcode": 1.000000,
	"meanUMIsPerBarcode": 46.796318,
	"gtRecords": 33394557,
	"numTargets": 166967,
	"medianTargetsPerSet": 4.000000,
	"meanTargetsPerSet": 5.008423,
	"numSingleton": 8217307,
	"gtTargets": 8565,
	"numBarcodesOnWhitelist": 303856,
	"percentageBarcodesOnWhitelist": 37.897725,
	"numReadsOnWhitelist": 43313984,
	"percentageReadsOnWhitelist": 95.603046
}
