{
  "ncells": 89232,
  "ngenes": 60623,
  "nvals": 8483101,
  "density": 0.0015681824400494264,
  "avg_per_cell": 321.29625022413484,
  "avg_per_gene": 472.9212840011217,
  "min_cell": 10,
  "max_cell": 57736,
  "total_counts": 28669907,
  "overdispersion": 74.23595860854238
}
