{"ncells": 2398, "ngenes": 60623, "nvals": 6247159, "density": 0.04297302802949145, "avg_per_cell": 10963.125521267722, "avg_per_gene": 433.65678042986985, "min_cell": 104, "max_cell": 57736, "total_count": 26289575, "overdispersion": 1.3764562825639506, "s_index": 1515}