{
  "ncells": 1098,
  "ngenes": 63140,
  "nvals": 698913,
  "density": 0.010081292158461291,
  "avg_counts_per_cell": 1039.5792349726776,
  "avg_counts_per_gene": 18.078207158694962,
  "avg_nnzero_per_cell": 636.5327868852459,
  "avg_nnzero_per_gene": 11.069258789990498,
  "min_cell": 107,
  "max_cell": 17735,
  "total_counts": 1141458,
  "overdispersion": 4.893744018818563,
  "s_index": 523
}
