{
  "ncells": 249030,
  "ngenes": 63140,
  "nvals": 1850001,
  "density": 0.00011765644365007944,
  "avg_counts_per_cell": 9.576962614945991,
  "avg_counts_per_gene": 37.77242635413367,
  "avg_nnzero_per_cell": 7.428827852066016,
  "avg_nnzero_per_gene": 29.299984162179285,
  "min_cell": 0,
  "max_cell": 17735,
  "total_counts": 2384951,
  "overdispersion": 309.8152300334197,
  "s_index": 523
}
