{
  "ncells": 1541,
  "ngenes": 63140,
  "nvals": 2230440,
  "density": 0.022923626760223206,
  "avg_counts_per_cell": 4311.736534717716,
  "avg_counts_per_gene": 105.23259423503326,
  "avg_nnzero_per_cell": 1447.397793640493,
  "avg_nnzero_per_gene": 35.32530883750396,
  "min_cell": 596,
  "max_cell": 11259,
  "total_counts": 6644386,
  "overdispersion": 0.12197923361812106,
  "s_index": 1506
}
