{
  "ncells": 212826,
  "ngenes": 63140,
  "nvals": 3393585,
  "density": 0.00025253959015375933,
  "avg_counts_per_cell": 37.066284194600286,
  "avg_counts_per_gene": 124.93932530883751,
  "avg_nnzero_per_cell": 15.945349722308364,
  "avg_nnzero_per_gene": 53.746990814063984,
  "min_cell": 0,
  "max_cell": 11259,
  "total_counts": 7888669,
  "overdispersion": 124.51675383079433,
  "s_index": 1506
}
