{
	"numRecords": 187891167,
	"numReads": 313109734,
	"numBarcodes": 1818419,
	"medianReadsPerBarcode": 2.000000,
	"meanReadsPerBarcode": 172.187892,
	"numUMIs": 1048576,
	"numBarcodeUMIs": 138856228,
	"medianUMIsPerBarcode": 1.000000,
	"meanUMIsPerBarcode": 76.360964,
	"gtRecords": 87200517,
	"numTargets": 186152,
	"medianTargetsPerSet": 5.000000,
	"meanTargetsPerSet": 5.132418,
	"numSingleton": 42160429,
	"gtTargets": 6876,
	"numBarcodesOnWhitelist": 558013,
	"percentageBarcodesOnWhitelist": 30.686712,
	"numReadsOnWhitelist": 305515701,
	"percentageReadsOnWhitelist": 97.574642
}
