{
  "ncells": 8983,
  "ngenes": 60623,
  "nvals": 20032876,
  "density": 0.03678616199476243,
  "avg_per_cell": 8628.988199933206,
  "avg_per_gene": 1278.6269402701944,
  "min_cell": 540,
  "max_cell": 65714,
  "total_counts": 77514201,
  "overdispersion": 1.7235103771826983
}
