{
  "ncells": 6086,
  "ngenes": 63140,
  "nvals": 5729577,
  "density": 0.014910288088033092,
  "avg_counts_per_cell": 3434.195530726257,
  "avg_counts_per_gene": 331.0185936015204,
  "avg_nnzero_per_cell": 941.4355898784095,
  "avg_nnzero_per_gene": 90.7440133037694,
  "min_cell": 143,
  "max_cell": 52701,
  "total_counts": 20900514,
  "overdispersion": 15.544583791447312,
  "s_index": 2751
}
