{
  "ncells": 310291,
  "ngenes": 63140,
  "nvals": 7368557,
  "density": 0.0003761046395179531,
  "avg_counts_per_cell": 74.3541159750041,
  "avg_counts_per_gene": 365.4009027557808,
  "avg_nnzero_per_cell": 23.74724693916356,
  "avg_nnzero_per_gene": 116.70188470066519,
  "min_cell": 0,
  "max_cell": 52701,
  "total_counts": 23071413,
  "overdispersion": 527.5005721454015,
  "s_index": 2751
}
