{
  "ncells": 7531,
  "ngenes": 63140,
  "nvals": 9351405,
  "density": 0.01966616330254755,
  "avg_counts_per_cell": 2604.006506440048,
  "avg_counts_per_gene": 310.59190687361416,
  "avg_nnzero_per_cell": 1241.7215509228522,
  "avg_nnzero_per_gene": 148.10587583148558,
  "min_cell": 270,
  "max_cell": 20324,
  "total_counts": 19610773,
  "overdispersion": 1.8852525256774328,
  "s_index": 2560
}
