{
  "ncells": 529176,
  "ngenes": 63140,
  "nvals": 22076399,
  "density": 0.0006607292269755254,
  "avg_counts_per_cell": 68.88280080729285,
  "avg_counts_per_gene": 577.3063826417485,
  "avg_nnzero_per_cell": 41.71844339123467,
  "avg_nnzero_per_gene": 349.6420494140006,
  "min_cell": 0,
  "max_cell": 20324,
  "total_counts": 36451125,
  "overdispersion": 167.1213511670391,
  "s_index": 2560
}
