{
  "ncells": 570410,
  "ngenes": 63140,
  "nvals": 19631522,
  "density": 0.0005450825297867284,
  "avg_counts_per_cell": 141.78169737557195,
  "avg_counts_per_gene": 1280.8631295533735,
  "avg_nnzero_per_cell": 34.416510930734034,
  "avg_nnzero_per_gene": 310.92052581564775,
  "min_cell": 0,
  "max_cell": 85112,
  "total_counts": 80873698,
  "overdispersion": 271.30611789205403,
  "s_index": 4074
}
