{
  "ncells": 4904,
  "ngenes": 63140,
  "nvals": 16551051,
  "density": 0.05345280962422768,
  "avg_counts_per_cell": 15805.016313213702,
  "avg_counts_per_gene": 1227.5546404814697,
  "avg_nnzero_per_cell": 3375.0103996737357,
  "avg_nnzero_per_gene": 262.13257839721257,
  "min_cell": 339,
  "max_cell": 85112,
  "total_counts": 77507800,
  "overdispersion": 1.4914480333016078,
  "s_index": 4074
}
