{
  "ncells": 173015,
  "ngenes": 63140,
  "nvals": 4323257,
  "density": 0.0003957516358386719,
  "avg_counts_per_cell": 54.21344392104731,
  "avg_counts_per_gene": 148.55462464364902,
  "avg_nnzero_per_cell": 24.98775828685374,
  "avg_nnzero_per_gene": 68.4709692746278,
  "min_cell": 0,
  "max_cell": 70886,
  "total_counts": 9379739,
  "overdispersion": 507.433200403146,
  "s_index": 606
}
