{
  "ncells": 857,
  "ngenes": 63140,
  "nvals": 1264936,
  "density": 0.023376697298773744,
  "avg_counts_per_cell": 6660.322053675613,
  "avg_counts_per_gene": 90.40063351282863,
  "avg_nnzero_per_cell": 1476.0046674445741,
  "avg_nnzero_per_gene": 20.033829585049098,
  "min_cell": 182,
  "max_cell": 70886,
  "total_counts": 5707896,
  "overdispersion": 8.572704872726053,
  "s_index": 606
}
