{
  "ncells": 570127,
  "ngenes": 63140,
  "nvals": 29485806,
  "density": 0.0008190997954682186,
  "avg_counts_per_cell": 141.39572761858324,
  "avg_counts_per_gene": 1276.7425087108013,
  "avg_nnzero_per_cell": 51.71796108586332,
  "avg_nnzero_per_gene": 466.9909090909091,
  "min_cell": 0,
  "max_cell": 57732,
  "total_counts": 80613522,
  "overdispersion": 115.20132026573697,
  "s_index": 3672
}
