{
  "ncells": 4790,
  "ngenes": 63140,
  "nvals": 12397875,
  "density": 0.040992760231265246,
  "avg_counts_per_cell": 11853.839248434238,
  "avg_counts_per_gene": 899.2697180867913,
  "avg_nnzero_per_cell": 2588.282881002088,
  "avg_nnzero_per_gene": 196.35532150776052,
  "min_cell": 269,
  "max_cell": 57732,
  "total_counts": 56779890,
  "overdispersion": 0.9739422094436584,
  "s_index": 3672
}
