{
	"numRecords": 201841618,
	"numReads": 238861949,
	"numBarcodes": 2120748,
	"medianReadsPerBarcode": 2.000000,
	"meanReadsPerBarcode": 112.630991,
	"numUMIs": 1048576,
	"numBarcodeUMIs": 176462757,
	"medianUMIsPerBarcode": 1.000000,
	"meanUMIsPerBarcode": 83.207791,
	"gtRecords": 149246616,
	"numBarcodesOnWhitelist": 621584,
	"percentageBarcodesOnWhitelist": 29.309659,
	"numReadsOnWhitelist": 231977370,
	"percentageReadsOnWhitelist": 97.117758
}
