{
  "ncells": 6561,
  "ngenes": 60623,
  "nvals": 24833240,
  "density": 0.062434684850805965,
  "avg_per_cell": 20311.34735558604,
  "avg_per_gene": 2198.2209722382595,
  "min_cell": 2404,
  "max_cell": 73862,
  "total_counts": 133262750,
  "overdispersion": 0.37430741109359933
}
