{
	"numRecords": 47672250,
	"numReads": 154640474,
	"numBarcodes": 707128,
	"medianReadsPerBarcode": 2.000000,
	"meanReadsPerBarcode": 218.688093,
	"numUMIs": 1048544,
	"numBarcodeUMIs": 19847226,
	"medianUMIsPerBarcode": 1.000000,
	"meanUMIsPerBarcode": 28.067374,
	"gtRecords": 20328614,
	"numTargets": 163106,
	"medianTargetsPerSet": 4.000000,
	"meanTargetsPerSet": 5.261498,
	"numSingleton": 24714017,
	"gtTargets": 8108,
	"numBarcodesOnWhitelist": 163627,
	"percentageBarcodesOnWhitelist": 23.139658,
	"numReadsOnWhitelist": 149412683,
	"percentageReadsOnWhitelist": 96.619390
}
