{"ncells": 3562, "ngenes": 60623, "nvals": 382216, "density": 0.0017700173520198465, "avg_counts_per_cell": 201.8641212801797, "avg_counts_per_gene": 11.860844893852168, "avg_nnzero_per_cell": 107.30376193149915, "avg_nnzero_per_gene": 6.304801807894694, "min_cell": 106, "max_cell": 1665, "total_counts": 719040, "overdispersion": 3.643818428929104, "s_index": 343}