{
  "ncells": 155000,
  "ngenes": 63140,
  "nvals": 3329013,
  "density": 0.00034015684551483137,
  "avg_counts_per_cell": 48.781948387096776,
  "avg_counts_per_gene": 119.75296167247387,
  "avg_nnzero_per_cell": 21.47750322580645,
  "avg_nnzero_per_gene": 52.72431105479886,
  "min_cell": 0,
  "max_cell": 30299,
  "total_counts": 7561202,
  "overdispersion": 79.68745692878845,
  "s_index": 1420
}
