{
  "ncells": 2362,
  "ngenes": 63140,
  "nvals": 2406825,
  "density": 0.0161383839307674,
  "avg_counts_per_cell": 2648.4762912785773,
  "avg_counts_per_gene": 99.07667089008552,
  "avg_nnzero_per_cell": 1018.9775613886537,
  "avg_nnzero_per_gene": 38.1188628444726,
  "min_cell": 4,
  "max_cell": 30299,
  "total_counts": 6255701,
  "overdispersion": 1.5701022013013253,
  "s_index": 1420
}
