{
  "ncells": 5549,
  "ngenes": 63140,
  "nvals": 9762601,
  "density": 0.027864178114717655,
  "avg_counts_per_cell": 6420.856550729861,
  "avg_counts_per_gene": 564.2909882800127,
  "avg_nnzero_per_cell": 1759.3442061632727,
  "avg_nnzero_per_gene": 154.61832435856826,
  "min_cell": 300,
  "max_cell": 63054,
  "total_counts": 35629333,
  "overdispersion": 14.5134475813823,
  "s_index": 3454
}
