{
  "ncells": 421086,
  "ngenes": 63140,
  "nvals": 12907369,
  "density": 0.0004854699423290533,
  "avg_counts_per_cell": 93.22484718086092,
  "avg_counts_per_gene": 621.7243902439025,
  "avg_nnzero_per_cell": 30.652572158656426,
  "avg_nnzero_per_gene": 204.42459613557173,
  "min_cell": 0,
  "max_cell": 63054,
  "total_counts": 39255678,
  "overdispersion": 921.8173876834584,
  "s_index": 3454
}
