{
  "ncells": 3480,
  "ngenes": 60623,
  "nvals": 4148881,
  "density": 0.019665921909309107,
  "avg_per_cell": 3492.2540229885058,
  "avg_per_gene": 200.46919486003662,
  "min_cell": 358,
  "max_cell": 23241,
  "total_counts": 12153044,
  "overdispersion": 0.20062467631891856
}
