{"ncells": 7172, "ngenes": 60623, "nvals": 4293565, "density": 0.009875073505912152, "avg_counts_per_cell": 1719.6392916899051, "avg_counts_per_gene": 203.4418125134025, "avg_nnzero_per_cell": 598.6565811489124, "avg_nnzero_per_gene": 70.82402718440196, "min_cell": 29, "max_cell": 23241, "total_counts": 12333253, "overdispersion": 1.4387085150737142, "s_index": 2673}