{
	"numRecords": 57974891,
	"numReads": 123271925,
	"numBarcodes": 1827114,
	"medianReadsPerBarcode": 2.000000,
	"meanReadsPerBarcode": 67.468108,
	"numUMIs": 1048576,
	"numBarcodeUMIs": 52517367,
	"medianUMIsPerBarcode": 1.000000,
	"meanUMIsPerBarcode": 28.743344,
	"gtRecords": 19142427,
	"numBarcodesOnWhitelist": 26026,
	"percentageBarcodesOnWhitelist": 1.424432,
	"numReadsOnWhitelist": 1858799,
	"percentageReadsOnWhitelist": 1.507885
}
