{
  "ncells": 40,
  "ngenes": 60623,
  "nvals": 43198,
  "density": 0.01781419593223694,
  "avg_per_cell": 13457.65,
  "avg_per_gene": 8.879567160978507,
  "min_cell": 913,
  "max_cell": 76211,
  "total_counts": 538306,
  "overdispersion": 1.2479155863426115
}
