{"ncells": 196, "ngenes": 60623, "nvals": 56113, "density": 0.004722478536636765, "avg_per_cell": 3058.0, "avg_per_gene": 9.886808636985963, "min_cell": 264, "max_cell": 76211, "total_count": 599368, "overdispersion": 7.780843801470211, "s_index": 196}