{
  "ncells": 7302,
  "ngenes": 60623,
  "nvals": 15667993,
  "density": 0.03539436425957729,
  "avg_per_cell": 6998.325253355245,
  "avg_per_gene": 842.943618758557,
  "min_cell": 208,
  "max_cell": 39833,
  "total_counts": 51101771,
  "overdispersion": 0.6478209042989214
}
