{"ncells": 7288, "ngenes": 60623, "nvals": 15666110, "density": 0.03545809371637378, "avg_per_cell": 7011.367590559825, "avg_per_gene": 842.895386239546, "min_cell": 212, "max_cell": 39833, "total_count": 51098847, "overdispersion": 0.6448311167782632, "s_index": 4523}