{
  "ncells": 42,
  "ngenes": 63140,
  "nvals": 69040,
  "density": 0.02603436052913405,
  "avg_counts_per_cell": 9958.904761904761,
  "avg_counts_per_gene": 6.6245486221095975,
  "avg_nnzero_per_cell": 1643.8095238095239,
  "avg_nnzero_per_gene": 1.09344314222363,
  "min_cell": 572,
  "max_cell": 118032,
  "total_counts": 418274,
  "overdispersion": 5.502522068859076,
  "s_index": 42
}
