{
  "ncells": 24490,
  "ngenes": 63140,
  "nvals": 151687,
  "density": 0.00009809683588926486,
  "avg_counts_per_cell": 22.247815434871377,
  "avg_counts_per_gene": 8.629220779220779,
  "avg_nnzero_per_cell": 6.193834218048183,
  "avg_nnzero_per_gene": 2.4023915109280964,
  "min_cell": 0,
  "max_cell": 118032,
  "total_counts": 544849,
  "overdispersion": 1079.249930806171,
  "s_index": 163
}
