{
  "ncells": 326942,
  "ngenes": 63140,
  "nvals": 15555858,
  "density": 0.0007535614576454669,
  "avg_counts_per_cell": 118.4538847869041,
  "avg_counts_per_gene": 613.3599936648717,
  "avg_nnzero_per_cell": 47.579870435734776,
  "avg_nnzero_per_gene": 246.37089008552422,
  "min_cell": 0,
  "max_cell": 44236,
  "total_counts": 38727550,
  "overdispersion": 72.25193216018774,
  "s_index": 4121
}
