{
  "ncells": 5820,
  "ngenes": 63140,
  "nvals": 12310870,
  "density": 0.03350126321587222,
  "avg_counts_per_cell": 6005.39587628866,
  "avg_counts_per_gene": 553.554070319924,
  "avg_nnzero_per_cell": 2115.269759450172,
  "avg_nnzero_per_gene": 194.9773519163763,
  "min_cell": 227,
  "max_cell": 44236,
  "total_counts": 34951404,
  "overdispersion": 0.6143450459428441,
  "s_index": 4121
}
