{
	"numRecords": 176206034,
	"numReads": 294827029,
	"numBarcodes": 2160032,
	"medianReadsPerBarcode": 2.000000,
	"meanReadsPerBarcode": 136.491973,
	"numUMIs": 1048576,
	"numBarcodeUMIs": 121015874,
	"medianUMIsPerBarcode": 1.000000,
	"meanUMIsPerBarcode": 56.025038,
	"gtRecords": 86142204,
	"numTargets": 194529,
	"medianTargetsPerSet": 4.000000,
	"meanTargetsPerSet": 4.385540,
	"numSingleton": 58953308,
	"gtTargets": 5271,
	"numBarcodesOnWhitelist": 499610,
	"percentageBarcodesOnWhitelist": 23.129750,
	"numReadsOnWhitelist": 284175545,
	"percentageReadsOnWhitelist": 96.387209
}
