{"ncells": 8296, "ngenes": 60623, "nvals": 25277483, "density": 0.05026059892007532, "avg_counts_per_cell": 10625.72480713597, "avg_counts_per_gene": 1454.0852976593042, "avg_nnzero_per_cell": 3046.948288331726, "avg_nnzero_per_gene": 416.96192864094485, "min_cell": 1091, "max_cell": 162529, "total_counts": 88151013, "overdispersion": 0.788217233252473, "s_index": 5858}