{
  "ncells": 9728,
  "ngenes": 63140,
  "nvals": 6767598,
  "density": 0.011018092495998867,
  "avg_counts_per_cell": 2591.7590460526317,
  "avg_counts_per_gene": 399.31314539119415,
  "avg_nnzero_per_cell": 695.6823601973684,
  "avg_nnzero_per_gene": 107.18400380107697,
  "min_cell": 0,
  "max_cell": 31047,
  "total_counts": 25212632,
  "overdispersion": 3.00331823873674,
  "s_index": 2535
}
