{
  "ncells": 336287,
  "ngenes": 63140,
  "nvals": 8237571,
  "density": 0.00038795782362162617,
  "avg_counts_per_cell": 82.96441432466911,
  "avg_counts_per_gene": 441.87288565093445,
  "avg_nnzero_per_cell": 24.495656983469477,
  "avg_nnzero_per_gene": 130.4651726322458,
  "min_cell": 0,
  "max_cell": 31047,
  "total_counts": 27899854,
  "overdispersion": 68.92526742066572,
  "s_index": 2535
}
