{
	"numRecords": 130795637,
	"numReads": 265825088,
	"numBarcodes": 1364894,
	"medianReadsPerBarcode": 3.000000,
	"meanReadsPerBarcode": 194.758778,
	"numUMIs": 1048576,
	"numBarcodeUMIs": 80258965,
	"medianUMIsPerBarcode": 1.000000,
	"meanUMIsPerBarcode": 58.802343,
	"gtRecords": 57345607,
	"numTargets": 185424,
	"medianTargetsPerSet": 4.000000,
	"meanTargetsPerSet": 5.039067,
	"numSingleton": 61569485,
	"gtTargets": 6052,
	"numBarcodesOnWhitelist": 468379,
	"percentageBarcodesOnWhitelist": 34.316145,
	"numReadsOnWhitelist": 256636172,
	"percentageReadsOnWhitelist": 96.543247
}
