{"ncells": 8094, "ngenes": 60623, "nvals": 14819582, "density": 0.030201974041213227, "avg_counts_per_cell": 6970.714850506548, "avg_counts_per_gene": 930.6858123154578, "avg_nnzero_per_cell": 1830.9342723004695, "avg_nnzero_per_gene": 244.45477788957987, "min_cell": 134, "max_cell": 62110, "total_counts": 56420966, "overdispersion": 2.928319378710266, "s_index": 4327}