{
  "ncells": 552576,
  "ngenes": 63140,
  "nvals": 21619885,
  "density": 0.0006196647384752798,
  "avg_counts_per_cell": 120.30007094046792,
  "avg_counts_per_gene": 1052.818055115616,
  "avg_nnzero_per_cell": 39.12563158732917,
  "avg_nnzero_per_gene": 342.4118625277162,
  "min_cell": 0,
  "max_cell": 36927,
  "total_counts": 66474932,
  "overdispersion": 91.73837625232927,
  "s_index": 5629
}
