{
  "ncells": 6845,
  "ngenes": 63140,
  "nvals": 17841821,
  "density": 0.04128203977248143,
  "avg_counts_per_cell": 9093.619868517166,
  "avg_counts_per_gene": 985.8382641748495,
  "avg_nnzero_per_cell": 2606.5479912344776,
  "avg_nnzero_per_gene": 282.5755622426354,
  "min_cell": 190,
  "max_cell": 36927,
  "total_counts": 62245828,
  "overdispersion": 0.3046840201491229,
  "s_index": 5629
}
