{
  "ncells": 369418,
  "ngenes": 63140,
  "nvals": 9796127,
  "density": 0.0004199830629148783,
  "avg_counts_per_cell": 91.95822888976714,
  "avg_counts_per_gene": 538.0270034843205,
  "avg_nnzero_per_cell": 26.517730592445414,
  "avg_nnzero_per_gene": 155.1493031358885,
  "min_cell": 0,
  "max_cell": 92466,
  "total_counts": 33971025,
  "overdispersion": 499.0926096247494,
  "s_index": 3134
}
