{
  "ncells": 4555,
  "ngenes": 63140,
  "nvals": 8246133,
  "density": 0.02867195961651264,
  "avg_counts_per_cell": 7062.315916575192,
  "avg_counts_per_gene": 509.4844630978777,
  "avg_nnzero_per_cell": 1810.347530186608,
  "avg_nnzero_per_gene": 130.60077605321507,
  "min_cell": 220,
  "max_cell": 92466,
  "total_counts": 32168849,
  "overdispersion": 5.520418485458673,
  "s_index": 3134
}
