{
  "ncells": 2006,
  "ngenes": 60623,
  "nvals": 3667573,
  "density": 0.03015854700714839,
  "avg_per_cell": 7017.333000997009,
  "avg_per_gene": 232.20180459561553,
  "min_cell": 1139,
  "max_cell": 140197,
  "total_counts": 14076770,
  "overdispersion": 5.442121693797073
}
