{"ncells": 8527, "ngenes": 60623, "nvals": 4360042, "density": 0.008434454227132761, "avg_counts_per_cell": 1825.9536765568196, "avg_counts_per_gene": 256.8316810451479, "avg_nnzero_per_cell": 511.32191861146947, "avg_nnzero_per_gene": 71.92059119476106, "min_cell": 84, "max_cell": 140197, "total_counts": 15569907, "overdispersion": 23.365430793395888, "s_index": 1841}