{"ncells": 8527, "ngenes": 60623, "nvals": 4360042, "density": 0.008434454227132761, "avg_per_cell": 1825.9536765568196, "avg_per_gene": 256.8316810451479, "min_cell": 84, "max_cell": 140197, "total_count": 15569907, "overdispersion": 23.365430793395888, "s_index": 1841}