{
  "ncells": 567538,
  "ngenes": 63140,
  "nvals": 5200177,
  "density": 0.00014511710408252504,
  "avg_counts_per_cell": 13.338768505368803,
  "avg_counts_per_gene": 119.89638897687678,
  "avg_nnzero_per_cell": 9.162693951770631,
  "avg_nnzero_per_gene": 82.35947101678809,
  "min_cell": 0,
  "max_cell": 7789,
  "total_counts": 7570258,
  "overdispersion": 64.88096798336537,
  "s_index": 1044
}
