{
  "ncells": 9829,
  "ngenes": 63140,
  "nvals": 3587290,
  "density": 0.005780329217197221,
  "avg_counts_per_cell": 577.0280801709227,
  "avg_counts_per_gene": 89.82592651251188,
  "avg_nnzero_per_cell": 364.96998677383255,
  "avg_nnzero_per_gene": 56.81485587583148,
  "min_cell": 87,
  "max_cell": 7818,
  "total_counts": 5671609,
  "overdispersion": 0.7910061105219877,
  "s_index": 1044
}
