{
	"numRecords": 69478177,
	"numReads": 130626252,
	"numBarcodes": 1111415,
	"medianReadsPerBarcode": 2.000000,
	"meanReadsPerBarcode": 117.531482,
	"numUMIs": 1048576,
	"numBarcodeUMIs": 53229709,
	"medianUMIsPerBarcode": 1.000000,
	"meanUMIsPerBarcode": 47.893639,
	"gtRecords": 28951155,
	"numBarcodesOnWhitelist": 340645,
	"percentageBarcodesOnWhitelist": 30.649667,
	"numReadsOnWhitelist": 127376946,
	"percentageReadsOnWhitelist": 97.512517
}
