{"ncells": 4064, "ngenes": 60623, "nvals": 8061109, "density": 0.03271927486917013, "avg_counts_per_cell": 4690.812746062992, "avg_counts_per_gene": 314.45924814014484, "avg_nnzero_per_cell": 1983.5406003937007, "avg_nnzero_per_gene": 132.9711330683074, "min_cell": 136, "max_cell": 23103, "total_counts": 19063463, "overdispersion": 0.4726751691173161, "s_index": 3137}