{
  "ncells": 7596,
  "ngenes": 63140,
  "nvals": 11193316,
  "density": 0.02333830068774006,
  "avg_counts_per_cell": 4457.6479726171665,
  "avg_counts_per_gene": 536.2732657586316,
  "avg_nnzero_per_cell": 1473.5803054239072,
  "avg_nnzero_per_gene": 177.2777320240735,
  "min_cell": 0,
  "max_cell": 31470,
  "total_counts": 33860294,
  "overdispersion": 1.0178571255849638,
  "s_index": 4144
}
