{
  "ncells": 366812,
  "ngenes": 63140,
  "nvals": 12151401,
  "density": 0.0005246603450395225,
  "avg_counts_per_cell": 95.3454821543461,
  "avg_counts_per_gene": 553.9098352866646,
  "avg_nnzero_per_cell": 33.12705418579545,
  "avg_nnzero_per_gene": 192.45171048463732,
  "min_cell": 0,
  "max_cell": 31470,
  "total_counts": 34973867,
  "overdispersion": 87.36842698210548,
  "s_index": 4144
}
