{
  "ncells": 340677,
  "ngenes": 63140,
  "nvals": 12663937,
  "density": 0.000588737025872208,
  "avg_counts_per_cell": 108.2944137702281,
  "avg_counts_per_gene": 584.3113082039911,
  "avg_nnzero_per_cell": 37.17285581357121,
  "avg_nnzero_per_gene": 200.5691637630662,
  "min_cell": 0,
  "max_cell": 63807,
  "total_counts": 36893416,
  "overdispersion": 869.949318336745,
  "s_index": 2766
}
