{
  "ncells": 5431,
  "ngenes": 63140,
  "nvals": 8436368,
  "density": 0.024602040853820385,
  "avg_counts_per_cell": 5716.528631927822,
  "avg_counts_per_gene": 491.7083782071587,
  "avg_nnzero_per_cell": 1553.372859510219,
  "avg_nnzero_per_gene": 133.6136838770985,
  "min_cell": 0,
  "max_cell": 63807,
  "total_counts": 31046467,
  "overdispersion": 20.728239720867197,
  "s_index": 2766
}
