{
	"numRecords": 68648369,
	"numReads": 93835062,
	"numBarcodes": 1275779,
	"medianReadsPerBarcode": 1.000000,
	"meanReadsPerBarcode": 73.551189,
	"numUMIs": 1048576,
	"numBarcodeUMIs": 54625095,
	"medianUMIsPerBarcode": 1.000000,
	"meanUMIsPerBarcode": 42.817051,
	"gtRecords": 44353587,
	"numTargets": 167582,
	"medianTargetsPerSet": 4.000000,
	"meanTargetsPerSet": 5.139161,
	"numSingleton": 15268097,
	"gtTargets": 6932,
	"numBarcodesOnWhitelist": 306550,
	"percentageBarcodesOnWhitelist": 24.028456,
	"numReadsOnWhitelist": 88518265,
	"percentageReadsOnWhitelist": 94.333891
}
