{
  "ncells": 1829,
  "ngenes": 60623,
  "nvals": 1150845,
  "density": 0.010379243615952808,
  "avg_per_cell": 1304.063969382176,
  "avg_per_gene": 39.34369793642677,
  "min_cell": 203,
  "max_cell": 21862,
  "total_counts": 2385133,
  "overdispersion": 0.7745833325087541
}
