{"ncells": 471, "ngenes": 60623, "nvals": 629368, "density": 0.022041762894150066, "avg_per_cell": 3290.4012738853503, "avg_per_gene": 25.564208303779093, "min_cell": 1382, "max_cell": 21862, "total_count": 1549779, "overdispersion": 0.38810731672229304, "s_index": 471}