{
  "ncells": 2920,
  "ngenes": 63140,
  "nvals": 204645,
  "density": 0.0011099763083558607,
  "avg_counts_per_cell": 193.8609589041096,
  "avg_counts_per_gene": 8.96537852391511,
  "avg_nnzero_per_cell": 70.08390410958904,
  "avg_nnzero_per_gene": 3.241130820399113,
  "min_cell": 21,
  "max_cell": 2793,
  "total_counts": 566074,
  "overdispersion": 3.719232064656623,
  "s_index": 419
}
