{
  "ncells": 231248,
  "ngenes": 63140,
  "nvals": 1197837,
  "density": 0.00008203801828701208,
  "avg_counts_per_cell": 7.851635473604096,
  "avg_counts_per_gene": 28.75633512828635,
  "avg_nnzero_per_cell": 5.1798804746419425,
  "avg_nnzero_per_gene": 18.97112765283497,
  "min_cell": 0,
  "max_cell": 2793,
  "total_counts": 1815675,
  "overdispersion": 142.5877255833553,
  "s_index": 419
}
