{
  "ncells": 6637,
  "ngenes": 63140,
  "nvals": 2687875,
  "density": 0.006414054897795347,
  "avg_counts_per_cell": 661.3115865601928,
  "avg_counts_per_gene": 69.51417484954071,
  "avg_nnzero_per_cell": 404.9834262467983,
  "avg_nnzero_per_gene": 42.570082356667726,
  "min_cell": 61,
  "max_cell": 9951,
  "total_counts": 4389125,
  "overdispersion": 0.31102262203117115,
  "s_index": 996
}
