{
  "ncells": 251016,
  "ngenes": 63140,
  "nvals": 3056073,
  "density": 0.00019282251437601364,
  "avg_counts_per_cell": 19.01160085412882,
  "avg_counts_per_gene": 75.58150142540387,
  "avg_nnzero_per_cell": 12.174813557701501,
  "avg_nnzero_per_gene": 48.40153626860944,
  "min_cell": 0,
  "max_cell": 9951,
  "total_counts": 4772216,
  "overdispersion": 41.941698104712096,
  "s_index": 996
}
