{
  "ncells": 10214,
  "ngenes": 60623,
  "nvals": 1067789,
  "density": 0.001724456187591319,
  "avg_per_cell": 146.28030154689642,
  "avg_per_gene": 24.64587697738482,
  "min_cell": 1,
  "max_cell": 1517,
  "total_counts": 1494107,
  "overdispersion": 4.34727259606128
}
