{"ncells": 4162, "ngenes": 60623, "nvals": 3307678, "density": 0.013109427457553245, "avg_counts_per_cell": 2446.114848630466, "avg_counts_per_gene": 167.93510713755506, "avg_nnzero_per_cell": 794.7328207592503, "avg_nnzero_per_gene": 54.5614370783366, "min_cell": 465, "max_cell": 18811, "total_counts": 10180730, "overdispersion": 2.622451083316731, "s_index": 2067}