{
	"numRecords": 5445791,
	"numReads": 9180672,
	"numBarcodes": 1086644,
	"medianReadsPerBarcode": 1.000000,
	"meanReadsPerBarcode": 8.448647,
	"numUMIs": 1015986,
	"numBarcodeUMIs": 5007648,
	"medianUMIsPerBarcode": 1.000000,
	"meanUMIsPerBarcode": 4.608361,
	"gtRecords": 3136913,
	"numBarcodesOnWhitelist": 170502,
	"percentageBarcodesOnWhitelist": 15.690695,
	"numReadsOnWhitelist": 5917360,
	"percentageReadsOnWhitelist": 64.454541
}
