{
	"numRecords": 4952002,
	"numReads": 5643284,
	"numBarcodes": 137520,
	"medianReadsPerBarcode": 1.000000,
	"meanReadsPerBarcode": 41.036097,
	"numUMIs": 1023179,
	"numBarcodeUMIs": 4764038,
	"medianUMIsPerBarcode": 1.000000,
	"meanUMIsPerBarcode": 34.642510,
	"gtRecords": 3869898,
	"numTargets": 125497,
	"medianTargetsPerSet": 4.000000,
	"meanTargetsPerSet": 4.992736,
	"numSingleton": 932370,
	"gtTargets": 14109,
	"numBarcodesOnWhitelist": 66955,
	"percentageBarcodesOnWhitelist": 48.687464,
	"numReadsOnWhitelist": 5526476,
	"percentageReadsOnWhitelist": 97.930141
}
