{"ncells": 4916, "ngenes": 60623, "nvals": 1989523, "density": 0.006675743873281478, "avg_counts_per_cell": 779.3852725793328, "avg_counts_per_gene": 63.20139221087706, "avg_nnzero_per_cell": 404.703620829943, "avg_nnzero_per_gene": 32.81795688105175, "min_cell": 6, "max_cell": 5354, "total_counts": 3831458, "overdispersion": 0.847303235974644, "s_index": 1270}