{
	"numRecords": 168142453,
	"numReads": 335614222,
	"numBarcodes": 3374706,
	"medianReadsPerBarcode": 2.000000,
	"meanReadsPerBarcode": 99.449914,
	"numUMIs": 1048576,
	"numBarcodeUMIs": 134017172,
	"medianUMIsPerBarcode": 1.000000,
	"meanUMIsPerBarcode": 39.712251,
	"gtRecords": 63264051,
	"numTargets": 202528,
	"medianTargetsPerSet": 3.000000,
	"meanTargetsPerSet": 3.935593,
	"numSingleton": 113163225,
	"gtTargets": 4202,
	"numBarcodesOnWhitelist": 20597,
	"percentageBarcodesOnWhitelist": 0.610335,
	"numReadsOnWhitelist": 4530354,
	"percentageReadsOnWhitelist": 1.349869
}
