{"ncells": 151, "ngenes": 60623, "nvals": 341578, "density": 0.03731431899221254, "avg_counts_per_cell": 9309.092715231787, "avg_counts_per_gene": 23.18712369892615, "avg_nnzero_per_cell": 2262.1059602649007, "avg_nnzero_per_gene": 5.634462167824093, "min_cell": 651, "max_cell": 68143, "total_counts": 1405673, "overdispersion": 11.521081392392151, "s_index": 151}