{
  "ncells": 115852,
  "ngenes": 60623,
  "nvals": 10152959,
  "density": 0.0014456117604761069,
  "avg_per_cell": 273.54878638262613,
  "avg_per_gene": 522.7582600663114,
  "min_cell": 12,
  "max_cell": 63436,
  "total_counts": 31691174,
  "overdispersion": 86.6996100224768
}
