{"ncells": 7230, "ngenes": 60623, "nvals": 6833716, "density": 0.015591259670308041, "avg_per_cell": 3773.9914246196404, "avg_per_gene": 450.0925061445326, "min_cell": 170, "max_cell": 63436, "total_count": 27285958, "overdispersion": 6.675456313992092, "s_index": 3142}