{
	"numRecords": 189721695,
	"numReads": 284462097,
	"numBarcodes": 2147044,
	"medianReadsPerBarcode": 2.000000,
	"meanReadsPerBarcode": 132.490111,
	"numUMIs": 1048576,
	"numBarcodeUMIs": 130790013,
	"medianUMIsPerBarcode": 1.000000,
	"meanUMIsPerBarcode": 60.916317,
	"gtRecords": 105479235,
	"numBarcodesOnWhitelist": 566995,
	"percentageBarcodesOnWhitelist": 26.408169,
	"numReadsOnWhitelist": 271744909,
	"percentageReadsOnWhitelist": 95.529391
}
