{"ncells": 6684, "ngenes": 60623, "nvals": 16135583, "density": 0.03982087477824634, "avg_counts_per_cell": 12591.689108318373, "avg_counts_per_gene": 1388.298995430777, "avg_nnzero_per_cell": 2414.0608916816277, "avg_nnzero_per_gene": 266.16272701779855, "min_cell": 343, "max_cell": 89165, "total_counts": 84162850, "overdispersion": 3.2811364967765644, "s_index": 4349}