{
  "ncells": 223073,
  "ngenes": 63140,
  "nvals": 6575962,
  "density": 0.0004668826222374317,
  "avg_counts_per_cell": 88.03675478430827,
  "avg_counts_per_gene": 311.03299018055117,
  "avg_nnzero_per_cell": 29.47896876807144,
  "avg_nnzero_per_gene": 104.14890719037061,
  "min_cell": 0,
  "max_cell": 202770,
  "total_counts": 19638623,
  "overdispersion": 939.1708023872841,
  "s_index": 1850
}
