{
  "ncells": 2119,
  "ngenes": 63140,
  "nvals": 3577055,
  "density": 0.026735609146203192,
  "avg_counts_per_cell": 7280.802265219443,
  "avg_counts_per_gene": 244.3462147608489,
  "avg_nnzero_per_cell": 1688.0863614912694,
  "avg_nnzero_per_gene": 56.65275578080456,
  "min_cell": 647,
  "max_cell": 202770,
  "total_counts": 15428020,
  "overdispersion": 11.35383636272504,
  "s_index": 1848
}
