{"ncells": 12723, "ngenes": 60623, "nvals": 15944087, "density": 0.0206715339073104, "avg_counts_per_cell": 3683.616285467264, "avg_counts_per_gene": 773.0836481203504, "avg_nnzero_per_cell": 1253.1704000628783, "avg_nnzero_per_gene": 263.0039259027102, "min_cell": 119, "max_cell": 87028, "total_counts": 46866650, "overdispersion": 1.0454361695716614, "s_index": 4010}