{
	"numRecords": 34124797,
	"numReads": 59887628,
	"numBarcodes": 487597,
	"medianReadsPerBarcode": 2.000000,
	"meanReadsPerBarcode": 122.821978,
	"numUMIs": 1048576,
	"numBarcodeUMIs": 24428152,
	"medianUMIsPerBarcode": 1.000000,
	"meanUMIsPerBarcode": 50.099061,
	"gtRecords": 17833195,
	"numBarcodesOnWhitelist": 243772,
	"percentageBarcodesOnWhitelist": 49.994565,
	"numReadsOnWhitelist": 58213390,
	"percentageReadsOnWhitelist": 97.204367
}
