{
  "ncells": 167257,
  "ngenes": 63140,
  "nvals": 2311159,
  "density": 0.00021884717463465343,
  "avg_counts_per_cell": 27.29264544981675,
  "avg_counts_per_gene": 72.29784605638264,
  "avg_nnzero_per_cell": 13.818010606432019,
  "avg_nnzero_per_gene": 36.60372188786823,
  "min_cell": 0,
  "max_cell": 27851,
  "total_counts": 4564886,
  "overdispersion": 182.61555159832642,
  "s_index": 1030
}
