{
  "ncells": 1200,
  "ngenes": 63140,
  "nvals": 1443733,
  "density": 0.01905465367965368,
  "avg_counts_per_cell": 3055.1575,
  "avg_counts_per_gene": 58.06444409249287,
  "avg_nnzero_per_cell": 1203.1108333333334,
  "avg_nnzero_per_gene": 22.865584415584415,
  "min_cell": 196,
  "max_cell": 27851,
  "total_counts": 3666189,
  "overdispersion": 0.46150614170186127,
  "s_index": 1029
}
