{
  "ncells": 336670,
  "ngenes": 63140,
  "nvals": 6394933,
  "density": 0.0003008340581103082,
  "avg_counts_per_cell": 39.716538450114356,
  "avg_counts_per_gene": 211.77331327209376,
  "avg_nnzero_per_cell": 18.994662429084862,
  "avg_nnzero_per_gene": 101.28180234399747,
  "min_cell": 0,
  "max_cell": 21934,
  "total_counts": 13371367,
  "overdispersion": 184.85459857104206,
  "s_index": 2264
}
