{
  "ncells": 2758,
  "ngenes": 63140,
  "nvals": 5464516,
  "density": 0.03137999445504,
  "avg_counts_per_cell": 4480.265772298767,
  "avg_counts_per_gene": 195.7011878365537,
  "avg_nnzero_per_cell": 1981.3328498912256,
  "avg_nnzero_per_gene": 86.54602470700031,
  "min_cell": 201,
  "max_cell": 21934,
  "total_counts": 12356573,
  "overdispersion": 0.755172461367042,
  "s_index": 2264
}
