{
  "ncells": 6109,
  "ngenes": 63140,
  "nvals": 4298022,
  "density": 0.011142789633141732,
  "avg_counts_per_cell": 1398.9641512522508,
  "avg_counts_per_gene": 135.35432372505542,
  "avg_nnzero_per_cell": 703.555737436569,
  "avg_nnzero_per_gene": 68.07130186886285,
  "min_cell": 87,
  "max_cell": 20738,
  "total_counts": 8546272,
  "overdispersion": 0.7781670332655661,
  "s_index": 1650
}
