{
  "ncells": 254512,
  "ngenes": 63140,
  "nvals": 5112422,
  "density": 0.0003181367599950767,
  "avg_counts_per_cell": 37.352918526434905,
  "avg_counts_per_gene": 150.5664554957238,
  "avg_nnzero_per_cell": 20.087155026089142,
  "avg_nnzero_per_gene": 80.96962305986696,
  "min_cell": 0,
  "max_cell": 20738,
  "total_counts": 9506766,
  "overdispersion": 60.82213104576249,
  "s_index": 1650
}
