{
	"numRecords": 58104662,
	"numReads": 111881402,
	"numBarcodes": 952786,
	"medianReadsPerBarcode": 2.000000,
	"meanReadsPerBarcode": 117.425531,
	"numUMIs": 1048576,
	"numBarcodeUMIs": 45758855,
	"medianUMIsPerBarcode": 1.000000,
	"meanUMIsPerBarcode": 48.026372,
	"gtRecords": 23548206,
	"numBarcodesOnWhitelist": 335629,
	"percentageBarcodesOnWhitelist": 35.226063,
	"numReadsOnWhitelist": 109020824,
	"percentageReadsOnWhitelist": 97.443205
}
