{
  "ncells": 7021,
  "ngenes": 60623,
  "nvals": 9784410,
  "density": 0.022987844232389632,
  "avg_per_cell": 4874.955134596212,
  "avg_per_gene": 564.5886874618544,
  "min_cell": 823,
  "max_cell": 71849,
  "total_counts": 34227060,
  "overdispersion": 1.2452612450111413
}
