{"ncells": 13067, "ngenes": 60623, "nvals": 10927333, "density": 0.01379433798524989, "avg_counts_per_cell": 2784.216576107752, "avg_counts_per_gene": 600.1246721541329, "avg_nnzero_per_cell": 836.2541516798041, "avg_nnzero_per_gene": 180.2506144532603, "min_cell": 120, "max_cell": 71849, "total_counts": 36381358, "overdispersion": 2.586725265321243, "s_index": 3282}