{"ncells": 13067, "ngenes": 60623, "nvals": 10927333, "density": 0.01379433798524989, "avg_per_cell": 2784.216576107752, "avg_per_gene": 600.1246721541329, "min_cell": 120, "max_cell": 71849, "total_count": 36381358, "overdispersion": 2.586725265321243, "s_index": 3282}