{
  "ncells": 446,
  "ngenes": 60623,
  "nvals": 1118555,
  "density": 0.04136995615555049,
  "avg_per_cell": 53805.843049327355,
  "avg_per_gene": 395.8465598865117,
  "min_cell": 12,
  "max_cell": 503913,
  "total_counts": 23997406,
  "overdispersion": 1.9329058085075561
}
