{"ncells": 501, "ngenes": 60623, "nvals": 1134911, "density": 0.037366864344649205, "avg_per_cell": 47991.45708582834, "avg_per_gene": 396.61052735760353, "min_cell": 731, "max_cell": 503797, "total_count": 24043720, "overdispersion": 2.2882929662499847, "s_index": 501}