{
  "ncells": 8692,
  "ngenes": 63140,
  "nvals": 3402649,
  "density": 0.006200016661416547,
  "avg_counts_per_cell": 557.6081454210769,
  "avg_counts_per_gene": 76.76164079822617,
  "avg_nnzero_per_cell": 391.4690520018408,
  "avg_nnzero_per_gene": 53.89054482103263,
  "min_cell": 110,
  "max_cell": 4310,
  "total_counts": 4846730,
  "overdispersion": 0.8731551088615969,
  "s_index": 1005
}
