{
  "ncells": 649135,
  "ngenes": 63140,
  "nvals": 5238589,
  "density": 0.0001278129100820724,
  "avg_counts_per_cell": 10.58046169132769,
  "avg_counts_per_gene": 108.77649667405765,
  "avg_nnzero_per_cell": 8.070107142582051,
  "avg_nnzero_per_gene": 82.96783338612607,
  "min_cell": 0,
  "max_cell": 4310,
  "total_counts": 6868148,
  "overdispersion": 84.28929691213357,
  "s_index": 1005
}
