{
  "ncells": 3247,
  "ngenes": 63140,
  "nvals": 3181894,
  "density": 0.015520254606991333,
  "avg_counts_per_cell": 3366.0511241145673,
  "avg_counts_per_gene": 173.10053848590434,
  "avg_nnzero_per_cell": 979.9488758854327,
  "avg_nnzero_per_gene": 50.39426670890086,
  "min_cell": 260,
  "max_cell": 57485,
  "total_counts": 10929568,
  "overdispersion": 0.5668207888163851,
  "s_index": 2239
}
