{
  "ncells": 329574,
  "ngenes": 63140,
  "nvals": 4355785,
  "density": 0.00020931912683304392,
  "avg_counts_per_cell": 37.48558745532111,
  "avg_counts_per_gene": 195.66479252454863,
  "avg_nnzero_per_cell": 13.216409668238393,
  "avg_nnzero_per_gene": 68.98614190687361,
  "min_cell": 0,
  "max_cell": 57485,
  "total_counts": 12354275,
  "overdispersion": 145.55324530432136,
  "s_index": 2239
}
