{
  "ncells": 5667,
  "ngenes": 63140,
  "nvals": 10220532,
  "density": 0.028563782148721916,
  "avg_counts_per_cell": 9113.907005470266,
  "avg_counts_per_gene": 817.9998574596135,
  "avg_nnzero_per_cell": 1803.5172048703018,
  "avg_nnzero_per_gene": 161.8709534368071,
  "min_cell": 0,
  "max_cell": 147359,
  "total_counts": 51648511,
  "overdispersion": 0.4362680053624595,
  "s_index": 4864
}
