{
  "ncells": 272438,
  "ngenes": 63140,
  "nvals": 10964690,
  "density": 0.0006374176672310291,
  "avg_counts_per_cell": 195.2503285151117,
  "avg_counts_per_gene": 842.4708425720621,
  "avg_nnzero_per_cell": 40.24655150896718,
  "avg_nnzero_per_gene": 173.6567944250871,
  "min_cell": 0,
  "max_cell": 147359,
  "total_counts": 53193609,
  "overdispersion": 65.36261968441428,
  "s_index": 4864
}
