{
  "ncells": 2576,
  "ngenes": 60623,
  "nvals": 1325090,
  "density": 0.008485200203313361,
  "avg_per_cell": 1207.4235248447205,
  "avg_per_gene": 51.30598947594147,
  "min_cell": 685,
  "max_cell": 3753,
  "total_counts": 3110323,
  "overdispersion": 0.12211486979144837
}
