{"ncells": 2597, "ngenes": 60623, "nvals": 1333308, "density": 0.008468785073147335, "avg_per_cell": 1203.173276857913, "avg_per_gene": 51.54217046335549, "min_cell": 679, "max_cell": 3753, "total_count": 3124641, "overdispersion": 0.12241028077504273, "s_index": 1177}