{"ncells": 2597, "ngenes": 60623, "nvals": 1333308, "density": 0.008468785073147335, "avg_counts_per_cell": 1203.173276857913, "avg_counts_per_gene": 51.54217046335549, "avg_nnzero_per_cell": 513.4031574894109, "avg_nnzero_per_gene": 21.993434834963626, "min_cell": 679, "max_cell": 3753, "total_counts": 3124641, "overdispersion": 0.12241028077504273, "s_index": 1177}