{"ncells": 3494, "ngenes": 60623, "nvals": 13030023, "density": 0.061515542381863055, "avg_per_cell": 10266.854607899257, "avg_per_gene": 591.7290467314385, "min_cell": 2695, "max_cell": 36288, "total_count": 35872390, "overdispersion": 0.4094140170630762, "s_index": 3429}