{
  "ncells": 7133,
  "ngenes": 63140,
  "nvals": 3143756,
  "density": 0.006980266914683727,
  "avg_counts_per_cell": 764.4531052852938,
  "avg_counts_per_gene": 86.3611656636047,
  "avg_nnzero_per_cell": 440.73405299313055,
  "avg_nnzero_per_gene": 49.79024390243902,
  "min_cell": 45,
  "max_cell": 16522,
  "total_counts": 5452844,
  "overdispersion": 4.478435963934162,
  "s_index": 1170
}
