{
  "ncells": 356313,
  "ngenes": 63140,
  "nvals": 4310138,
  "density": 0.0001915821003012978,
  "avg_counts_per_cell": 18.723523980320675,
  "avg_counts_per_gene": 105.66099144757682,
  "avg_nnzero_per_cell": 12.096493813023942,
  "avg_nnzero_per_gene": 68.26319290465632,
  "min_cell": 0,
  "max_cell": 16522,
  "total_counts": 6671435,
  "overdispersion": 185.27235523082808,
  "s_index": 1170
}
