{
	"numRecords": 46197396,
	"numReads": 128212945,
	"numBarcodes": 656054,
	"medianReadsPerBarcode": 5.000000,
	"meanReadsPerBarcode": 195.430475,
	"numUMIs": 1047755,
	"numBarcodeUMIs": 19096233,
	"medianUMIsPerBarcode": 1.000000,
	"meanUMIsPerBarcode": 29.107715,
	"gtRecords": 17739478,
	"numBarcodesOnWhitelist": 243134,
	"percentageBarcodesOnWhitelist": 37.060059,
	"numReadsOnWhitelist": 124520755,
	"percentageReadsOnWhitelist": 97.120267
}
