{
  "ncells": 3670,
  "ngenes": 60623,
  "nvals": 4713593,
  "density": 0.021185981651643353,
  "avg_per_cell": 3698.9117166212536,
  "avg_per_gene": 223.92501195915742,
  "min_cell": 432,
  "max_cell": 20265,
  "total_counts": 13575006,
  "overdispersion": 0.2593713519970999
}
