{"ncells": 3916, "ngenes": 60623, "nvals": 4756533, "density": 0.020035971575158226, "avg_per_cell": 3485.6491317671093, "avg_per_gene": 225.15880111508832, "min_cell": 155, "max_cell": 20265, "total_count": 13649802, "overdispersion": 0.3349968344163064, "s_index": 2792}