{"ncells": 3916, "ngenes": 60623, "nvals": 4756533, "density": 0.020035971575158226, "avg_counts_per_cell": 3485.6491317671093, "avg_counts_per_gene": 225.15880111508832, "avg_nnzero_per_cell": 1214.640704800817, "avg_nnzero_per_gene": 78.46086468831962, "min_cell": 155, "max_cell": 20265, "total_counts": 13649802, "overdispersion": 0.3349968344163064, "s_index": 2792}