{
  "ncells": 54703,
  "ngenes": 63140,
  "nvals": 454978,
  "density": 0.00013172696184240117,
  "avg_counts_per_cell": 15.590717145311958,
  "avg_counts_per_gene": 13.507427937915743,
  "avg_nnzero_per_cell": 8.31724037072921,
  "avg_nnzero_per_gene": 7.2058599936648715,
  "min_cell": 0,
  "max_cell": 1160,
  "total_counts": 852859,
  "overdispersion": 120.054438546857,
  "s_index": 351
}
