{
  "ncells": 2982,
  "ngenes": 63140,
  "nvals": 246818,
  "density": 0.0013108850548120313,
  "avg_counts_per_cell": 185.64922870556674,
  "avg_counts_per_gene": 8.767912575229648,
  "avg_nnzero_per_cell": 82.76928236083165,
  "avg_nnzero_per_gene": 3.909059233449477,
  "min_cell": 37,
  "max_cell": 1160,
  "total_counts": 553606,
  "overdispersion": 9.60321457794943,
  "s_index": 341
}
