{
  "ncells": 3645,
  "ngenes": 63140,
  "nvals": 2452080,
  "density": 0.010654486535245342,
  "avg_counts_per_cell": 1475.7336076817558,
  "avg_counts_per_gene": 85.19241368387709,
  "avg_nnzero_per_cell": 672.7242798353909,
  "avg_nnzero_per_gene": 38.83560342096928,
  "min_cell": 82,
  "max_cell": 11443,
  "total_counts": 5379049,
  "overdispersion": 1.928389764578433,
  "s_index": 1441
}
