{
  "ncells": 279768,
  "ngenes": 63140,
  "nvals": 3098700,
  "density": 0.00017541911531077466,
  "avg_counts_per_cell": 21.92281104343599,
  "avg_counts_per_gene": 97.1381216344631,
  "avg_nnzero_per_cell": 11.075962940722313,
  "avg_nnzero_per_gene": 49.07665505226481,
  "min_cell": 0,
  "max_cell": 11443,
  "total_counts": 6133301,
  "overdispersion": 184.11798832229397,
  "s_index": 1441
}
