{
	"numRecords": 90338784,
	"numReads": 148902947,
	"numBarcodes": 1463292,
	"medianReadsPerBarcode": 2.000000,
	"meanReadsPerBarcode": 101.758875,
	"numUMIs": 1048576,
	"numBarcodeUMIs": 63459192,
	"medianUMIsPerBarcode": 1.000000,
	"meanUMIsPerBarcode": 43.367415,
	"gtRecords": 45596882,
	"numTargets": 192097,
	"medianTargetsPerSet": 4.000000,
	"meanTargetsPerSet": 10.469666,
	"numSingleton": 26321912,
	"gtTargets": 7689,
	"numBarcodesOnWhitelist": 424219,
	"percentageBarcodesOnWhitelist": 28.990728,
	"numReadsOnWhitelist": 142499557,
	"percentageReadsOnWhitelist": 95.699622
}
