{
  "ncells": 2965,
  "ngenes": 60623,
  "nvals": 10879648,
  "density": 0.06052749807862092,
  "avg_per_cell": 12896.479932546374,
  "avg_per_gene": 630.7517443874438,
  "min_cell": 3997,
  "max_cell": 120661,
  "total_counts": 38238063,
  "overdispersion": 0.6004785453607008
}
