{
  "ncells": 482,
  "ngenes": 63140,
  "nvals": 930931,
  "density": 0.030589042068143373,
  "avg_counts_per_cell": 60449.55601659751,
  "avg_counts_per_gene": 461.4616091225847,
  "avg_nnzero_per_cell": 1931.3921161825726,
  "avg_nnzero_per_gene": 14.743918276845106,
  "min_cell": 1,
  "max_cell": 637533,
  "total_counts": 29136686,
  "overdispersion": 5.868271299421299,
  "s_index": 476
}
