{
  "ncells": 119138,
  "ngenes": 63140,
  "nvals": 1755637,
  "density": 0.00023338870929633682,
  "avg_counts_per_cell": 276.5877973442562,
  "avg_counts_per_gene": 521.8897212543554,
  "avg_nnzero_per_cell": 14.736163104970705,
  "avg_nnzero_per_gene": 27.805464048146973,
  "min_cell": 0,
  "max_cell": 637306,
  "total_counts": 32952117,
  "overdispersion": 1358.520895196114,
  "s_index": 663
}
