{
	"numRecords": 35502996,
	"numReads": 154675915,
	"numBarcodes": 1038984,
	"medianReadsPerBarcode": 3.000000,
	"meanReadsPerBarcode": 148.872278,
	"numUMIs": 1048564,
	"numBarcodeUMIs": 19295763,
	"medianUMIsPerBarcode": 1.000000,
	"meanUMIsPerBarcode": 18.571761,
	"gtRecords": 9633926,
	"numBarcodesOnWhitelist": 290481,
	"percentageBarcodesOnWhitelist": 27.958178,
	"numReadsOnWhitelist": 149347292,
	"percentageReadsOnWhitelist": 96.554976
}
