{
  "ncells": 8603,
  "ngenes": 60623,
  "nvals": 5523664,
  "density": 0.010591071644830146,
  "avg_per_cell": 1426.6999883761478,
  "avg_per_gene": 202.46276165811656,
  "min_cell": 100,
  "max_cell": 38512,
  "total_counts": 12273900,
  "overdispersion": 3.4884994721950098
}
