{
  "ncells": 4933,
  "ngenes": 60623,
  "nvals": 7683791,
  "density": 0.025693720997034847,
  "avg_per_cell": 3639.732617068721,
  "avg_per_gene": 296.17143658347493,
  "min_cell": 875,
  "max_cell": 20459,
  "total_counts": 17954801,
  "overdispersion": 0.46629325849614983
}
