{"ncells": 1994, "ngenes": 60623, "nvals": 4214125, "density": 0.03486140092249432, "avg_per_cell": 5381.632898696088, "avg_per_gene": 177.01162924962472, "min_cell": 3567, "max_cell": 20459, "total_count": 10730976, "overdispersion": 0.3296028049840422, "s_index": 1994}