{
	"numRecords": 159925461,
	"numReads": 288920669,
	"numBarcodes": 1578672,
	"medianReadsPerBarcode": 2.000000,
	"meanReadsPerBarcode": 183.015008,
	"numUMIs": 1048576,
	"numBarcodeUMIs": 104581133,
	"medianUMIsPerBarcode": 1.000000,
	"meanUMIsPerBarcode": 66.246271,
	"gtRecords": 73067425,
	"numTargets": 186396,
	"medianTargetsPerSet": 4.000000,
	"meanTargetsPerSet": 4.995100,
	"numSingleton": 50024882,
	"gtTargets": 7254,
	"numBarcodesOnWhitelist": 517378,
	"percentageBarcodesOnWhitelist": 32.772989,
	"numReadsOnWhitelist": 279586530,
	"percentageReadsOnWhitelist": 96.769307
}
