{
  "ncells": 8272,
  "ngenes": 60623,
  "nvals": 13906886,
  "density": 0.027732048094685196,
  "avg_per_cell": 9330.026353965184,
  "avg_per_gene": 1273.0808109133498,
  "min_cell": 113,
  "max_cell": 95532,
  "total_counts": 77177978,
  "overdispersion": 3.1434220481429054
}
