{"ncells": 8272, "ngenes": 60623, "nvals": 13906886, "density": 0.027732048094685196, "avg_counts_per_cell": 9330.026353965184, "avg_counts_per_gene": 1273.0808109133498, "avg_nnzero_per_cell": 1681.1999516441006, "avg_nnzero_per_gene": 229.39950183923594, "min_cell": 113, "max_cell": 95532, "total_counts": 77177978, "overdispersion": 3.1434220481429054, "s_index": 3217}