{
  "ncells": 2593,
  "ngenes": 63140,
  "nvals": 8045646,
  "density": 0.04914211295462883,
  "avg_counts_per_cell": 16087.743925954494,
  "avg_counts_per_gene": 660.6829268292682,
  "avg_nnzero_per_cell": 3102.8330119552643,
  "avg_nnzero_per_gene": 127.42549889135255,
  "min_cell": 434,
  "max_cell": 95760,
  "total_counts": 41715520,
  "overdispersion": 5.513187363379146,
  "s_index": 2286
}
