{
  "ncells": 436151,
  "ngenes": 63140,
  "nvals": 11855390,
  "density": 0.0004305012285577978,
  "avg_counts_per_cell": 105.59955611703286,
  "avg_counts_per_gene": 729.4480836236934,
  "avg_nnzero_per_cell": 27.181847571139354,
  "avg_nnzero_per_gene": 187.76354133671208,
  "min_cell": 0,
  "max_cell": 95760,
  "total_counts": 46057352,
  "overdispersion": 902.8012777861269,
  "s_index": 2286
}
