{
	"numRecords": 25617441,
	"numReads": 284072289,
	"numBarcodes": 1590225,
	"medianReadsPerBarcode": 1.000000,
	"meanReadsPerBarcode": 178.636538,
	"numUMIs": 1045008,
	"numBarcodeUMIs": 11714666,
	"medianUMIsPerBarcode": 1.000000,
	"meanUMIsPerBarcode": 7.366672,
	"gtRecords": 12388825,
	"numTargets": 149009,
	"medianTargetsPerSet": 4.000000,
	"meanTargetsPerSet": 5.210671,
	"numSingleton": 44717097,
	"gtTargets": 8935,
	"numBarcodesOnWhitelist": 243720,
	"percentageBarcodesOnWhitelist": 15.326133,
	"numReadsOnWhitelist": 274351223,
	"percentageReadsOnWhitelist": 96.577960
}
