{"ncells": 5224, "ngenes": 60623, "nvals": 922407, "density": 0.002912607729355572, "avg_counts_per_cell": 482.84820061255743, "avg_counts_per_gene": 41.607954076835526, "avg_nnzero_per_cell": 176.5710183767228, "avg_nnzero_per_gene": 15.215462778153507, "min_cell": 76, "max_cell": 40865, "total_counts": 2522399, "overdispersion": 13.224140471572985, "s_index": 479}