{
	"numRecords": 139540523,
	"numReads": 293790673,
	"numBarcodes": 2845430,
	"medianReadsPerBarcode": 3.000000,
	"meanReadsPerBarcode": 103.250009,
	"numUMIs": 1048576,
	"numBarcodeUMIs": 88728260,
	"medianUMIsPerBarcode": 1.000000,
	"meanUMIsPerBarcode": 31.182725,
	"gtRecords": 54382783,
	"numTargets": 195629,
	"medianTargetsPerSet": 4.000000,
	"meanTargetsPerSet": 4.963061,
	"numSingleton": 72631725,
	"gtTargets": 4109,
	"numBarcodesOnWhitelist": 378623,
	"percentageBarcodesOnWhitelist": 13.306354,
	"numReadsOnWhitelist": 266153700,
	"percentageReadsOnWhitelist": 90.592971
}
