{
  "ncells": 5348,
  "ngenes": 63140,
  "nvals": 16614851,
  "density": 0.049204007359552174,
  "avg_counts_per_cell": 17745.293754674643,
  "avg_counts_per_gene": 1503.038184985746,
  "avg_nnzero_per_cell": 3106.741024682124,
  "avg_nnzero_per_gene": 263.143031358885,
  "min_cell": 388,
  "max_cell": 77710,
  "total_counts": 94901831,
  "overdispersion": 2.6438084052480644,
  "s_index": 4142
}
