{
  "ncells": 585529,
  "ngenes": 63140,
  "nvals": 22215352,
  "density": 0.0006008972435454655,
  "avg_counts_per_cell": 173.99869348913546,
  "avg_counts_per_gene": 1613.5774627811213,
  "avg_nnzero_per_cell": 37.94065195746069,
  "avg_nnzero_per_gene": 351.8427621159328,
  "min_cell": 0,
  "max_cell": 77710,
  "total_counts": 101881281,
  "overdispersion": 307.7499701290865,
  "s_index": 4142
}
