{
  "ncells": 264709,
  "ngenes": 63140,
  "nvals": 6000277,
  "density": 0.0003590029480355986,
  "avg_counts_per_cell": 74.53950564582239,
  "avg_counts_per_gene": 312.50044345898004,
  "avg_nnzero_per_cell": 22.667446138967698,
  "avg_nnzero_per_gene": 95.03131137155528,
  "min_cell": 0,
  "max_cell": 32046,
  "total_counts": 19731278,
  "overdispersion": 69.59528009388474,
  "s_index": 3230
}
