{
  "ncells": 4623,
  "ngenes": 63140,
  "nvals": 5206864,
  "density": 0.01783806587149364,
  "avg_counts_per_cell": 4084.1460090850096,
  "avg_counts_per_gene": 299.03400380107695,
  "avg_nnzero_per_cell": 1126.2954791261086,
  "avg_nnzero_per_gene": 82.4653785239151,
  "min_cell": 258,
  "max_cell": 32046,
  "total_counts": 18881007,
  "overdispersion": 0.30763908335967516,
  "s_index": 3230
}
