{
	"numRecords": 35391658,
	"numReads": 76908206,
	"numBarcodes": 869123,
	"medianReadsPerBarcode": 3.000000,
	"meanReadsPerBarcode": 88.489438,
	"numUMIs": 1048481,
	"numBarcodeUMIs": 25668539,
	"medianUMIsPerBarcode": 1.000000,
	"meanUMIsPerBarcode": 29.533839,
	"gtRecords": 15463566,
	"numTargets": 179697,
	"medianTargetsPerSet": 3.000000,
	"meanTargetsPerSet": 4.038071,
	"numSingleton": 18823978,
	"gtTargets": 8845,
	"numBarcodesOnWhitelist": 345507,
	"percentageBarcodesOnWhitelist": 39.753522,
	"numReadsOnWhitelist": 73942822,
	"percentageReadsOnWhitelist": 96.144255
}
