{
  "ncells": 7864,
  "ngenes": 63140,
  "nvals": 5009968,
  "density": 0.010089900175005502,
  "avg_counts_per_cell": 2115.306586978637,
  "avg_counts_per_gene": 263.45852074754515,
  "avg_nnzero_per_cell": 637.0762970498474,
  "avg_nnzero_per_gene": 79.34697497624327,
  "min_cell": 248,
  "max_cell": 96609,
  "total_counts": 16634771,
  "overdispersion": 1.863728637925632,
  "s_index": 1775
}
