{
  "ncells": 391813,
  "ngenes": 63140,
  "nvals": 11299125,
  "density": 0.0004567319512017185,
  "avg_counts_per_cell": 89.17273546309082,
  "avg_counts_per_gene": 553.3582039911308,
  "avg_nnzero_per_cell": 28.838055398876506,
  "avg_nnzero_per_gene": 178.95351599619892,
  "min_cell": 0,
  "max_cell": 96609,
  "total_counts": 34939037,
  "overdispersion": 14.10131680015273,
  "s_index": 1775
}
