{
  "ncells": 14309,
  "ngenes": 63140,
  "nvals": 17766016,
  "density": 0.019664195698041016,
  "avg_counts_per_cell": 3878.583758473688,
  "avg_counts_per_gene": 878.9777478618942,
  "avg_nnzero_per_cell": 1241.59731637431,
  "avg_nnzero_per_gene": 281.3749762432689,
  "min_cell": 273,
  "max_cell": 37644,
  "total_counts": 55498655,
  "overdispersion": 1.033308709170202,
  "s_index": 4326
}
