{
  "ncells": 603522,
  "ngenes": 63140,
  "nvals": 21642190,
  "density": 0.0005679413925569965,
  "avg_counts_per_cell": 100.17249081226534,
  "avg_counts_per_gene": 957.4960722204625,
  "avg_nnzero_per_cell": 35.85981952604876,
  "avg_nnzero_per_gene": 342.76512511878366,
  "min_cell": 0,
  "max_cell": 37644,
  "total_counts": 60456302,
  "overdispersion": 68.10963400115577,
  "s_index": 4326
}
