{
  "ncells": 730173,
  "ngenes": 63140,
  "nvals": 5663698,
  "density": 0.00012284846675079554,
  "avg_counts_per_cell": 10.612842435970654,
  "avg_counts_per_gene": 122.73061450744378,
  "avg_nnzero_per_cell": 7.756652190645231,
  "avg_nnzero_per_gene": 89.70063351282863,
  "min_cell": 0,
  "max_cell": 12208,
  "total_counts": 7749211,
  "overdispersion": 145.44777001033293,
  "s_index": 1182
}
