{
  "ncells": 7702,
  "ngenes": 63140,
  "nvals": 3397294,
  "density": 0.006985943039612977,
  "avg_counts_per_cell": 673.0601142560374,
  "avg_counts_per_gene": 82.10182134938232,
  "avg_nnzero_per_cell": 441.0924435211633,
  "avg_nnzero_per_gene": 53.805733291099145,
  "min_cell": 87,
  "max_cell": 12209,
  "total_counts": 5183909,
  "overdispersion": 1.7156269364356307,
  "s_index": 1182
}
