{
  "ncells": 16471,
  "ngenes": 63140,
  "nvals": 8890848,
  "density": 0.00854906542626719,
  "avg_counts_per_cell": 1154.465849068059,
  "avg_counts_per_gene": 301.15943934114665,
  "avg_nnzero_per_cell": 539.7879910145103,
  "avg_nnzero_per_gene": 140.81165663604688,
  "min_cell": 0,
  "max_cell": 10347,
  "total_counts": 19015207,
  "overdispersion": 1.3925357904128979,
  "s_index": 1896
}
