{
  "ncells": 345405,
  "ngenes": 63140,
  "nvals": 9819912,
  "density": 0.0004502714370134059,
  "avg_counts_per_cell": 58.400885916532765,
  "avg_counts_per_gene": 319.4798542920494,
  "avg_nnzero_per_cell": 28.430138533026447,
  "avg_nnzero_per_gene": 155.52600570161545,
  "min_cell": 0,
  "max_cell": 10347,
  "total_counts": 20171958,
  "overdispersion": 41.50419616103805,
  "s_index": 1896
}
