{
  "ncells": 410999,
  "ngenes": 63140,
  "nvals": 24524123,
  "density": 0.0009450355433661191,
  "avg_counts_per_cell": 127.00000729928783,
  "avg_counts_per_gene": 826.6847640164714,
  "avg_nnzero_per_cell": 59.669544208136756,
  "avg_nnzero_per_gene": 388.4086632879316,
  "min_cell": 0,
  "max_cell": 107227,
  "total_counts": 52196876,
  "overdispersion": 40.282819922414205,
  "s_index": 3209
}
