{
  "ncells": 17581,
  "ngenes": 63140,
  "nvals": 14636036,
  "density": 0.013184853771629128,
  "avg_counts_per_cell": 2220.004721005631,
  "avg_counts_per_gene": 618.148606271777,
  "avg_nnzero_per_cell": 832.4916671406633,
  "avg_nnzero_per_gene": 231.80291415901172,
  "min_cell": 241,
  "max_cell": 107227,
  "total_counts": 39029903,
  "overdispersion": 1.0947375937570916,
  "s_index": 3209
}
