{
	"numRecords": 124971970,
	"numReads": 279053514,
	"numBarcodes": 1417546,
	"medianReadsPerBarcode": 3.000000,
	"meanReadsPerBarcode": 196.856761,
	"numUMIs": 1048576,
	"numBarcodeUMIs": 76899892,
	"medianUMIsPerBarcode": 1.000000,
	"meanUMIsPerBarcode": 54.248604,
	"gtRecords": 51351738,
	"numTargets": 184328,
	"medianTargetsPerSet": 3.000000,
	"meanTargetsPerSet": 5.091593,
	"numSingleton": 64798648,
	"gtTargets": 6602,
	"numBarcodesOnWhitelist": 458438,
	"percentageBarcodesOnWhitelist": 32.340256,
	"numReadsOnWhitelist": 267928258,
	"percentageReadsOnWhitelist": 96.013218
}
