{
	"numRecords": 10749016,
	"numReads": 26227469,
	"numBarcodes": 440643,
	"medianReadsPerBarcode": 2.000000,
	"meanReadsPerBarcode": 59.520902,
	"numUMIs": 1041933,
	"numBarcodeUMIs": 7054290,
	"medianUMIsPerBarcode": 1.000000,
	"meanUMIsPerBarcode": 16.009082,
	"gtRecords": 4079170,
	"numTargets": 151282,
	"medianTargetsPerSet": 4.000000,
	"meanTargetsPerSet": 4.363807,
	"numSingleton": 5876580,
	"gtTargets": 10652,
	"numBarcodesOnWhitelist": 226578,
	"percentageBarcodesOnWhitelist": 51.419857,
	"numReadsOnWhitelist": 25355430,
	"percentageReadsOnWhitelist": 96.675093
}
