{"ncells": 2055, "ngenes": 60623, "nvals": 1331166, "density": 0.010685207645047151, "avg_counts_per_cell": 1906.8914841849148, "avg_counts_per_gene": 64.63985616020322, "avg_nnzero_per_cell": 647.7693430656934, "avg_nnzero_per_gene": 21.958101710571896, "min_cell": 63, "max_cell": 44025, "total_counts": 3918662, "overdispersion": 4.630651597543137, "s_index": 851}