{
  "ncells": 5833,
  "ngenes": 63140,
  "nvals": 3084026,
  "density": 0.008373778650965221,
  "avg_counts_per_cell": 788.4567118121035,
  "avg_counts_per_gene": 72.83921444409249,
  "avg_nnzero_per_cell": 528.7203840219441,
  "avg_nnzero_per_gene": 48.84425087108014,
  "min_cell": 142,
  "max_cell": 19325,
  "total_counts": 4599068,
  "overdispersion": 1.983279924608891,
  "s_index": 1088
}
