{
  "ncells": 575919,
  "ngenes": 63140,
  "nvals": 4995416,
  "density": 0.00013737435821562744,
  "avg_counts_per_cell": 11.605380270489427,
  "avg_counts_per_gene": 105.85617675007919,
  "avg_nnzero_per_cell": 8.673816977734717,
  "avg_nnzero_per_gene": 79.11650300918593,
  "min_cell": 0,
  "max_cell": 19325,
  "total_counts": 6683759,
  "overdispersion": 180.9553512586677,
  "s_index": 1088
}
