{
  "ncells": 6854,
  "ngenes": 63140,
  "nvals": 7094494,
  "density": 0.016393540128656528,
  "avg_counts_per_cell": 4378.986868981617,
  "avg_counts_per_gene": 475.3496357301235,
  "avg_nnzero_per_cell": 1035.0881237233732,
  "avg_nnzero_per_gene": 112.36132404181184,
  "min_cell": 177,
  "max_cell": 54159,
  "total_counts": 30013576,
  "overdispersion": 6.8474930508317415,
  "s_index": 3292
}
