{
  "ncells": 347051,
  "ngenes": 63140,
  "nvals": 9270471,
  "density": 0.0004230619063182858,
  "avg_counts_per_cell": 95.14005146217703,
  "avg_counts_per_gene": 522.9402914159011,
  "avg_nnzero_per_cell": 26.712128764936566,
  "avg_nnzero_per_gene": 146.8240576496674,
  "min_cell": 0,
  "max_cell": 54159,
  "total_counts": 33018450,
  "overdispersion": 304.0604220384447,
  "s_index": 3292
}
