{
	"numRecords": 42165710,
	"numReads": 105915559,
	"numBarcodes": 1885907,
	"medianReadsPerBarcode": 1.000000,
	"meanReadsPerBarcode": 56.161602,
	"numUMIs": 1048471,
	"numBarcodeUMIs": 27183994,
	"medianUMIsPerBarcode": 1.000000,
	"meanUMIsPerBarcode": 14.414281,
	"gtRecords": 21855932,
	"numTargets": 181787,
	"medianTargetsPerSet": 2.000000,
	"meanTargetsPerSet": 3.357159,
	"numSingleton": 46904825,
	"gtTargets": 6789,
	"numBarcodesOnWhitelist": 385891,
	"percentageBarcodesOnWhitelist": 20.461826,
	"numReadsOnWhitelist": 98600789,
	"percentageReadsOnWhitelist": 93.093772
}
