{
  "ncells": 5312,
  "ngenes": 60623,
  "nvals": 3751982,
  "density": 0.01165105508883761,
  "avg_per_cell": 1913.4981174698796,
  "avg_per_gene": 167.66741995612227,
  "min_cell": 350,
  "max_cell": 30793,
  "total_counts": 10164502,
  "overdispersion": 1.310407604986079
}
