{"ncells": 5334, "ngenes": 60623, "nvals": 3753839, "density": 0.011608743264019237, "avg_per_cell": 1907.0433070866143, "avg_per_gene": 167.7938901077149, "min_cell": 348, "max_cell": 30793, "total_count": 10172169, "overdispersion": 1.3179081897367122, "s_index": 1787}