{
	"numRecords": 85496885,
	"numReads": 307229398,
	"numBarcodes": 868575,
	"medianReadsPerBarcode": 7.000000,
	"meanReadsPerBarcode": 353.716602,
	"numUMIs": 1048564,
	"numBarcodeUMIs": 39849779,
	"medianUMIsPerBarcode": 1.000000,
	"meanUMIsPerBarcode": 45.879491,
	"gtRecords": 26061071,
	"numBarcodesOnWhitelist": 319966,
	"percentageBarcodesOnWhitelist": 36.838039,
	"numReadsOnWhitelist": 298897224,
	"percentageReadsOnWhitelist": 97.287963
}
