{"ncells": 5360, "ngenes": 60623, "nvals": 7845026, "density": 0.024143052203476293, "avg_per_cell": 5704.401305970149, "avg_per_gene": 504.35628391864475, "min_cell": 49, "max_cell": 71534, "total_count": 30575591, "overdispersion": 7.153669893848907, "s_index": 2782}