{"ncells": 5360, "ngenes": 60623, "nvals": 7845026, "density": 0.024143052203476293, "avg_counts_per_cell": 5704.401305970149, "avg_counts_per_gene": 504.35628391864475, "avg_nnzero_per_cell": 1463.6242537313433, "avg_nnzero_per_gene": 129.40675981063293, "min_cell": 49, "max_cell": 71534, "total_counts": 30575591, "overdispersion": 7.153669893848907, "s_index": 2782}