{
	"numRecords": 193727248,
	"numReads": 297556251,
	"numBarcodes": 4049350,
	"medianReadsPerBarcode": 2.000000,
	"meanReadsPerBarcode": 73.482473,
	"numUMIs": 1048576,
	"numBarcodeUMIs": 163784446,
	"medianUMIsPerBarcode": 1.000000,
	"meanUMIsPerBarcode": 40.447095,
	"gtRecords": 98573734,
	"numTargets": 209342,
	"medianTargetsPerSet": 2.000000,
	"meanTargetsPerSet": 3.774697,
	"numSingleton": 103803992,
	"gtTargets": 4088,
	"numBarcodesOnWhitelist": 26659,
	"percentageBarcodesOnWhitelist": 0.658353,
	"numReadsOnWhitelist": 3689661,
	"percentageReadsOnWhitelist": 1.239988
}
