{
  "ncells": 163,
  "ngenes": 60623,
  "nvals": 431370,
  "density": 0.043654087026234446,
  "avg_per_cell": 10041.171779141105,
  "avg_per_gene": 26.99818550715075,
  "min_cell": 334,
  "max_cell": 83241,
  "total_counts": 1636711,
  "overdispersion": 3.0897726298662493
}
