{"ncells": 2735, "ngenes": 60623, "nvals": 317632, "density": 0.001915708800706473, "avg_counts_per_cell": 186.88775137111517, "avg_counts_per_gene": 8.431420417993172, "avg_nnzero_per_cell": 116.13601462522853, "avg_nnzero_per_gene": 5.239463569932204, "min_cell": 119, "max_cell": 1134, "total_counts": 511138, "overdispersion": 2.4458058042428874, "s_index": 277}