{
  "ncells": 3751,
  "ngenes": 60623,
  "nvals": 384480,
  "density": 0.0016907884217035826,
  "avg_per_cell": 193.8749666755532,
  "avg_per_gene": 11.995859657225806,
  "min_cell": 1,
  "max_cell": 1665,
  "total_counts": 727225,
  "overdispersion": 3.5327037980802234
}
