{"ncells": 3562, "ngenes": 60623, "nvals": 382216, "density": 0.0017700173520198465, "avg_per_cell": 201.8641212801797, "avg_per_gene": 11.860844893852168, "min_cell": 106, "max_cell": 1665, "total_count": 719040, "overdispersion": 3.643818428929104, "s_index": 343}