{
  "ncells": 74548,
  "ngenes": 63140,
  "nvals": 355392,
  "density": 0.00007550349814688915,
  "avg_counts_per_cell": 14.522388259913075,
  "avg_counts_per_gene": 17.146262274311056,
  "avg_nnzero_per_cell": 4.767290872994581,
  "avg_nnzero_per_gene": 5.628634779854292,
  "min_cell": 0,
  "max_cell": 10216,
  "total_counts": 1082615,
  "overdispersion": 70.67589558419297,
  "s_index": 537
}
