{
  "ncells": 314,
  "ngenes": 63140,
  "nvals": 189064,
  "density": 0.00953618387205462,
  "avg_counts_per_cell": 1795.8248407643312,
  "avg_counts_per_gene": 8.930772885650935,
  "avg_nnzero_per_cell": 602.1146496815287,
  "avg_nnzero_per_gene": 2.9943617358251506,
  "min_cell": 359,
  "max_cell": 10216,
  "total_counts": 563889,
  "overdispersion": 0.2976306600770009,
  "s_index": 314
}
