{
  "ncells": 5520,
  "ngenes": 63140,
  "nvals": 2786566,
  "density": 0.00799513273930029,
  "avg_counts_per_cell": 1046.9021739130435,
  "avg_counts_per_gene": 91.52518213493823,
  "avg_nnzero_per_cell": 504.81268115942026,
  "avg_nnzero_per_gene": 44.133132720937596,
  "min_cell": 77,
  "max_cell": 22217,
  "total_counts": 5778900,
  "overdispersion": 2.009341464830449,
  "s_index": 1363
}
