{
  "ncells": 318576,
  "ngenes": 63140,
  "nvals": 5332829,
  "density": 0.00026511849483448096,
  "avg_counts_per_cell": 27.22435776706343,
  "avg_counts_per_gene": 137.36184668989546,
  "avg_nnzero_per_cell": 16.739581763849127,
  "avg_nnzero_per_gene": 84.46038961038961,
  "min_cell": 0,
  "max_cell": 22217,
  "total_counts": 8673027,
  "overdispersion": 127.06332317485858,
  "s_index": 1363
}
