{
  "ncells": 397236,
  "ngenes": 63140,
  "nvals": 3729619,
  "density": 0.0001487001104142134,
  "avg_counts_per_cell": 16.584984744585082,
  "avg_counts_per_gene": 104.34198606271777,
  "avg_nnzero_per_cell": 9.388924971553434,
  "avg_nnzero_per_gene": 59.06903706050048,
  "min_cell": 0,
  "max_cell": 8082,
  "total_counts": 6588153,
  "overdispersion": 550.212476220312,
  "s_index": 1088
}
