{
  "ncells": 7954,
  "ngenes": 63140,
  "nvals": 2764647,
  "density": 0.0055049011225378995,
  "avg_counts_per_cell": 697.4039476992708,
  "avg_counts_per_gene": 87.85478302185619,
  "avg_nnzero_per_cell": 347.579456877043,
  "avg_nnzero_per_gene": 43.785983528666456,
  "min_cell": 65,
  "max_cell": 8082,
  "total_counts": 5547151,
  "overdispersion": 12.886256655897459,
  "s_index": 1088
}
