{
	"numRecords": 13276406,
	"numReads": 32366762,
	"numBarcodes": 452125,
	"medianReadsPerBarcode": 3.000000,
	"meanReadsPerBarcode": 71.588083,
	"numUMIs": 1031890,
	"numBarcodeUMIs": 8018721,
	"medianUMIsPerBarcode": 1.000000,
	"meanUMIsPerBarcode": 17.735628,
	"gtRecords": 5471722,
	"numTargets": 162045,
	"medianTargetsPerSet": 3.000000,
	"meanTargetsPerSet": 4.245960,
	"numSingleton": 6843497,
	"gtTargets": 10613,
	"numBarcodesOnWhitelist": 219226,
	"percentageBarcodesOnWhitelist": 48.487918,
	"numReadsOnWhitelist": 30960682,
	"percentageReadsOnWhitelist": 95.655790
}
