{
  "ncells": 2249,
  "ngenes": 60623,
  "nvals": 2372098,
  "density": 0.01739825724045834,
  "avg_per_cell": 2424.9355269008447,
  "avg_per_gene": 89.96057601900269,
  "min_cell": 224,
  "max_cell": 15749,
  "total_counts": 5453680,
  "overdispersion": 0.31543764613840536
}
