{"ncells": 1691, "ngenes": 60623, "nvals": 2176446, "density": 0.021230824707143672, "avg_counts_per_cell": 3041.2229450029567, "avg_counts_per_gene": 84.83097174339773, "avg_nnzero_per_cell": 1287.076286221171, "avg_nnzero_per_gene": 35.90132457977995, "min_cell": 1037, "max_cell": 15749, "total_counts": 5142708, "overdispersion": 0.22041464092301158, "s_index": 1501}