{
  "ncells": 1566,
  "ngenes": 63140,
  "nvals": 1293791,
  "density": 0.01308482113780684,
  "avg_counts_per_cell": 2655.160280970626,
  "avg_counts_per_gene": 65.85335761799176,
  "avg_nnzero_per_cell": 826.1756066411239,
  "avg_nnzero_per_gene": 20.490829901805512,
  "min_cell": 2,
  "max_cell": 49510,
  "total_counts": 4157981,
  "overdispersion": 0.6822504229737697,
  "s_index": 1136
}
