{
  "ncells": 315586,
  "ngenes": 63140,
  "nvals": 2105361,
  "density": 0.00010565845779021794,
  "avg_counts_per_cell": 16.182885172346047,
  "avg_counts_per_gene": 80.88520747545138,
  "avg_nnzero_per_cell": 6.671275024874361,
  "avg_nnzero_per_gene": 33.34433006018372,
  "min_cell": 0,
  "max_cell": 49510,
  "total_counts": 5107092,
  "overdispersion": 266.03297218247013,
  "s_index": 1136
}
