{
	"numRecords": 42005296,
	"numReads": 320135562,
	"numBarcodes": 1247978,
	"medianReadsPerBarcode": 2.000000,
	"meanReadsPerBarcode": 256.523402,
	"numUMIs": 1048314,
	"numBarcodeUMIs": 23291736,
	"medianUMIsPerBarcode": 1.000000,
	"meanUMIsPerBarcode": 18.663579,
	"gtRecords": 14521316,
	"numBarcodesOnWhitelist": 270850,
	"percentageBarcodesOnWhitelist": 21.703107,
	"numReadsOnWhitelist": 308858535,
	"percentageReadsOnWhitelist": 96.477421
}
