{
  "ncells": 5630,
  "ngenes": 60623,
  "nvals": 3884050,
  "density": 0.011379914340584791,
  "avg_per_cell": 2022.6291296625222,
  "avg_per_gene": 187.8396318229055,
  "min_cell": 238,
  "max_cell": 20108,
  "total_counts": 11387402,
  "overdispersion": 19.595427170068728
}
