{"ncells": 11051, "ngenes": 60623, "nvals": 4759769, "density": 0.007104718466099593, "avg_per_cell": 1177.4757035562393, "avg_per_gene": 214.64269336720386, "min_cell": 129, "max_cell": 20108, "total_count": 13012284, "overdispersion": 32.89726189363974, "s_index": 1911}