{
  "ncells": 531225,
  "ngenes": 63140,
  "nvals": 13886799,
  "density": 0.0004140178509658164,
  "avg_counts_per_cell": 139.20721163348864,
  "avg_counts_per_gene": 1171.2124010136206,
  "avg_nnzero_per_cell": 26.141087109981648,
  "avg_nnzero_per_gene": 219.9366328793158,
  "min_cell": 0,
  "max_cell": 77473,
  "total_counts": 73950351,
  "overdispersion": 298.1297952755346,
  "s_index": 3276
}
