{
  "ncells": 4155,
  "ngenes": 63140,
  "nvals": 11577953,
  "density": 0.044132260859389504,
  "avg_counts_per_cell": 17130.40770156438,
  "avg_counts_per_gene": 1127.2860943934115,
  "avg_nnzero_per_cell": 2786.5109506618533,
  "avg_nnzero_per_gene": 183.36954387076338,
  "min_cell": 307,
  "max_cell": 77473,
  "total_counts": 71176844,
  "overdispersion": 1.5981034580907492,
  "s_index": 3276
}
