{"ncells": 6683, "ngenes": 60623, "nvals": 15273978, "density": 0.037700167127693016, "avg_counts_per_cell": 7322.6428250785575, "avg_counts_per_gene": 807.2385398281181, "avg_nnzero_per_cell": 2285.497231782134, "avg_nnzero_per_gene": 251.95021691437242, "min_cell": 283, "max_cell": 44836, "total_counts": 48937222, "overdispersion": 1.3352540701051998, "s_index": 3645}