{
	"numRecords": 127088604,
	"numReads": 238809968,
	"numBarcodes": 1673762,
	"medianReadsPerBarcode": 3.000000,
	"meanReadsPerBarcode": 142.678570,
	"numUMIs": 1048576,
	"numBarcodeUMIs": 84338919,
	"medianUMIsPerBarcode": 1.000000,
	"meanUMIsPerBarcode": 50.388836,
	"gtRecords": 55869688,
	"numBarcodesOnWhitelist": 480376,
	"percentageBarcodesOnWhitelist": 28.700377,
	"numReadsOnWhitelist": 230414514,
	"percentageReadsOnWhitelist": 96.484462
}
