{
  "ncells": 234191,
  "ngenes": 63140,
  "nvals": 2216326,
  "density": 0.0001498852382709847,
  "avg_counts_per_cell": 24.556669556046135,
  "avg_counts_per_gene": 91.0825308837504,
  "avg_nnzero_per_cell": 9.463753944429973,
  "avg_nnzero_per_gene": 35.10177383592018,
  "min_cell": 0,
  "max_cell": 15933,
  "total_counts": 5750951,
  "overdispersion": 103.38081606452035,
  "s_index": 1214
}
