{
  "ncells": 2960,
  "ngenes": 63140,
  "nvals": 1716793,
  "density": 0.009185898560898562,
  "avg_counts_per_cell": 1710.0074324324323,
  "avg_counts_per_gene": 80.16506176750079,
  "avg_nnzero_per_cell": 579.9976351351352,
  "avg_nnzero_per_gene": 27.19025974025974,
  "min_cell": 10,
  "max_cell": 15933,
  "total_counts": 5061622,
  "overdispersion": 0.941305523289847,
  "s_index": 1214
}
