{
  "ncells": 279662,
  "ngenes": 63140,
  "nvals": 6100854,
  "density": 0.00034550361459796214,
  "avg_counts_per_cell": 54.60117212921312,
  "avg_counts_per_gene": 241.84151092809628,
  "avg_nnzero_per_cell": 21.815098225715328,
  "avg_nnzero_per_gene": 96.62423186569528,
  "min_cell": 0,
  "max_cell": 21054,
  "total_counts": 15269873,
  "overdispersion": 85.74969002748394,
  "s_index": 2732
}
