{
  "ncells": 3719,
  "ngenes": 63140,
  "nvals": 4306168,
  "density": 0.018338348146387285,
  "avg_counts_per_cell": 3573.0131755848347,
  "avg_counts_per_gene": 210.45353183401963,
  "avg_nnzero_per_cell": 1157.8833019628933,
  "avg_nnzero_per_gene": 68.20031675641432,
  "min_cell": 128,
  "max_cell": 21054,
  "total_counts": 13288036,
  "overdispersion": 0.3302198829338501,
  "s_index": 2732
}
