{
  "ncells": 8903,
  "ngenes": 60623,
  "nvals": 10506990,
  "density": 0.019467246201103728,
  "avg_per_cell": 5188.103111310794,
  "avg_per_gene": 761.9167972551671,
  "min_cell": 160,
  "max_cell": 90069,
  "total_counts": 46189682,
  "overdispersion": 1.7275158907721506
}
