{
	"numRecords": 35984111,
	"numReads": 126138298,
	"numBarcodes": 628907,
	"medianReadsPerBarcode": 4.000000,
	"meanReadsPerBarcode": 200.567489,
	"numUMIs": 1048516,
	"numBarcodeUMIs": 16824189,
	"medianUMIsPerBarcode": 1.000000,
	"meanUMIsPerBarcode": 26.751474,
	"gtRecords": 12782589,
	"numTargets": 164221,
	"medianTargetsPerSet": 4.000000,
	"meanTargetsPerSet": 4.829659,
	"numSingleton": 18104292,
	"gtTargets": 9253,
	"numBarcodesOnWhitelist": 223672,
	"percentageBarcodesOnWhitelist": 35.565195,
	"numReadsOnWhitelist": 122652266,
	"percentageReadsOnWhitelist": 97.236341
}
