{
  "ncells": 122597,
  "ngenes": 63140,
  "nvals": 1602275,
  "density": 0.0002069915592348899,
  "avg_counts_per_cell": 31.964933889083746,
  "avg_counts_per_gene": 62.065331010452965,
  "avg_nnzero_per_cell": 13.069447050090949,
  "avg_nnzero_per_gene": 25.376544187519798,
  "min_cell": 0,
  "max_cell": 92975,
  "total_counts": 3918805,
  "overdispersion": 525.0117992154896,
  "s_index": 340
}
