{
  "ncells": 207,
  "ngenes": 63140,
  "nvals": 461870,
  "density": 0.0353382331112978,
  "avg_counts_per_cell": 12417.541062801933,
  "avg_counts_per_gene": 40.71002534051315,
  "avg_nnzero_per_cell": 2231.256038647343,
  "avg_nnzero_per_gene": 7.315014254038644,
  "min_cell": 645,
  "max_cell": 92975,
  "total_counts": 2570431,
  "overdispersion": 0.8224233253831683,
  "s_index": 207
}
