{
	"numRecords": 5064129,
	"numReads": 8830011,
	"numBarcodes": 1156828,
	"medianReadsPerBarcode": 2.000000,
	"meanReadsPerBarcode": 7.632951,
	"numUMIs": 1007936,
	"numBarcodeUMIs": 4558271,
	"medianUMIsPerBarcode": 1.000000,
	"meanUMIsPerBarcode": 3.940319,
	"gtRecords": 2900397,
	"numBarcodesOnWhitelist": 145288,
	"percentageBarcodesOnWhitelist": 12.559170,
	"numReadsOnWhitelist": 5091707,
	"percentageReadsOnWhitelist": 57.663654
}
