{
  "ncells": 8802,
  "ngenes": 60623,
  "nvals": 1437072,
  "density": 0.0026931450164791415,
  "avg_per_cell": 263.35344239945465,
  "avg_per_gene": 38.236923279943255,
  "min_cell": 1,
  "max_cell": 3488,
  "total_counts": 2318037,
  "overdispersion": 3.1750359949998526
}
