{"ncells": 4687, "ngenes": 60623, "nvals": 6118560, "density": 0.021533610116373583, "avg_counts_per_cell": 4494.692340516322, "avg_counts_per_gene": 347.5021526483348, "avg_nnzero_per_cell": 1305.4320460849158, "avg_nnzero_per_gene": 100.92803061544298, "min_cell": 55, "max_cell": 75458, "total_counts": 21066623, "overdispersion": 2.9274756349671303, "s_index": 2298}