{"ncells": 719, "ngenes": 60623, "nvals": 533468, "density": 0.01223889077383956, "avg_counts_per_cell": 2354.161335187761, "avg_counts_per_gene": 27.920789139435527, "avg_nnzero_per_cell": 741.9582753824757, "avg_nnzero_per_gene": 8.799762466390645, "min_cell": 903, "max_cell": 16941, "total_counts": 1692642, "overdispersion": 0.31367006123522617, "s_index": 719}