{
	"numRecords": 69303112,
	"numReads": 239354358,
	"numBarcodes": 1512693,
	"medianReadsPerBarcode": 2.000000,
	"meanReadsPerBarcode": 158.230624,
	"numUMIs": 1048553,
	"numBarcodeUMIs": 39855215,
	"medianUMIsPerBarcode": 1.000000,
	"meanUMIsPerBarcode": 26.347193,
	"gtRecords": 23550724,
	"numBarcodesOnWhitelist": 370182,
	"percentageBarcodesOnWhitelist": 24.471720,
	"numReadsOnWhitelist": 231178417,
	"percentageReadsOnWhitelist": 96.584169
}
