{"ncells": 5045, "ngenes": 60623, "nvals": 7478702, "density": 0.02445274583414986, "avg_per_cell": 5523.73478691774, "avg_per_gene": 459.6810121571021, "min_cell": 126, "max_cell": 114333, "total_count": 27867242, "overdispersion": 4.795400311212745, "s_index": 2613}