{"ncells": 5045, "ngenes": 60623, "nvals": 7478702, "density": 0.02445274583414986, "avg_counts_per_cell": 5523.73478691774, "avg_counts_per_gene": 459.6810121571021, "avg_nnzero_per_cell": 1482.398810703667, "avg_nnzero_per_gene": 123.36410273328605, "min_cell": 126, "max_cell": 114333, "total_counts": 27867242, "overdispersion": 4.795400311212745, "s_index": 2613}