{
	"numRecords": 133341486,
	"numReads": 310241407,
	"numBarcodes": 3616388,
	"medianReadsPerBarcode": 3.000000,
	"meanReadsPerBarcode": 85.787644,
	"numUMIs": 1048576,
	"numBarcodeUMIs": 88992779,
	"medianUMIsPerBarcode": 1.000000,
	"meanUMIsPerBarcode": 24.608194,
	"gtRecords": 47635564,
	"numTargets": 194838,
	"medianTargetsPerSet": 3.000000,
	"meanTargetsPerSet": 4.558351,
	"numSingleton": 91177879,
	"gtTargets": 5704,
	"numBarcodesOnWhitelist": 349958,
	"percentageBarcodesOnWhitelist": 9.677004,
	"numReadsOnWhitelist": 279366310,
	"percentageReadsOnWhitelist": 90.048041
}
