{"ncells": 4089, "ngenes": 60623, "nvals": 9485725, "density": 0.03826625799248318, "avg_per_cell": 8686.328442161897, "avg_per_gene": 585.8897943024924, "min_cell": 2861, "max_cell": 76402, "total_count": 35518397, "overdispersion": 1.4657336284962492, "s_index": 3433}