{
  "ncells": 3203,
  "ngenes": 63140,
  "nvals": 8954803,
  "density": 0.04427866514515464,
  "avg_counts_per_cell": 10975.649391195753,
  "avg_counts_per_gene": 556.7786664554957,
  "avg_nnzero_per_cell": 2795.754917265064,
  "avg_nnzero_per_gene": 141.82456445993031,
  "min_cell": 202,
  "max_cell": 64568,
  "total_counts": 35155005,
  "overdispersion": 1.003193940514889,
  "s_index": 2363
}
