{
  "ncells": 454032,
  "ngenes": 63140,
  "nvals": 20983820,
  "density": 0.000731970387756979,
  "avg_counts_per_cell": 109.37939176093315,
  "avg_counts_per_gene": 786.5337979094077,
  "avg_nnzero_per_cell": 46.21661028297565,
  "avg_nnzero_per_gene": 332.3379790940767,
  "min_cell": 0,
  "max_cell": 64568,
  "total_counts": 49661744,
  "overdispersion": 189.84340144871223,
  "s_index": 2363
}
