{
  "ncells": 5385,
  "ngenes": 60623,
  "nvals": 597844,
  "density": 0.001831322128751922,
  "avg_per_cell": 200.22581244196843,
  "avg_per_gene": 17.785592926776967,
  "min_cell": 1,
  "max_cell": 2059,
  "total_counts": 1078216,
  "overdispersion": 3.7465137062338028
}
