{"ncells": 5927, "ngenes": 60623, "nvals": 650227, "density": 0.001809641918935522, "avg_counts_per_cell": 193.35009279568078, "avg_counts_per_gene": 18.90348547580951, "avg_nnzero_per_cell": 109.70592205162814, "avg_nnzero_per_gene": 10.725747653530838, "min_cell": 99, "max_cell": 2059, "total_counts": 1145986, "overdispersion": 4.024682145043386, "s_index": 380}