{
  "ncells": 346,
  "ngenes": 60623,
  "nvals": 210318,
  "density": 0.010026813112671425,
  "avg_per_cell": 1787.586705202312,
  "avg_per_gene": 10.20248090658661,
  "min_cell": 597,
  "max_cell": 11274,
  "total_counts": 618505,
  "overdispersion": 0.29120798007369075
}
