{
	"numRecords": 17813654,
	"numReads": 51242789,
	"numBarcodes": 419362,
	"medianReadsPerBarcode": 3.000000,
	"meanReadsPerBarcode": 122.192256,
	"numUMIs": 1047609,
	"numBarcodeUMIs": 10542732,
	"medianUMIsPerBarcode": 1.000000,
	"meanUMIsPerBarcode": 25.139932,
	"gtRecords": 6505940,
	"numTargets": 69223,
	"medianTargetsPerSet": 3.000000,
	"meanTargetsPerSet": 3.828936,
	"numSingleton": 4940438,
	"gtTargets": 4599,
	"numBarcodesOnWhitelist": 171344,
	"percentageBarcodesOnWhitelist": 40.858256,
	"numReadsOnWhitelist": 49811626,
	"percentageReadsOnWhitelist": 97.207094
}
