{
  "ncells": 7926,
  "ngenes": 60623,
  "nvals": 1616962,
  "density": 0.0033651801740035917,
  "avg_per_cell": 1024.4401968205905,
  "avg_per_gene": 133.93782887682892,
  "min_cell": 54,
  "max_cell": 17646,
  "total_counts": 8119713,
  "overdispersion": 11.245434924135578
}
