{"ncells": 743, "ngenes": 60623, "nvals": 277424, "density": 0.0061591076007580245, "avg_counts_per_cell": 5004.254374158816, "avg_counts_per_gene": 61.33251406231958, "avg_nnzero_per_cell": 373.3835800807537, "avg_nnzero_per_gene": 4.576216947363212, "min_cell": 2177, "max_cell": 17646, "total_counts": 3718161, "overdispersion": 0.44959853331569327, "s_index": 743}