{"ncells": 743, "ngenes": 60623, "nvals": 277424, "density": 0.0061591076007580245, "avg_per_cell": 5004.254374158816, "avg_per_gene": 61.33251406231958, "min_cell": 2177, "max_cell": 17646, "total_count": 3718161, "overdispersion": 0.44959853331569327, "s_index": 743}