{
  "ncells": 4492,
  "ngenes": 63140,
  "nvals": 1187079,
  "density": 0.0041853838774651925,
  "avg_counts_per_cell": 641.5398486197685,
  "avg_counts_per_gene": 45.641384225530565,
  "avg_nnzero_per_cell": 264.26513802315225,
  "avg_nnzero_per_gene": 18.800744377573647,
  "min_cell": 72,
  "max_cell": 8906,
  "total_counts": 2881797,
  "overdispersion": 1.230364270082295,
  "s_index": 932
}
