{
  "ncells": 312712,
  "ngenes": 63140,
  "nvals": 3436447,
  "density": 0.00017404458890476728,
  "avg_counts_per_cell": 19.00250070352273,
  "avg_counts_per_gene": 94.11324041811847,
  "avg_nnzero_per_cell": 10.989175343447005,
  "avg_nnzero_per_gene": 54.42583148558759,
  "min_cell": 0,
  "max_cell": 8906,
  "total_counts": 5942310,
  "overdispersion": 80.3211076626045,
  "s_index": 932
}
