{
  "ncells": 470850,
  "ngenes": 63140,
  "nvals": 11272383,
  "density": 0.00037916529891603515,
  "avg_counts_per_cell": 135.21357544865668,
  "avg_counts_per_gene": 1008.3197972758949,
  "avg_nnzero_per_cell": 23.940496973558457,
  "avg_nnzero_per_gene": 178.52998099461513,
  "min_cell": 0,
  "max_cell": 114745,
  "total_counts": 63665312,
  "overdispersion": 419.28284380191485,
  "s_index": 2546
}
