{
  "ncells": 3089,
  "ngenes": 63140,
  "nvals": 9201526,
  "density": 0.04717776597617734,
  "avg_counts_per_cell": 19758.910326966656,
  "avg_counts_per_gene": 966.6657269559709,
  "avg_nnzero_per_cell": 2978.804143735837,
  "avg_nnzero_per_gene": 145.73211910041178,
  "min_cell": 2,
  "max_cell": 114745,
  "total_counts": 61035274,
  "overdispersion": 2.234951331749513,
  "s_index": 2546
}
