{
  "ncells": 411810,
  "ngenes": 63140,
  "nvals": 2837198,
  "density": 0.00010911593516287487,
  "avg_counts_per_cell": 9.838204511789417,
  "avg_counts_per_gene": 64.16647133354451,
  "avg_nnzero_per_cell": 6.88958014618392,
  "avg_nnzero_per_gene": 44.935033259423506,
  "min_cell": 0,
  "max_cell": 22920,
  "total_counts": 4051471,
  "overdispersion": 398.9261133142673,
  "s_index": 942
}
