{
  "ncells": 2916,
  "ngenes": 63140,
  "nvals": 1756653,
  "density": 0.009540999751026851,
  "avg_counts_per_cell": 987.0517832647462,
  "avg_counts_per_gene": 45.585096610706366,
  "avg_nnzero_per_cell": 602.4187242798354,
  "avg_nnzero_per_gene": 27.8215552739943,
  "min_cell": 132,
  "max_cell": 22920,
  "total_counts": 2878243,
  "overdispersion": 3.3728412823407736,
  "s_index": 942
}
