{
  "ncells": 7026,
  "ngenes": 63140,
  "nvals": 2181172,
  "density": 0.00491673940883497,
  "avg_counts_per_cell": 439.06191289496155,
  "avg_counts_per_gene": 48.8572853975293,
  "avg_nnzero_per_cell": 310.44292627384004,
  "avg_nnzero_per_gene": 34.5450110864745,
  "min_cell": 67,
  "max_cell": 7043,
  "total_counts": 3084849,
  "overdispersion": 1.2780587416541684,
  "s_index": 843
}
