{
  "ncells": 485649,
  "ngenes": 63140,
  "nvals": 3557013,
  "density": 0.00011600010332156991,
  "avg_counts_per_cell": 9.448727373061615,
  "avg_counts_per_gene": 72.67603737725689,
  "avg_nnzero_per_cell": 7.324246523723924,
  "avg_nnzero_per_gene": 56.335334178017106,
  "min_cell": 0,
  "max_cell": 7043,
  "total_counts": 4588765,
  "overdispersion": 82.8610884875424,
  "s_index": 843
}
