{
  "ncells": 579782,
  "ngenes": 63140,
  "nvals": 35017294,
  "density": 0.0009565623360623349,
  "avg_counts_per_cell": 191.399860637274,
  "avg_counts_per_gene": 1757.526037377257,
  "avg_nnzero_per_cell": 60.39734589897582,
  "avg_nnzero_per_gene": 554.5976243268926,
  "min_cell": 0,
  "max_cell": 161563,
  "total_counts": 110970194,
  "overdispersion": 592.7135260515371,
  "s_index": 3598
}
