{
  "ncells": 4360,
  "ngenes": 63140,
  "nvals": 20041671,
  "density": 0.07280192480377086,
  "avg_counts_per_cell": 21731.514449541286,
  "avg_counts_per_gene": 1500.6240576496673,
  "avg_nnzero_per_cell": 4596.713532110091,
  "avg_nnzero_per_gene": 317.4163921444409,
  "min_cell": 272,
  "max_cell": 161563,
  "total_counts": 94749403,
  "overdispersion": 4.113166570004271,
  "s_index": 3598
}
