{
  "ncells": 579457,
  "ngenes": 63140,
  "nvals": 20774407,
  "density": 0.0005678097486862774,
  "avg_counts_per_cell": 162.94013188208962,
  "avg_counts_per_gene": 1495.3563509661071,
  "avg_nnzero_per_cell": 35.851507532051556,
  "avg_nnzero_per_gene": 329.0213335445043,
  "min_cell": 0,
  "max_cell": 81664,
  "total_counts": 94416800,
  "overdispersion": 167.71967125103208,
  "s_index": 4537
}
