{
  "ncells": 6933,
  "ngenes": 63140,
  "nvals": 16274530,
  "density": 0.03717771359801523,
  "avg_counts_per_cell": 12823.145824318477,
  "avg_counts_per_gene": 1408.0277161862527,
  "avg_nnzero_per_cell": 2347.4008365786817,
  "avg_nnzero_per_gene": 257.75308837503957,
  "min_cell": 278,
  "max_cell": 81664,
  "total_counts": 88902870,
  "overdispersion": 1.3260650735022474,
  "s_index": 4537
}
