{
	"numRecords": 1771262,
	"numReads": 19364174,
	"numBarcodes": 291329,
	"medianReadsPerBarcode": 1.000000,
	"meanReadsPerBarcode": 66.468405,
	"numUMIs": 647782,
	"numBarcodeUMIs": 1282184,
	"medianUMIsPerBarcode": 1.000000,
	"meanUMIsPerBarcode": 4.401155,
	"gtRecords": 1178914,
	"numTargets": 125095,
	"medianTargetsPerSet": 1.000000,
	"meanTargetsPerSet": 1.164705,
	"numSingleton": 18351135,
	"gtTargets": 15791,
	"numBarcodesOnWhitelist": 30921,
	"percentageBarcodesOnWhitelist": 10.613773,
	"numReadsOnWhitelist": 18479893,
	"percentageReadsOnWhitelist": 95.433417
}
