{
  "ncells": 537811,
  "ngenes": 63140,
  "nvals": 19565809,
  "density": 0.000576187127267657,
  "avg_counts_per_cell": 90.3942667591403,
  "avg_counts_per_gene": 769.9561450744378,
  "avg_nnzero_per_cell": 36.38045521567986,
  "avg_nnzero_per_gene": 309.8797751029458,
  "min_cell": 0,
  "max_cell": 55983,
  "total_counts": 48615031,
  "overdispersion": 51.59886150254706,
  "s_index": 3541
}
