{
  "ncells": 15919,
  "ngenes": 63140,
  "nvals": 16779499,
  "density": 0.016693931582644105,
  "avg_counts_per_cell": 2846.5964570638857,
  "avg_counts_per_gene": 717.6903547671841,
  "avg_nnzero_per_cell": 1054.0548401281487,
  "avg_nnzero_per_gene": 265.7506968641115,
  "min_cell": 198,
  "max_cell": 55983,
  "total_counts": 45314969,
  "overdispersion": 0.7765268430374915,
  "s_index": 3541
}
