{
  "ncells": 4069,
  "ngenes": 63140,
  "nvals": 7814487,
  "density": 0.030416427646225822,
  "avg_counts_per_cell": 3970.4148439420005,
  "avg_counts_per_gene": 255.8697814380741,
  "avg_nnzero_per_cell": 1920.4932415826984,
  "avg_nnzero_per_gene": 123.76444409249287,
  "min_cell": 226,
  "max_cell": 26330,
  "total_counts": 16155618,
  "overdispersion": 0.83667238386096,
  "s_index": 2825
}
