{
  "ncells": 390963,
  "ngenes": 63140,
  "nvals": 8827258,
  "density": 0.0003575901801877025,
  "avg_counts_per_cell": 44.204681772955496,
  "avg_counts_per_gene": 273.7154735508394,
  "avg_nnzero_per_cell": 22.578243977051535,
  "avg_nnzero_per_gene": 139.80452961672475,
  "min_cell": 0,
  "max_cell": 26330,
  "total_counts": 17282395,
  "overdispersion": 148.36940104707605,
  "s_index": 2825
}
