{
  "ncells": 330359,
  "ngenes": 63140,
  "nvals": 7614338,
  "density": 0.00036504081957516616,
  "avg_counts_per_cell": 68.05138954894524,
  "avg_counts_per_gene": 356.0562084257206,
  "avg_nnzero_per_cell": 23.04867734797599,
  "avg_nnzero_per_gene": 120.5945201140323,
  "min_cell": 0,
  "max_cell": 48409,
  "total_counts": 22481389,
  "overdispersion": 390.96219724958166,
  "s_index": 2534
}
