{
  "ncells": 6389,
  "ngenes": 63140,
  "nvals": 6237623,
  "density": 0.015462569223224924,
  "avg_counts_per_cell": 3251.056816403193,
  "avg_counts_per_gene": 328.9674057649667,
  "avg_nnzero_per_cell": 976.3066207544217,
  "avg_nnzero_per_gene": 98.79035476718404,
  "min_cell": 185,
  "max_cell": 48409,
  "total_counts": 20771002,
  "overdispersion": 7.930238444304031,
  "s_index": 2534
}
