{
	"numRecords": 37928897,
	"numReads": 123225515,
	"numBarcodes": 1738209,
	"medianReadsPerBarcode": 1.000000,
	"meanReadsPerBarcode": 70.892232,
	"numUMIs": 1048435,
	"numBarcodeUMIs": 25862458,
	"medianUMIsPerBarcode": 1.000000,
	"meanUMIsPerBarcode": 14.878797,
	"gtRecords": 15976477,
	"numBarcodesOnWhitelist": 264503,
	"percentageBarcodesOnWhitelist": 15.216985,
	"numReadsOnWhitelist": 115500563,
	"percentageReadsOnWhitelist": 93.731045
}
