{
	"numRecords": 6634040,
	"numReads": 38572103,
	"numBarcodes": 1059673,
	"medianReadsPerBarcode": 3.000000,
	"meanReadsPerBarcode": 36.400005,
	"numUMIs": 1017487,
	"numBarcodeUMIs": 5402725,
	"medianUMIsPerBarcode": 1.000000,
	"meanUMIsPerBarcode": 5.098483,
	"gtRecords": 2782946,
	"numBarcodesOnWhitelist": 115803,
	"percentageBarcodesOnWhitelist": 10.928183,
	"numReadsOnWhitelist": 20312330,
	"percentageReadsOnWhitelist": 52.660676
}
