{
  "ncells": 1925,
  "ngenes": 60623,
  "nvals": 425623,
  "density": 0.0036471777566741523,
  "avg_per_cell": 377.59116883116883,
  "avg_per_gene": 11.989888326212823,
  "min_cell": 1,
  "max_cell": 2326,
  "total_counts": 726863,
  "overdispersion": 2.441811943946093
}
