{
	"numRecords": 57305775,
	"numReads": 125045126,
	"numBarcodes": 584388,
	"medianReadsPerBarcode": 3.000000,
	"meanReadsPerBarcode": 213.976204,
	"numUMIs": 1048575,
	"numBarcodeUMIs": 29746564,
	"medianUMIsPerBarcode": 1.000000,
	"meanUMIsPerBarcode": 50.902079,
	"gtRecords": 26855953,
	"numTargets": 174261,
	"medianTargetsPerSet": 4.000000,
	"meanTargetsPerSet": 5.376664,
	"numSingleton": 21572537,
	"gtTargets": 6917,
	"numBarcodesOnWhitelist": 205190,
	"percentageBarcodesOnWhitelist": 35.111946,
	"numReadsOnWhitelist": 120881895,
	"percentageReadsOnWhitelist": 96.670617
}
