{"ncells": 1993, "ngenes": 60623, "nvals": 3799922, "density": 0.031450674162763176, "avg_counts_per_cell": 10389.143000501756, "avg_counts_per_gene": 341.54631080612967, "avg_nnzero_per_cell": 1906.6342197691922, "avg_nnzero_per_gene": 62.68119360638701, "min_cell": 52, "max_cell": 100990, "total_counts": 20705562, "overdispersion": 2.720159401505256, "s_index": 925}