{
  "ncells": 1873,
  "ngenes": 63140,
  "nvals": 1581020,
  "density": 0.013368879502511474,
  "avg_counts_per_cell": 1907.7079551521624,
  "avg_counts_per_gene": 56.59070319923978,
  "avg_nnzero_per_cell": 844.1110517885745,
  "avg_nnzero_per_gene": 25.03991130820399,
  "min_cell": 0,
  "max_cell": 19821,
  "total_counts": 3573137,
  "overdispersion": 3.1764113071729985,
  "s_index": 1082
}
