{
  "ncells": 196725,
  "ngenes": 63140,
  "nvals": 4657853,
  "density": 0.00037499169264137695,
  "avg_counts_per_cell": 36.19035201423306,
  "avg_counts_per_gene": 112.75810896420653,
  "avg_nnzero_per_cell": 23.67697547337654,
  "avg_nnzero_per_gene": 73.77024073487487,
  "min_cell": 0,
  "max_cell": 19821,
  "total_counts": 7119547,
  "overdispersion": 124.74882135259544,
  "s_index": 1082
}
