{
	"numRecords": 26532358,
	"numReads": 105001241,
	"numBarcodes": 640494,
	"medianReadsPerBarcode": 1.000000,
	"meanReadsPerBarcode": 163.937899,
	"numUMIs": 1048117,
	"numBarcodeUMIs": 13316170,
	"medianUMIsPerBarcode": 1.000000,
	"meanUMIsPerBarcode": 20.790468,
	"gtRecords": 11725684,
	"numTargets": 156173,
	"medianTargetsPerSet": 4.000000,
	"meanTargetsPerSet": 4.683810,
	"numSingleton": 20312216,
	"gtTargets": 7171,
	"numBarcodesOnWhitelist": 186058,
	"percentageBarcodesOnWhitelist": 29.049140,
	"numReadsOnWhitelist": 101003316,
	"percentageReadsOnWhitelist": 96.192497
}
