{
  "ncells": 261460,
  "ngenes": 63140,
  "nvals": 3623645,
  "density": 0.00021950064961354289,
  "avg_counts_per_cell": 19.23457125372906,
  "avg_counts_per_gene": 79.64952486537852,
  "avg_nnzero_per_cell": 13.859271016599097,
  "avg_nnzero_per_gene": 57.39063984795692,
  "min_cell": 0,
  "max_cell": 20978,
  "total_counts": 5029071,
  "overdispersion": 89.73781589335745,
  "s_index": 882
}
