{
  "ncells": 4938,
  "ngenes": 63140,
  "nvals": 1880848,
  "density": 0.0060325098051441295,
  "avg_counts_per_cell": 639.3359659781288,
  "avg_counts_per_gene": 50.000649350649354,
  "avg_nnzero_per_cell": 380.8926690968003,
  "avg_nnzero_per_gene": 29.78853341780171,
  "min_cell": 121,
  "max_cell": 20978,
  "total_counts": 3157041,
  "overdispersion": 1.2406023147102179,
  "s_index": 882
}
