{
  "ncells": 932,
  "ngenes": 60623,
  "nvals": 556915,
  "density": 0.00985679170053944,
  "avg_per_cell": 1322.4227467811158,
  "avg_per_gene": 20.330534615574948,
  "min_cell": 725,
  "max_cell": 5213,
  "total_counts": 1232498,
  "overdispersion": 0.310525557196272
}
