{
	"numRecords": 54982545,
	"numReads": 185653968,
	"numBarcodes": 1055116,
	"medianReadsPerBarcode": 2.000000,
	"meanReadsPerBarcode": 175.955978,
	"numUMIs": 1048576,
	"numBarcodeUMIs": 29982820,
	"medianUMIsPerBarcode": 1.000000,
	"meanUMIsPerBarcode": 28.416610,
	"gtRecords": 20625835,
	"numTargets": 185457,
	"medianTargetsPerSet": 4.000000,
	"meanTargetsPerSet": 4.483992,
	"numSingleton": 38803842,
	"gtTargets": 10077,
	"numBarcodesOnWhitelist": 288786,
	"percentageBarcodesOnWhitelist": 27.370071,
	"numReadsOnWhitelist": 178876200,
	"percentageReadsOnWhitelist": 96.349247
}
