{"ncells": 8319, "ngenes": 60623, "nvals": 6718390, "density": 0.013321608381102992, "avg_counts_per_cell": 2345.8889289578074, "avg_counts_per_gene": 321.91494977153883, "avg_nnzero_per_cell": 807.5958648876067, "avg_nnzero_per_gene": 110.8224601223958, "min_cell": 110, "max_cell": 39720, "total_counts": 19515450, "overdispersion": 5.288889135908832, "s_index": 2018}