{
  "ncells": 493933,
  "ngenes": 63140,
  "nvals": 5745549,
  "density": 0.0001842293893630174,
  "avg_counts_per_cell": 69.3598038600377,
  "avg_counts_per_gene": 542.5894203357618,
  "avg_nnzero_per_cell": 11.632243644380917,
  "avg_nnzero_per_gene": 90.99697497624327,
  "min_cell": 0,
  "max_cell": 43152,
  "total_counts": 34259096,
  "overdispersion": 8.91876730466085,
  "s_index": 1665
}
