{
  "ncells": 58740,
  "ngenes": 63140,
  "nvals": 4584287,
  "density": 0.0012360421453199051,
  "avg_counts_per_cell": 519.3921178072864,
  "avg_counts_per_gene": 483.19754513778906,
  "avg_nnzero_per_cell": 78.04370105549881,
  "avg_nnzero_per_gene": 72.60511561609123,
  "min_cell": 142,
  "max_cell": 43152,
  "total_counts": 30509093,
  "overdispersion": 0.4817684039894411,
  "s_index": 1665
}
