{
  "ncells": 4412,
  "ngenes": 60623,
  "nvals": 10720205,
  "density": 0.0400802260672947,
  "avg_per_cell": 8830.820036264733,
  "avg_per_gene": 642.6864061494812,
  "min_cell": 429,
  "max_cell": 62524,
  "total_counts": 38961578,
  "overdispersion": 1.9945077723956675
}
