{"ncells": 4385, "ngenes": 60623, "nvals": 10712488, "density": 0.04029798460383915, "avg_counts_per_cell": 8882.546180159636, "avg_counts_per_gene": 642.4948451907692, "avg_nnzero_per_cell": 2442.9847206385407, "avg_nnzero_per_gene": 176.70666248783465, "min_cell": 432, "max_cell": 62524, "total_counts": 38949965, "overdispersion": 1.9769249554857642, "s_index": 2419}