{
	"numRecords": 158796488,
	"numReads": 260973692,
	"numBarcodes": 1377852,
	"medianReadsPerBarcode": 3.000000,
	"meanReadsPerBarcode": 189.406186,
	"numUMIs": 1048576,
	"numBarcodeUMIs": 97283971,
	"medianUMIsPerBarcode": 1.000000,
	"meanUMIsPerBarcode": 70.605530,
	"gtRecords": 81493052,
	"numTargets": 187366,
	"medianTargetsPerSet": 4.000000,
	"meanTargetsPerSet": 5.104417,
	"numSingleton": 38546121,
	"gtTargets": 7098,
	"numBarcodesOnWhitelist": 558865,
	"percentageBarcodesOnWhitelist": 40.560597,
	"numReadsOnWhitelist": 253839623,
	"percentageReadsOnWhitelist": 97.266365
}
