{"ncells": 6100, "ngenes": 60623, "nvals": 11516249, "density": 0.03114180545553911, "avg_per_cell": 11389.34131147541, "avg_per_gene": 1146.0168912788874, "min_cell": 123, "max_cell": 80088, "total_count": 69474982, "overdispersion": 8.796223896822543, "s_index": 2969}