{
	"numRecords": 8893134,
	"numReads": 11759688,
	"numBarcodes": 350180,
	"medianReadsPerBarcode": 2.000000,
	"meanReadsPerBarcode": 33.581838,
	"numUMIs": 1036459,
	"numBarcodeUMIs": 8271929,
	"medianUMIsPerBarcode": 1.000000,
	"meanUMIsPerBarcode": 23.621934,
	"gtRecords": 5436586,
	"numBarcodesOnWhitelist": 174691,
	"percentageBarcodesOnWhitelist": 49.886059,
	"numReadsOnWhitelist": 11422217,
	"percentageReadsOnWhitelist": 97.130273
}
