{
	"numRecords": 74862162,
	"numReads": 280355999,
	"numBarcodes": 1910063,
	"medianReadsPerBarcode": 2.000000,
	"meanReadsPerBarcode": 146.778404,
	"numUMIs": 1048576,
	"numBarcodeUMIs": 37848126,
	"medianUMIsPerBarcode": 1.000000,
	"meanUMIsPerBarcode": 19.815119,
	"gtRecords": 27008932,
	"numTargets": 185430,
	"medianTargetsPerSet": 4.000000,
	"meanTargetsPerSet": 4.621646,
	"numSingleton": 48706624,
	"gtTargets": 6750,
	"numBarcodesOnWhitelist": 505441,
	"percentageBarcodesOnWhitelist": 26.462007,
	"numReadsOnWhitelist": 271712544,
	"percentageReadsOnWhitelist": 96.916972
}
