{"ncells": 7362, "ngenes": 60623, "nvals": 6162146, "density": 0.013806981616934725, "avg_counts_per_cell": 2518.154305895137, "avg_counts_per_gene": 305.80228626099006, "avg_nnzero_per_cell": 837.0206465634338, "avg_nnzero_per_gene": 101.64699866387345, "min_cell": 201, "max_cell": 40666, "total_counts": 18538652, "overdispersion": 4.577763954278411, "s_index": 1980}