{"ncells": 7362, "ngenes": 60623, "nvals": 6162146, "density": 0.013806981616934725, "avg_per_cell": 2518.154305895137, "avg_per_gene": 305.80228626099006, "min_cell": 201, "max_cell": 40666, "total_count": 18538652, "overdispersion": 4.577763954278411, "s_index": 1980}