{
	"numRecords": 167687888,
	"numReads": 311345941,
	"numBarcodes": 1493416,
	"medianReadsPerBarcode": 3.000000,
	"meanReadsPerBarcode": 208.479045,
	"numUMIs": 1048576,
	"numBarcodeUMIs": 96440572,
	"medianUMIsPerBarcode": 1.000000,
	"meanUMIsPerBarcode": 64.577165,
	"gtRecords": 73938454,
	"numTargets": 184615,
	"medianTargetsPerSet": 5.000000,
	"meanTargetsPerSet": 5.154713,
	"numSingleton": 37536168,
	"gtTargets": 7205,
	"numBarcodesOnWhitelist": 494023,
	"percentageBarcodesOnWhitelist": 33.080066,
	"numReadsOnWhitelist": 299600315,
	"percentageReadsOnWhitelist": 96.227468
}
