{
  "ncells": 3245,
  "ngenes": 60623,
  "nvals": 10875436,
  "density": 0.05528337541521552,
  "avg_per_cell": 19257.718644067798,
  "avg_per_gene": 1030.8182867888424,
  "min_cell": 3069,
  "max_cell": 68466,
  "total_counts": 62491297,
  "overdispersion": 1.249574880706628
}
