{
	"numRecords": 182126470,
	"numReads": 488496315,
	"numBarcodes": 2068214,
	"medianReadsPerBarcode": 2.000000,
	"meanReadsPerBarcode": 236.192345,
	"numUMIs": 1048576,
	"numBarcodeUMIs": 78300305,
	"medianUMIsPerBarcode": 1.000000,
	"meanUMIsPerBarcode": 37.858899,
	"gtRecords": 70734804,
	"numTargets": 179803,
	"medianTargetsPerSet": 5.000000,
	"meanTargetsPerSet": 5.532283,
	"numSingleton": 54234188,
	"gtTargets": 6077,
	"numBarcodesOnWhitelist": 485968,
	"percentageBarcodesOnWhitelist": 23.496988,
	"numReadsOnWhitelist": 471897931,
	"percentageReadsOnWhitelist": 96.602148
}
