{
  "ncells": 1350,
  "ngenes": 63140,
  "nvals": 1152791,
  "density": 0.013524220133976231,
  "avg_counts_per_cell": 3093.928888888889,
  "avg_counts_per_gene": 66.15147291732657,
  "avg_nnzero_per_cell": 853.9192592592592,
  "avg_nnzero_per_gene": 18.25769718086791,
  "min_cell": 232,
  "max_cell": 66805,
  "total_counts": 4176804,
  "overdispersion": 1.2505370493622292,
  "s_index": 940
}
