{
  "ncells": 199876,
  "ngenes": 63140,
  "nvals": 2040608,
  "density": 0.00016169416866141517,
  "avg_counts_per_cell": 26.1792861574176,
  "avg_counts_per_gene": 82.8731548938866,
  "avg_nnzero_per_cell": 10.209369809281755,
  "avg_nnzero_per_gene": 32.318783655369025,
  "min_cell": 0,
  "max_cell": 66805,
  "total_counts": 5232611,
  "overdispersion": 272.88523842196344,
  "s_index": 940
}
