{
  "ncells": 9290,
  "ngenes": 60623,
  "nvals": 9352835,
  "density": 0.016606959807909147,
  "avg_per_cell": 2934.239181916039,
  "avg_per_gene": 449.64917605529257,
  "min_cell": 371,
  "max_cell": 16889,
  "total_counts": 27259082,
  "overdispersion": 0.7528314410014931
}
