{"ncells": 25540, "ngenes": 60623, "nvals": 12806624, "density": 0.008271348925399, "avg_per_cell": 1295.320125293657, "avg_per_gene": 545.708328522178, "min_cell": 132, "max_cell": 16889, "total_count": 33082476, "overdispersion": 2.798288060864479, "s_index": 3267}