{
	"numRecords": 34878361,
	"numReads": 424948595,
	"numBarcodes": 819983,
	"medianReadsPerBarcode": 2.000000,
	"meanReadsPerBarcode": 518.240738,
	"numUMIs": 1044595,
	"numBarcodeUMIs": 11357803,
	"medianUMIsPerBarcode": 1.000000,
	"meanUMIsPerBarcode": 13.851266,
	"gtRecords": 11884101,
	"numBarcodesOnWhitelist": 218623,
	"percentageBarcodesOnWhitelist": 26.661894,
	"numReadsOnWhitelist": 414487126,
	"percentageReadsOnWhitelist": 97.538180
}
