{"ncells": 2959, "ngenes": 60623, "nvals": 1110357, "density": 0.006189851720830645, "avg_counts_per_cell": 1306.0266982088544, "avg_counts_per_gene": 63.74697721986705, "avg_nnzero_per_cell": 375.24738087191616, "avg_nnzero_per_gene": 18.315771241937878, "min_cell": 83, "max_cell": 52464, "total_counts": 3864533, "overdispersion": 10.638854423606496, "s_index": 410}