{
  "ncells": 1319,
  "ngenes": 60623,
  "nvals": 1218489,
  "density": 0.015238400836640154,
  "avg_per_cell": 2432.3100833965127,
  "avg_per_gene": 52.92078913943553,
  "min_cell": 49,
  "max_cell": 36099,
  "total_counts": 3208217,
  "overdispersion": 0.8071366579113032
}
