{"ncells": 777, "ngenes": 60623, "nvals": 1168214, "density": 0.024800701408589504, "avg_counts_per_cell": 4034.118404118404, "avg_counts_per_gene": 51.70496346271217, "avg_nnzero_per_cell": 1503.4929214929216, "avg_nnzero_per_gene": 19.270144994474045, "min_cell": 1097, "max_cell": 36099, "total_counts": 3134510, "overdispersion": 0.1123954571772785, "s_index": 777}