{
	"numRecords": 12538632,
	"numReads": 107662140,
	"numBarcodes": 349209,
	"medianReadsPerBarcode": 2.000000,
	"meanReadsPerBarcode": 308.302879,
	"numUMIs": 1021194,
	"numBarcodeUMIs": 5791508,
	"medianUMIsPerBarcode": 1.000000,
	"meanUMIsPerBarcode": 16.584647,
	"gtRecords": 5752584,
	"numTargets": 162153,
	"medianTargetsPerSet": 3.000000,
	"meanTargetsPerSet": 3.927183,
	"numSingleton": 27400791,
	"gtTargets": 7797,
	"numBarcodesOnWhitelist": 114275,
	"percentageBarcodesOnWhitelist": 32.723956,
	"numReadsOnWhitelist": 104511029,
	"percentageReadsOnWhitelist": 97.073148
}
