{"ncells": 471, "ngenes": 60623, "nvals": 629368, "density": 0.022041762894150066, "avg_counts_per_cell": 3290.4012738853503, "avg_counts_per_gene": 25.564208303779093, "avg_nnzero_per_cell": 1336.2377919320595, "avg_nnzero_per_gene": 10.38167032314468, "min_cell": 1382, "max_cell": 21862, "total_counts": 1549779, "overdispersion": 0.38810731672229304, "s_index": 471}