{
	"numRecords": 7853861,
	"numReads": 17248070,
	"numBarcodes": 333722,
	"medianReadsPerBarcode": 3.000000,
	"meanReadsPerBarcode": 51.683947,
	"numUMIs": 1001513,
	"numBarcodeUMIs": 5281960,
	"medianUMIsPerBarcode": 1.000000,
	"meanUMIsPerBarcode": 15.827425,
	"gtRecords": 3319911,
	"numTargets": 139509,
	"medianTargetsPerSet": 3.000000,
	"meanTargetsPerSet": 4.181462,
	"numSingleton": 4195319,
	"gtTargets": 10417,
	"numBarcodesOnWhitelist": 100585,
	"percentageBarcodesOnWhitelist": 30.140356,
	"numReadsOnWhitelist": 16347856,
	"percentageReadsOnWhitelist": 94.780784
}
