{
	"numRecords": 57840423,
	"numReads": 69484561,
	"numBarcodes": 1556680,
	"medianReadsPerBarcode": 1.000000,
	"meanReadsPerBarcode": 44.636381,
	"numUMIs": 14896959,
	"numBarcodeUMIs": 53999365,
	"medianUMIsPerBarcode": 1.000000,
	"meanUMIsPerBarcode": 34.688802,
	"gtRecords": 41873743,
	"numTargets": 190780,
	"medianTargetsPerSet": 2.000000,
	"meanTargetsPerSet": 3.696482,
	"numSingleton": 25771435,
	"gtTargets": 5848,
	"numBarcodesOnWhitelist": 704627,
	"percentageBarcodesOnWhitelist": 45.264730,
	"numReadsOnWhitelist": 67168944,
	"percentageReadsOnWhitelist": 96.667437
}
