{
  "ncells": 1051,
  "ngenes": 63140,
  "nvals": 1035589,
  "density": 0.015605587932756019,
  "avg_counts_per_cell": 2932.7392959086583,
  "avg_counts_per_gene": 48.81705733291099,
  "avg_nnzero_per_cell": 985.336822074215,
  "avg_nnzero_per_gene": 16.401472917326576,
  "min_cell": 136,
  "max_cell": 27355,
  "total_counts": 3082309,
  "overdispersion": 4.953982722980814,
  "s_index": 976
}
