{
  "ncells": 191422,
  "ngenes": 63140,
  "nvals": 2647365,
  "density": 0.00021903695625094215,
  "avg_counts_per_cell": 26.369299244600935,
  "avg_counts_per_gene": 79.94399746594868,
  "avg_nnzero_per_cell": 13.829993417684488,
  "avg_nnzero_per_gene": 41.92849223946785,
  "min_cell": 0,
  "max_cell": 27355,
  "total_counts": 5047664,
  "overdispersion": 605.1125790733979,
  "s_index": 996
}
