{
	"numRecords": 63563213,
	"numReads": 138233293,
	"numBarcodes": 978142,
	"medianReadsPerBarcode": 3.000000,
	"meanReadsPerBarcode": 141.322316,
	"numUMIs": 1047920,
	"numBarcodeUMIs": 38934263,
	"medianUMIsPerBarcode": 1.000000,
	"meanUMIsPerBarcode": 39.804306,
	"gtRecords": 28494657,
	"numBarcodesOnWhitelist": 323676,
	"percentageBarcodesOnWhitelist": 33.090901,
	"numReadsOnWhitelist": 133585063,
	"percentageReadsOnWhitelist": 96.637402
}
