{"ncells": 4552, "ngenes": 60623, "nvals": 9352793, "density": 0.03389234705824151, "avg_counts_per_cell": 6621.260984182777, "avg_counts_per_gene": 497.17071078633523, "avg_nnzero_per_cell": 2054.655755711775, "avg_nnzero_per_gene": 154.27796380911536, "min_cell": 81, "max_cell": 51543, "total_counts": 30139980, "overdispersion": 0.4909016362444354, "s_index": 3555}