{
	"numRecords": 100940826,
	"numReads": 156470989,
	"numBarcodes": 1326095,
	"medianReadsPerBarcode": 2.000000,
	"meanReadsPerBarcode": 117.993801,
	"numUMIs": 1048576,
	"numBarcodeUMIs": 72562791,
	"medianUMIsPerBarcode": 1.000000,
	"meanUMIsPerBarcode": 54.719150,
	"gtRecords": 53155904,
	"numBarcodesOnWhitelist": 412459,
	"percentageBarcodesOnWhitelist": 31.103277,
	"numReadsOnWhitelist": 151607870,
	"percentageReadsOnWhitelist": 96.892000
}
