{
  "ncells": 3244,
  "ngenes": 60623,
  "nvals": 12194113,
  "density": 0.06200574722965425,
  "avg_per_cell": 16247.125770653514,
  "avg_per_gene": 869.4006565165037,
  "min_cell": 2615,
  "max_cell": 133753,
  "total_counts": 52705676,
  "overdispersion": 0.7758842161418166
}
