{
	"numRecords": 60837034,
	"numReads": 204789467,
	"numBarcodes": 1822852,
	"medianReadsPerBarcode": 2.000000,
	"meanReadsPerBarcode": 112.345636,
	"numUMIs": 1048576,
	"numBarcodeUMIs": 41065946,
	"medianUMIsPerBarcode": 1.000000,
	"meanUMIsPerBarcode": 22.528404,
	"gtRecords": 19401612,
	"numBarcodesOnWhitelist": 349303,
	"percentageBarcodesOnWhitelist": 19.162444,
	"numReadsOnWhitelist": 196630632,
	"percentageReadsOnWhitelist": 96.015989
}
