{
  "ncells": 7247,
  "ngenes": 60623,
  "nvals": 7173610,
  "density": 0.016328341568672303,
  "avg_per_cell": 3388.168897474817,
  "avg_per_gene": 405.0287844547449,
  "min_cell": 381,
  "max_cell": 93541,
  "total_counts": 24554060,
  "overdispersion": 10.706826289390992
}
