{"ncells": 15419, "ngenes": 60623, "nvals": 8099974, "density": 0.008665427484449447, "avg_per_cell": 1756.604449056359, "avg_per_gene": 446.77901126635106, "min_cell": 222, "max_cell": 93541, "total_count": 27085084, "overdispersion": 20.74091609580362, "s_index": 2293}