{
  "ncells": 3394,
  "ngenes": 63140,
  "nvals": 2380225,
  "density": 0.011107123398182225,
  "avg_counts_per_cell": 1363.2401296405421,
  "avg_counts_per_gene": 73.27901488755147,
  "avg_nnzero_per_cell": 701.3037713612257,
  "avg_nnzero_per_gene": 37.69757681343047,
  "min_cell": 181,
  "max_cell": 9347,
  "total_counts": 4626837,
  "overdispersion": 1.7301881620667015,
  "s_index": 1350
}
