{
  "ncells": 327178,
  "ngenes": 63140,
  "nvals": 4423725,
  "density": 0.0002141408146217343,
  "avg_counts_per_cell": 20.85441258275312,
  "avg_counts_per_gene": 108.06311371555275,
  "avg_nnzero_per_cell": 13.520851035216305,
  "avg_nnzero_per_gene": 70.06216344630978,
  "min_cell": 0,
  "max_cell": 9347,
  "total_counts": 6823105,
  "overdispersion": 229.17690336853238,
  "s_index": 1350
}
