{
	"numRecords": 264810049,
	"numReads": 419883603,
	"numBarcodes": 3802797,
	"medianReadsPerBarcode": 1.000000,
	"meanReadsPerBarcode": 110.414414,
	"numUMIs": 1048576,
	"numBarcodeUMIs": 181316039,
	"medianUMIsPerBarcode": 1.000000,
	"meanUMIsPerBarcode": 47.679652,
	"gtRecords": 141065801,
	"numTargets": 186981,
	"medianTargetsPerSet": 4.000000,
	"meanTargetsPerSet": 4.873534,
	"numSingleton": 88229774,
	"gtTargets": 5429,
	"numBarcodesOnWhitelist": 629126,
	"percentageBarcodesOnWhitelist": 16.543770,
	"numReadsOnWhitelist": 404184821,
	"percentageReadsOnWhitelist": 96.261159
}
