{"ncells": 12351, "ngenes": 60623, "nvals": 24428199, "density": 0.03262510389701434, "avg_counts_per_cell": 8696.631365881305, "avg_counts_per_gene": 1771.804331689293, "avg_nnzero_per_cell": 1977.8316735487006, "avg_nnzero_per_gene": 402.95265823202413, "min_cell": 628, "max_cell": 87051, "total_counts": 107412094, "overdispersion": 2.5897338996519808, "s_index": 4952}