{
  "ncells": 5819,
  "ngenes": 60623,
  "nvals": 6539193,
  "density": 0.018536954082014605,
  "avg_per_cell": 3004.679841897233,
  "avg_per_gene": 288.4092176236742,
  "min_cell": 330,
  "max_cell": 57730,
  "total_counts": 17484232,
  "overdispersion": 0.8561660665574096
}
