{"ncells": 7277, "ngenes": 60623, "nvals": 6708968, "density": 0.015207783504488509, "avg_per_cell": 2467.5891163941183, "avg_per_gene": 296.2018705771737, "min_cell": 250, "max_cell": 57730, "total_count": 17956646, "overdispersion": 1.2919245248499027, "s_index": 2609}