{
	"numRecords": 75620021,
	"numReads": 279483087,
	"numBarcodes": 900445,
	"medianReadsPerBarcode": 5.000000,
	"meanReadsPerBarcode": 310.383296,
	"numUMIs": 1048554,
	"numBarcodeUMIs": 35794934,
	"medianUMIsPerBarcode": 1.000000,
	"meanUMIsPerBarcode": 39.752493,
	"gtRecords": 24281797,
	"numBarcodesOnWhitelist": 291168,
	"percentageBarcodesOnWhitelist": 32.336012,
	"numReadsOnWhitelist": 270959077,
	"percentageReadsOnWhitelist": 96.950080
}
