{"ncells": 7337, "ngenes": 60623, "nvals": 7376029, "density": 0.016583136377700272, "avg_counts_per_cell": 3379.299032302031, "avg_counts_per_gene": 408.98531910331064, "avg_nnzero_per_cell": 1005.3194766253237, "avg_nnzero_per_gene": 121.67047160318691, "min_cell": 53, "max_cell": 47730, "total_counts": 24793917, "overdispersion": 4.659501239799522, "s_index": 2898}