{
  "ncells": 1689,
  "ngenes": 63140,
  "nvals": 1460182,
  "density": 0.01369218515603301,
  "avg_counts_per_cell": 2155.876850207223,
  "avg_counts_per_gene": 57.66987646499842,
  "avg_nnzero_per_cell": 864.5245707519242,
  "avg_nnzero_per_gene": 23.126100728539754,
  "min_cell": 152,
  "max_cell": 20517,
  "total_counts": 3641276,
  "overdispersion": 0.9731814842442102,
  "s_index": 1049
}
