{
  "ncells": 305382,
  "ngenes": 63140,
  "nvals": 2198208,
  "density": 0.00011400417902885584,
  "avg_counts_per_cell": 14.653335822019635,
  "avg_counts_per_gene": 70.87210959771936,
  "avg_nnzero_per_cell": 7.198223863881958,
  "avg_nnzero_per_gene": 34.81482420019005,
  "min_cell": 0,
  "max_cell": 20517,
  "total_counts": 4474865,
  "overdispersion": 235.93408404623796,
  "s_index": 1049
}
