{
  "ncells": 6663,
  "ngenes": 63140,
  "nvals": 5363109,
  "density": 0.01274800522612429,
  "avg_counts_per_cell": 2863.298364100255,
  "avg_counts_per_gene": 302.15643015521067,
  "avg_nnzero_per_cell": 804.9090499774876,
  "avg_nnzero_per_gene": 84.93995882166614,
  "min_cell": 148,
  "max_cell": 36650,
  "total_counts": 19078157,
  "overdispersion": 12.304485751187126,
  "s_index": 2542
}
