{
  "ncells": 299297,
  "ngenes": 63140,
  "nvals": 7004148,
  "density": 0.00037063665954358346,
  "avg_counts_per_cell": 70.39863413265084,
  "avg_counts_per_gene": 333.70446626544185,
  "avg_nnzero_per_cell": 23.40199868358186,
  "avg_nnzero_per_gene": 110.9304402914159,
  "min_cell": 0,
  "max_cell": 36650,
  "total_counts": 21070100,
  "overdispersion": 463.094643817264,
  "s_index": 2542
}
