{
	"numRecords": 66150841,
	"numReads": 196144921,
	"numBarcodes": 973387,
	"medianReadsPerBarcode": 4.000000,
	"meanReadsPerBarcode": 201.507644,
	"numUMIs": 1048576,
	"numBarcodeUMIs": 33574970,
	"medianUMIsPerBarcode": 1.000000,
	"meanUMIsPerBarcode": 34.492930,
	"gtRecords": 24588417,
	"numTargets": 175983,
	"medianTargetsPerSet": 4.000000,
	"meanTargetsPerSet": 4.679581,
	"numSingleton": 29131926,
	"gtTargets": 7287,
	"numBarcodesOnWhitelist": 289012,
	"percentageBarcodesOnWhitelist": 29.691377,
	"numReadsOnWhitelist": 189174626,
	"percentageReadsOnWhitelist": 96.446355
}
