{
  "ncells": 6242,
  "ngenes": 60623,
  "nvals": 6913412,
  "density": 0.01826969304405596,
  "avg_per_cell": 3493.6723806472282,
  "avg_per_gene": 359.7232568497105,
  "min_cell": 933,
  "max_cell": 41050,
  "total_counts": 21807503,
  "overdispersion": 6.702531362888668
}
