{"ncells": 1065, "ngenes": 60623, "nvals": 1775381, "density": 0.027498217065231676, "avg_per_cell": 8934.366197183099, "avg_per_gene": 156.9552809989608, "min_cell": 4500, "max_cell": 41050, "total_count": 9515100, "overdispersion": 1.0331554852922324, "s_index": 1065}