{
  "ncells": 287357,
  "ngenes": 63140,
  "nvals": 4725768,
  "density": 0.0002604630001315199,
  "avg_counts_per_cell": 36.113291132632924,
  "avg_counts_per_gene": 164.35551156160912,
  "avg_nnzero_per_cell": 16.445633828304164,
  "avg_nnzero_per_gene": 74.84586632879316,
  "min_cell": 0,
  "max_cell": 67606,
  "total_counts": 10377407,
  "overdispersion": 10522.758871119864,
  "s_index": 1504
}
