{
  "ncells": 2493,
  "ngenes": 63140,
  "nvals": 2594337,
  "density": 0.01648160621040783,
  "avg_counts_per_cell": 3185.0653830726033,
  "avg_counts_per_gene": 125.75812480202724,
  "avg_nnzero_per_cell": 1040.6486161251505,
  "avg_nnzero_per_gene": 41.088644282546724,
  "min_cell": 215,
  "max_cell": 67606,
  "total_counts": 7940368,
  "overdispersion": 118.03115891054095,
  "s_index": 1504
}
