{
	"numRecords": 1716811,
	"numReads": 22747429,
	"numBarcodes": 331764,
	"medianReadsPerBarcode": 1.000000,
	"meanReadsPerBarcode": 68.565091,
	"numUMIs": 641152,
	"numBarcodeUMIs": 1286156,
	"medianUMIsPerBarcode": 1.000000,
	"meanUMIsPerBarcode": 3.876720,
	"gtRecords": 1138459,
	"numTargets": 124195,
	"medianTargetsPerSet": 1.000000,
	"meanTargetsPerSet": 1.139613,
	"numSingleton": 21644028,
	"gtTargets": 15667,
	"numBarcodesOnWhitelist": 51853,
	"percentageBarcodesOnWhitelist": 15.629484,
	"numReadsOnWhitelist": 21747323,
	"percentageReadsOnWhitelist": 95.603433
}
