{
  "ncells": 9125,
  "ngenes": 63140,
  "nvals": 5571516,
  "density": 0.009670210577928587,
  "avg_counts_per_cell": 1957.5357808219178,
  "avg_counts_per_gene": 282.9032942667089,
  "avg_nnzero_per_cell": 610.577095890411,
  "avg_nnzero_per_gene": 88.24067152359835,
  "min_cell": 130,
  "max_cell": 9987,
  "total_counts": 17862514,
  "overdispersion": 0.7955600928544843,
  "s_index": 2472
}
