{
  "ncells": 316174,
  "ngenes": 63140,
  "nvals": 6342217,
  "density": 0.00031769499005971296,
  "avg_counts_per_cell": 60.3588593622499,
  "avg_counts_per_gene": 302.2474184352233,
  "avg_nnzero_per_cell": 20.059261672370276,
  "avg_nnzero_per_gene": 100.4468957871397,
  "min_cell": 0,
  "max_cell": 9987,
  "total_counts": 19083902,
  "overdispersion": 58.06946430654131,
  "s_index": 2472
}
