{
  "ncells": 140134,
  "ngenes": 63140,
  "nvals": 1109560,
  "density": 0.00012540148967060214,
  "avg_counts_per_cell": 24.34011018025604,
  "avg_counts_per_gene": 54.0208584098828,
  "avg_nnzero_per_cell": 7.917850057801818,
  "avg_nnzero_per_gene": 17.573012353500157,
  "min_cell": 0,
  "max_cell": 41305,
  "total_counts": 3410877,
  "overdispersion": 501.8363833621138,
  "s_index": 419
}
