{
  "ncells": 595,
  "ngenes": 63140,
  "nvals": 661448,
  "density": 0.017606545944320078,
  "avg_counts_per_cell": 4877.747899159664,
  "avg_counts_per_gene": 45.965473550839405,
  "avg_nnzero_per_cell": 1111.6773109243697,
  "avg_nnzero_per_gene": 10.475894836870447,
  "min_cell": 33,
  "max_cell": 41305,
  "total_counts": 2902260,
  "overdispersion": 1.7735075255027615,
  "s_index": 419
}
