{"ncells": 1065, "ngenes": 60623, "nvals": 1775381, "density": 0.027498217065231676, "avg_counts_per_cell": 8934.366197183099, "avg_counts_per_gene": 156.9552809989608, "avg_nnzero_per_cell": 1667.02441314554, "avg_nnzero_per_gene": 29.285601174471736, "min_cell": 4500, "max_cell": 41050, "total_counts": 9515100, "overdispersion": 1.0331554852922324, "s_index": 1065}