{
  "ncells": 5272,
  "ngenes": 63140,
  "nvals": 16187776,
  "density": 0.04863032892197554,
  "avg_counts_per_cell": 12740.266691957511,
  "avg_counts_per_gene": 1063.7739309471017,
  "avg_nnzero_per_cell": 3070.5189681335355,
  "avg_nnzero_per_gene": 256.37909407665506,
  "min_cell": 280,
  "max_cell": 52464,
  "total_counts": 67166686,
  "overdispersion": 0.6975391258010264,
  "s_index": 4031
}
