{
  "ncells": 550149,
  "ngenes": 63140,
  "nvals": 29976137,
  "density": 0.0008629601863501381,
  "avg_counts_per_cell": 153.86103946385433,
  "avg_counts_per_gene": 1340.6160437123851,
  "avg_nnzero_per_cell": 54.48730616614772,
  "avg_nnzero_per_gene": 474.7566835603421,
  "min_cell": 0,
  "max_cell": 52464,
  "total_counts": 84646497,
  "overdispersion": 103.50259873218269,
  "s_index": 4031
}
