{
  "ncells": 2049,
  "ngenes": 63140,
  "nvals": 8745440,
  "density": 0.06759819951263725,
  "avg_counts_per_cell": 32616.150805270863,
  "avg_counts_per_gene": 1058.4493664871713,
  "avg_nnzero_per_cell": 4268.150317227916,
  "avg_nnzero_per_gene": 138.50871080139373,
  "min_cell": 454,
  "max_cell": 206985,
  "total_counts": 66830493,
  "overdispersion": 0.7804502098430025,
  "s_index": 1890
}
