{
  "ncells": 1863884,
  "ngenes": 63140,
  "nvals": 13481134,
  "density": 0.0001145520769203516,
  "avg_counts_per_cell": 38.90636327153407,
  "avg_counts_per_gene": 1148.510421286031,
  "avg_nnzero_per_cell": 7.232818136751,
  "avg_nnzero_per_gene": 213.51178333861262,
  "min_cell": 0,
  "max_cell": 206985,
  "total_counts": 72516948,
  "overdispersion": 1159.6115974067147,
  "s_index": 1890
}
