{
  "ncells": 11116,
  "ngenes": 63140,
  "nvals": 7551762,
  "density": 0.010759576524371721,
  "avg_counts_per_cell": 2795.593918675783,
  "avg_counts_per_gene": 492.173297434273,
  "avg_nnzero_per_cell": 679.3596617488305,
  "avg_nnzero_per_gene": 119.60345264491606,
  "min_cell": 15,
  "max_cell": 91013,
  "total_counts": 31075822,
  "overdispersion": 2.8575773124597506,
  "s_index": 2939
}
