{
  "ncells": 1369628,
  "ngenes": 63140,
  "nvals": 14982432,
  "density": 0.0001732507453875841,
  "avg_counts_per_cell": 35.77288942691008,
  "avg_counts_per_gene": 775.9827526132405,
  "avg_nnzero_per_cell": 10.93905206377206,
  "avg_nnzero_per_gene": 237.28907190370606,
  "min_cell": 0,
  "max_cell": 91013,
  "total_counts": 48995551,
  "overdispersion": 130.08006441606148,
  "s_index": 2939
}
