{"ncells": 2965, "ngenes": 60623, "nvals": 10879648, "density": 0.06052749807862092, "avg_counts_per_cell": 12896.479932546374, "avg_counts_per_gene": 630.7517443874438, "avg_nnzero_per_cell": 3669.358516020236, "avg_nnzero_per_gene": 179.46403180311103, "min_cell": 3997, "max_cell": 120661, "total_counts": 38238063, "overdispersion": 0.6004785453607008, "s_index": 2965}