{
  "ncells": 3955,
  "ngenes": 63140,
  "nvals": 3348180,
  "density": 0.013407806463833105,
  "avg_counts_per_cell": 1463.813147914033,
  "avg_counts_per_gene": 91.69117833386126,
  "avg_nnzero_per_cell": 846.5689001264222,
  "avg_nnzero_per_gene": 53.02787456445993,
  "min_cell": 217,
  "max_cell": 13982,
  "total_counts": 5789381,
  "overdispersion": 1.5639129520021582,
  "s_index": 1473
}
