{
  "ncells": 458568,
  "ngenes": 63140,
  "nvals": 4724426,
  "density": 0.00016317015573130366,
  "avg_counts_per_cell": 15.765751208108721,
  "avg_counts_per_gene": 114.50220145707951,
  "avg_nnzero_per_cell": 10.302563632874513,
  "avg_nnzero_per_gene": 74.82461197339246,
  "min_cell": 0,
  "max_cell": 13982,
  "total_counts": 7229669,
  "overdispersion": 273.07842221319504,
  "s_index": 1473
}
