{
  "ncells": 6724,
  "ngenes": 63140,
  "nvals": 6110283,
  "density": 0.014392261552234565,
  "avg_counts_per_cell": 2471.86243307555,
  "avg_counts_per_gene": 263.2372980677859,
  "avg_nnzero_per_cell": 908.7273944080904,
  "avg_nnzero_per_gene": 96.77356667722522,
  "min_cell": 104,
  "max_cell": 61250,
  "total_counts": 16620803,
  "overdispersion": 1.8524652028771738,
  "s_index": 2177
}
