{
  "ncells": 325387,
  "ngenes": 63140,
  "nvals": 8087898,
  "density": 0.00039366870370432583,
  "avg_counts_per_cell": 57.71025886098707,
  "avg_counts_per_gene": 297.40525815647766,
  "avg_nnzero_per_cell": 24.856241951891132,
  "avg_nnzero_per_gene": 128.09467849223947,
  "min_cell": 0,
  "max_cell": 61250,
  "total_counts": 18778168,
  "overdispersion": 119.6881362073167,
  "s_index": 2177
}
