{
  "ncells": 5101,
  "ngenes": 60623,
  "nvals": 7543417,
  "density": 0.02439357025431839,
  "avg_per_cell": 7064.9049206038035,
  "avg_per_gene": 594.4621678240932,
  "min_cell": 429,
  "max_cell": 66298,
  "total_counts": 36038080,
  "overdispersion": 11.09375128168953
}
