{
  "ncells": 6538,
  "ngenes": 60623,
  "nvals": 5867441,
  "density": 0.01480356758793106,
  "avg_per_cell": 2053.7483940042825,
  "avg_per_gene": 221.49030895864607,
  "min_cell": 360,
  "max_cell": 28776,
  "total_counts": 13427407,
  "overdispersion": 0.7747850128090001
}
