{
  "ncells": 1868,
  "ngenes": 63140,
  "nvals": 7155768,
  "density": 0.06067011277749253,
  "avg_counts_per_cell": 19392.943790149893,
  "avg_counts_per_gene": 573.741194171682,
  "avg_nnzero_per_cell": 3830.710920770878,
  "avg_nnzero_per_gene": 113.33177066835603,
  "min_cell": 194,
  "max_cell": 111576,
  "total_counts": 36226019,
  "overdispersion": 0.8325855312021269,
  "s_index": 1579
}
