{
  "ncells": 505988,
  "ngenes": 63140,
  "nvals": 16840890,
  "density": 0.0005271330476526705,
  "avg_counts_per_cell": 94.7996612567887,
  "avg_counts_per_gene": 759.7005226480836,
  "avg_nnzero_per_cell": 33.283180628789616,
  "avg_nnzero_per_gene": 266.7229965156794,
  "min_cell": 0,
  "max_cell": 111576,
  "total_counts": 47967491,
  "overdispersion": 362.8901914218134,
  "s_index": 1579
}
