{
  "ncells": 490193,
  "ngenes": 63140,
  "nvals": 12881064,
  "density": 0.000416178897417223,
  "avg_counts_per_cell": 131.34749782228633,
  "avg_counts_per_gene": 1019.7279695913842,
  "avg_nnzero_per_cell": 26.27753558292346,
  "avg_nnzero_per_gene": 204.0079822616408,
  "min_cell": 0,
  "max_cell": 120895,
  "total_counts": 64385624,
  "overdispersion": 659.0347905934805,
  "s_index": 2897
}
