{
  "ncells": 3290,
  "ngenes": 63140,
  "nvals": 10224939,
  "density": 0.04922211267863281,
  "avg_counts_per_cell": 18126.402431610943,
  "avg_counts_per_gene": 944.5021222679759,
  "avg_nnzero_per_cell": 3107.8841945288755,
  "avg_nnzero_per_gene": 161.94075071270194,
  "min_cell": 769,
  "max_cell": 120895,
  "total_counts": 59635864,
  "overdispersion": 6.873884746621061,
  "s_index": 2897
}
