{
  "ncells": 1616,
  "ngenes": 60623,
  "nvals": 5803684,
  "density": 0.0592413541702223,
  "avg_per_cell": 13075.908415841584,
  "avg_per_gene": 348.55859987133596,
  "min_cell": 6256,
  "max_cell": 43409,
  "total_counts": 21130668,
  "overdispersion": 0.4516734623989521
}
