{"ncells": 2948, "ngenes": 60623, "nvals": 6490481, "density": 0.03631716838128818, "avg_per_cell": 7669.064789687924, "avg_per_gene": 372.93441433119443, "min_cell": 110, "max_cell": 43409, "total_count": 22608403, "overdispersion": 1.371587403041399, "s_index": 1889}