{"ncells": 2948, "ngenes": 60623, "nvals": 6490481, "density": 0.03631716838128818, "avg_counts_per_cell": 7669.064789687924, "avg_counts_per_gene": 372.93441433119443, "avg_nnzero_per_cell": 2201.655698778833, "avg_nnzero_per_gene": 107.06301238803755, "min_cell": 110, "max_cell": 43409, "total_counts": 22608403, "overdispersion": 1.371587403041399, "s_index": 1889}