{
  "ncells": 250961,
  "ngenes": 63140,
  "nvals": 3055475,
  "density": 0.000192827033889016,
  "avg_counts_per_cell": 30.612262463091874,
  "avg_counts_per_gene": 121.67380424453596,
  "avg_nnzero_per_cell": 12.175098919752472,
  "avg_nnzero_per_gene": 48.39206525182135,
  "min_cell": 0,
  "max_cell": 20310,
  "total_counts": 7682484,
  "overdispersion": 99.4686339040096,
  "s_index": 1454
}
