{
  "ncells": 3208,
  "ngenes": 63140,
  "nvals": 2320753,
  "density": 0.011457503098446472,
  "avg_counts_per_cell": 2068.231608478803,
  "avg_counts_per_gene": 105.08215077605321,
  "avg_nnzero_per_cell": 723.4267456359103,
  "avg_nnzero_per_gene": 36.75566993981628,
  "min_cell": 2,
  "max_cell": 20310,
  "total_counts": 6634887,
  "overdispersion": 1.1181420465170613,
  "s_index": 1454
}
