{
  "ncells": 212666,
  "ngenes": 63140,
  "nvals": 1362816,
  "density": 0.0001014926479866006,
  "avg_counts_per_cell": 16.096418797551088,
  "avg_counts_per_gene": 54.215410199556544,
  "avg_nnzero_per_cell": 6.408245793873962,
  "avg_nnzero_per_gene": 21.584035476718405,
  "min_cell": 0,
  "max_cell": 41079,
  "total_counts": 3423161,
  "overdispersion": 728.22822872972,
  "s_index": 379
}
