{
  "ncells": 573,
  "ngenes": 63140,
  "nvals": 653710,
  "density": 0.018068659302218234,
  "avg_counts_per_cell": 4652.319371727749,
  "avg_counts_per_gene": 42.22012987012987,
  "avg_nnzero_per_cell": 1140.8551483420592,
  "avg_nnzero_per_gene": 10.353341780171048,
  "min_cell": 84,
  "max_cell": 41079,
  "total_counts": 2665779,
  "overdispersion": 2.16877466127725,
  "s_index": 379
}
