{
	"numRecords": 27392446,
	"numReads": 35406838,
	"numBarcodes": 793659,
	"medianReadsPerBarcode": 1.000000,
	"meanReadsPerBarcode": 44.612155,
	"numUMIs": 1048573,
	"numBarcodeUMIs": 23985195,
	"medianUMIsPerBarcode": 1.000000,
	"meanUMIsPerBarcode": 30.221033,
	"gtRecords": 17830710,
	"numBarcodesOnWhitelist": 299099,
	"percentageBarcodesOnWhitelist": 37.686084,
	"numReadsOnWhitelist": 34204900,
	"percentageReadsOnWhitelist": 96.605351
}
