{"ncells": 3101, "ngenes": 60623, "nvals": 5043432, "density": 0.026827918559032986, "avg_per_cell": 3572.541438245727, "avg_per_gene": 182.7433647295581, "min_cell": 1343, "max_cell": 29985, "total_count": 11078451, "overdispersion": 0.6273114564525059, "s_index": 2013}