{
  "ncells": 65120,
  "ngenes": 63140,
  "nvals": 187515,
  "density": 0.00004560548144251027,
  "avg_counts_per_cell": 4.414358108108108,
  "avg_counts_per_gene": 4.552787456445993,
  "avg_nnzero_per_cell": 2.879530098280098,
  "avg_nnzero_per_gene": 2.9698289515362686,
  "min_cell": 0,
  "max_cell": 16049,
  "total_counts": 287463,
  "overdispersion": 96.52224899359119,
  "s_index": 192
}
