{
  "ncells": 96,
  "ngenes": 63140,
  "nvals": 48472,
  "density": 0.007996779643121106,
  "avg_counts_per_cell": 1286.65625,
  "avg_counts_per_gene": 1.9562717770034843,
  "avg_nnzero_per_cell": 504.9166666666667,
  "avg_nnzero_per_gene": 0.7676908457396262,
  "min_cell": 207,
  "max_cell": 16049,
  "total_counts": 123519,
  "overdispersion": 1.3828930163403585,
  "s_index": 96
}
