{
	"numRecords": 75142247,
	"numReads": 275788376,
	"numBarcodes": 1607965,
	"medianReadsPerBarcode": 2.000000,
	"meanReadsPerBarcode": 171.513917,
	"numUMIs": 1048576,
	"numBarcodeUMIs": 54232056,
	"medianUMIsPerBarcode": 1.000000,
	"meanUMIsPerBarcode": 33.727137,
	"gtRecords": 20662669,
	"numBarcodesOnWhitelist": 340678,
	"percentageBarcodesOnWhitelist": 21.186904,
	"numReadsOnWhitelist": 269627252,
	"percentageReadsOnWhitelist": 97.765996
}
