{
  "ncells": 17262,
  "ngenes": 60623,
  "nvals": 7744060,
  "density": 0.007400144033743264,
  "avg_per_cell": 2012.0474452554745,
  "avg_per_gene": 572.9172591260742,
  "min_cell": 389,
  "max_cell": 26520,
  "total_counts": 34731963,
  "overdispersion": 0.8421958162305203
}
