{
  "ncells": 20781,
  "ngenes": 63140,
  "nvals": 70357,
  "density": 0.00005362117088236515,
  "avg_counts_per_cell": 5.357008806120976,
  "avg_counts_per_gene": 1.763129553373456,
  "avg_nnzero_per_cell": 3.3856407295125357,
  "avg_nnzero_per_gene": 1.1143015521064301,
  "min_cell": 0,
  "max_cell": 4990,
  "total_counts": 111324,
  "overdispersion": 115.71752140287701,
  "s_index": 99
}
