{
  "ncells": 40,
  "ngenes": 63140,
  "nvals": 24430,
  "density": 0.009672949002217294,
  "avg_counts_per_cell": 1253.9,
  "avg_counts_per_gene": 0.7943617358251505,
  "avg_nnzero_per_cell": 610.75,
  "avg_nnzero_per_gene": 0.3869179600886918,
  "min_cell": 122,
  "max_cell": 4990,
  "total_counts": 50156,
  "overdispersion": 1.0319438420186917,
  "s_index": 40
}
