{
  "ncells": 118718,
  "ngenes": 63140,
  "nvals": 1444817,
  "density": 0.00019274880484206622,
  "avg_counts_per_cell": 15.196583500395896,
  "avg_counts_per_gene": 28.573139056065884,
  "avg_nnzero_per_cell": 12.170159537728061,
  "avg_nnzero_per_gene": 22.882752613240417,
  "min_cell": 0,
  "max_cell": 4378,
  "total_counts": 1804108,
  "overdispersion": 20.2834789794304,
  "s_index": 448
}
