{
  "ncells": 6258,
  "ngenes": 63140,
  "nvals": 1157097,
  "density": 0.0029283948285187674,
  "avg_counts_per_cell": 239.7837967401726,
  "avg_counts_per_gene": 23.765711118150143,
  "avg_nnzero_per_cell": 184.89884947267498,
  "avg_nnzero_per_gene": 18.325894836870447,
  "min_cell": 33,
  "max_cell": 4378,
  "total_counts": 1500567,
  "overdispersion": 0.5465578514799341,
  "s_index": 448
}
