{
  "ncells": 2032817,
  "ngenes": 63140,
  "nvals": 34264296,
  "density": 0.00026695554838604966,
  "avg_counts_per_cell": 60.460825052132094,
  "avg_counts_per_gene": 1946.5599144757682,
  "avg_nnzero_per_cell": 16.855573325095175,
  "avg_nnzero_per_gene": 542.6717770034843,
  "min_cell": 0,
  "max_cell": 201415,
  "total_counts": 122905793,
  "overdispersion": 674.7380135062791,
  "s_index": 3185
}
