{
  "ncells": 3332,
  "ngenes": 63140,
  "nvals": 14914739,
  "density": 0.0708934460702241,
  "avg_counts_per_cell": 29326.59693877551,
  "avg_counts_per_gene": 1547.611989230282,
  "avg_nnzero_per_cell": 4476.21218487395,
  "avg_nnzero_per_gene": 236.2169623059867,
  "min_cell": 1,
  "max_cell": 201437,
  "total_counts": 97716221,
  "overdispersion": 0.49956792532733185,
  "s_index": 3179
}
