{
  "ncells": 569925,
  "ngenes": 63140,
  "nvals": 25925333,
  "density": 0.0007204470343522658,
  "avg_counts_per_cell": 92.69085230512786,
  "avg_counts_per_gene": 836.661925878999,
  "avg_nnzero_per_cell": 45.48902574900206,
  "avg_nnzero_per_gene": 410.6007760532151,
  "min_cell": 0,
  "max_cell": 33442,
  "total_counts": 52826834,
  "overdispersion": 158.25901891947007,
  "s_index": 4060
}
