{
  "ncells": 10235,
  "ngenes": 63140,
  "nvals": 20721995,
  "density": 0.03206558296874881,
  "avg_counts_per_cell": 4580.9019052271615,
  "avg_counts_per_gene": 742.5646341463415,
  "avg_nnzero_per_cell": 2024.6209086468002,
  "avg_nnzero_per_gene": 328.1912416851441,
  "min_cell": 221,
  "max_cell": 33442,
  "total_counts": 46885531,
  "overdispersion": 2.6586208383804495,
  "s_index": 4060
}
