{
  "ncells": 563,
  "ngenes": 60623,
  "nvals": 154210,
  "density": 0.0045182131807303735,
  "avg_per_cell": 1257.0710479573713,
  "avg_per_gene": 11.67429853355987,
  "min_cell": 457,
  "max_cell": 87451,
  "total_counts": 707731,
  "overdispersion": 5.935440954929447
}
