{"ncells": 978, "ngenes": 60623, "nvals": 216145, "density": 0.0036455991531961908, "avg_counts_per_cell": 891.5040899795501, "avg_counts_per_gene": 14.382181680220379, "avg_nnzero_per_cell": 221.00715746421267, "avg_nnzero_per_gene": 3.5653959718258745, "min_cell": 253, "max_cell": 87451, "total_counts": 871891, "overdispersion": 7.117041769428981, "s_index": 500}