{"ncells": 978, "ngenes": 60623, "nvals": 216145, "density": 0.0036455991531961908, "avg_per_cell": 891.5040899795501, "avg_per_gene": 14.382181680220379, "min_cell": 253, "max_cell": 87451, "total_count": 871891, "overdispersion": 7.117041769428981, "s_index": 500}