{
	"numRecords": 84236835,
	"numReads": 162241708,
	"numBarcodes": 2513913,
	"medianReadsPerBarcode": 2.000000,
	"meanReadsPerBarcode": 64.537519,
	"numUMIs": 1048552,
	"numBarcodeUMIs": 69894696,
	"medianUMIsPerBarcode": 1.000000,
	"meanUMIsPerBarcode": 27.803148,
	"gtRecords": 33591617,
	"numBarcodesOnWhitelist": 15621,
	"percentageBarcodesOnWhitelist": 0.621382,
	"numReadsOnWhitelist": 2103626,
	"percentageReadsOnWhitelist": 1.296600
}
