{
  "ncells": 100,
  "ngenes": 60623,
  "nvals": 267049,
  "density": 0.04405077280899988,
  "avg_per_cell": 7582.5,
  "avg_per_gene": 12.507629117661613,
  "min_cell": 868,
  "max_cell": 42098,
  "total_counts": 758250,
  "overdispersion": 20.99217064222396
}
