{"ncells": 256, "ngenes": 60623, "nvals": 286503, "density": 0.01846085386322023, "avg_counts_per_cell": 3091.66796875, "avg_counts_per_gene": 13.055556471966085, "avg_nnzero_per_cell": 1119.15234375, "avg_nnzero_per_gene": 4.725978588984379, "min_cell": 88, "max_cell": 42098, "total_counts": 791467, "overdispersion": 54.69870438525193, "s_index": 163}