{"ncells": 256, "ngenes": 60623, "nvals": 286503, "density": 0.01846085386322023, "avg_per_cell": 3091.66796875, "avg_per_gene": 13.055556471966085, "min_cell": 88, "max_cell": 42098, "total_count": 791467, "overdispersion": 54.69870438525193, "s_index": 163}