{
  "ncells": 4388,
  "ngenes": 63140,
  "nvals": 9436492,
  "density": 0.03405958716561914,
  "avg_counts_per_cell": 7141.955560619873,
  "avg_counts_per_gene": 496.3398954703833,
  "avg_nnzero_per_cell": 2150.5223336371923,
  "avg_nnzero_per_gene": 149.45346848273678,
  "min_cell": 81,
  "max_cell": 46386,
  "total_counts": 31338901,
  "overdispersion": 0.40459885855927513,
  "s_index": 3850
}
