{
  "ncells": 366744,
  "ngenes": 63140,
  "nvals": 11004619,
  "density": 0.0004752339036724556,
  "avg_counts_per_cell": 90.1430616451803,
  "avg_counts_per_gene": 523.5892777953753,
  "avg_nnzero_per_cell": 30.006268677878847,
  "avg_nnzero_per_gene": 174.28918276845107,
  "min_cell": 0,
  "max_cell": 46386,
  "total_counts": 33059427,
  "overdispersion": 107.73731013218912,
  "s_index": 3850
}
