{
  "ncells": 3733,
  "ngenes": 63140,
  "nvals": 6734054,
  "density": 0.028570249114113003,
  "avg_counts_per_cell": 4643.909456201446,
  "avg_counts_per_gene": 274.55993031358884,
  "avg_nnzero_per_cell": 1803.9255290650951,
  "avg_nnzero_per_gene": 106.65273994298384,
  "min_cell": 248,
  "max_cell": 21193,
  "total_counts": 17335714,
  "overdispersion": 0.5488383804906034,
  "s_index": 3022
}
