{
  "ncells": 407634,
  "ngenes": 63140,
  "nvals": 8798221,
  "density": 0.0003418376455756832,
  "avg_counts_per_cell": 47.868217567720066,
  "avg_counts_per_gene": 309.038850174216,
  "avg_nnzero_per_cell": 21.583628941648637,
  "avg_nnzero_per_gene": 139.34464681659804,
  "min_cell": 0,
  "max_cell": 21193,
  "total_counts": 19512713,
  "overdispersion": 141.9238661677312,
  "s_index": 3022
}
