{
  "ncells": 9655,
  "ngenes": 63140,
  "nvals": 3850412,
  "density": 0.006316119620738737,
  "avg_counts_per_cell": 2682.4415328845157,
  "avg_counts_per_gene": 410.18329109914475,
  "avg_nnzero_per_cell": 398.7997928534438,
  "avg_nnzero_per_gene": 60.9821349382325,
  "min_cell": 263,
  "max_cell": 65439,
  "total_counts": 25898973,
  "overdispersion": 1.0224217489108265,
  "s_index": 3096
}
