{
  "ncells": 374753,
  "ngenes": 63140,
  "nvals": 10198615,
  "density": 0.0004310141237566541,
  "avg_counts_per_cell": 116.82745701835609,
  "avg_counts_per_gene": 693.4025974025974,
  "avg_nnzero_per_cell": 27.214231773995138,
  "avg_nnzero_per_gene": 161.5238359201774,
  "min_cell": 0,
  "max_cell": 65439,
  "total_counts": 43781440,
  "overdispersion": 30.282353705205626,
  "s_index": 3096
}
