{
	"numRecords": 44187196,
	"numReads": 615706959,
	"numBarcodes": 1476363,
	"medianReadsPerBarcode": 2.000000,
	"meanReadsPerBarcode": 417.043071,
	"numUMIs": 1047040,
	"numBarcodeUMIs": 17602388,
	"medianUMIsPerBarcode": 1.000000,
	"meanUMIsPerBarcode": 11.922805,
	"gtRecords": 18363610,
	"numTargets": 173566,
	"medianTargetsPerSet": 4.000000,
	"meanTargetsPerSet": 4.985657,
	"numSingleton": 117359515,
	"gtTargets": 6314,
	"numBarcodesOnWhitelist": 123434,
	"percentageBarcodesOnWhitelist": 8.360681,
	"numReadsOnWhitelist": 595133251,
	"percentageReadsOnWhitelist": 96.658523
}
