{
  "ncells": 443892,
  "ngenes": 63140,
  "nvals": 3728587,
  "density": 0.0001330339191278998,
  "avg_counts_per_cell": 11.415715984969317,
  "avg_counts_per_gene": 80.25570161545771,
  "avg_nnzero_per_cell": 8.399761653735593,
  "avg_nnzero_per_gene": 59.0526924295217,
  "min_cell": 0,
  "max_cell": 13566,
  "total_counts": 5067345,
  "overdispersion": 206.38619441533748,
  "s_index": 1013
}
