{
  "ncells": 3871,
  "ngenes": 63140,
  "nvals": 2192335,
  "density": 0.008969725827725589,
  "avg_counts_per_cell": 880.5117540687161,
  "avg_counts_per_gene": 53.98259423503326,
  "avg_nnzero_per_cell": 566.3484887625937,
  "avg_nnzero_per_gene": 34.72180867912575,
  "min_cell": 132,
  "max_cell": 13566,
  "total_counts": 3408461,
  "overdispersion": 1.9909542628431527,
  "s_index": 1013
}
