{
  "ncells": 3405,
  "ngenes": 63140,
  "nvals": 3086934,
  "density": 0.014358386858655474,
  "avg_counts_per_cell": 3827.8417033773862,
  "avg_counts_per_gene": 206.42700348432055,
  "avg_nnzero_per_cell": 906.5885462555066,
  "avg_nnzero_per_gene": 48.890307253721886,
  "min_cell": 0,
  "max_cell": 22954,
  "total_counts": 13033801,
  "overdispersion": 1.5467105922458977,
  "s_index": 2148
}
