{
  "ncells": 235786,
  "ngenes": 63140,
  "nvals": 3752879,
  "density": 0.00025208207769058215,
  "avg_counts_per_cell": 59.67336483082117,
  "avg_counts_per_gene": 222.84041811846689,
  "avg_nnzero_per_cell": 15.916462385383356,
  "avg_nnzero_per_gene": 59.4374247703516,
  "min_cell": 0,
  "max_cell": 22954,
  "total_counts": 14070144,
  "overdispersion": 128.42665735105174,
  "s_index": 2148
}
