{
	"numRecords": 17730405,
	"numReads": 66939077,
	"numBarcodes": 416939,
	"medianReadsPerBarcode": 2.000000,
	"meanReadsPerBarcode": 160.548850,
	"numUMIs": 1041122,
	"numBarcodeUMIs": 7974666,
	"medianUMIsPerBarcode": 1.000000,
	"meanUMIsPerBarcode": 19.126697,
	"gtRecords": 8674749,
	"numTargets": 148695,
	"medianTargetsPerSet": 4.000000,
	"meanTargetsPerSet": 4.870951,
	"numSingleton": 13413993,
	"gtTargets": 6765,
	"numBarcodesOnWhitelist": 135111,
	"percentageBarcodesOnWhitelist": 32.405460,
	"numReadsOnWhitelist": 64005202,
	"percentageReadsOnWhitelist": 95.617097
}
