{"ncells": 244, "ngenes": 60623, "nvals": 475386, "density": 0.03213802152134544, "avg_counts_per_cell": 5951.430327868852, "avg_counts_per_gene": 23.953763423123238, "avg_nnzero_per_cell": 1948.3032786885246, "avg_nnzero_per_gene": 7.841677251208287, "min_cell": 4583, "max_cell": 20713, "total_counts": 1452149, "overdispersion": 0.21811027042661546, "s_index": 244}