{
  "ncells": 261141,
  "ngenes": 63140,
  "nvals": 3721217,
  "density": 0.00022568638280027166,
  "avg_counts_per_cell": 20.13877943333295,
  "avg_counts_per_gene": 83.29206525182136,
  "avg_nnzero_per_cell": 14.249838210009152,
  "avg_nnzero_per_gene": 58.93596769084574,
  "min_cell": 0,
  "max_cell": 10132,
  "total_counts": 5259061,
  "overdispersion": 90.10044637768398,
  "s_index": 889
}
