{
  "ncells": 5178,
  "ngenes": 63140,
  "nvals": 1926023,
  "density": 0.005891078981970088,
  "avg_counts_per_cell": 636.6516029354964,
  "avg_counts_per_gene": 52.210674691162495,
  "avg_nnzero_per_cell": 371.96272692159135,
  "avg_nnzero_per_gene": 30.504006968641114,
  "min_cell": 102,
  "max_cell": 10132,
  "total_counts": 3296582,
  "overdispersion": 1.349732423266041,
  "s_index": 889
}
