{
  "ncells": 6822,
  "ngenes": 63140,
  "nvals": 9477175,
  "density": 0.022002022653608986,
  "avg_counts_per_cell": 7523.876868953386,
  "avg_counts_per_gene": 812.9218878682293,
  "avg_nnzero_per_cell": 1389.2077103488714,
  "avg_nnzero_per_gene": 150.0977985429205,
  "min_cell": 165,
  "max_cell": 92299,
  "total_counts": 51327888,
  "overdispersion": 3.1829123977584635,
  "s_index": 4080
}
