{
  "ncells": 437720,
  "ngenes": 63140,
  "nvals": 12602189,
  "density": 0.00045597918763022637,
  "avg_counts_per_cell": 126.57785799141003,
  "avg_counts_per_gene": 877.504909724422,
  "avg_nnzero_per_cell": 28.790525906972494,
  "avg_nnzero_per_gene": 199.5912100095027,
  "min_cell": 0,
  "max_cell": 92299,
  "total_counts": 55405660,
  "overdispersion": 225.13860950792667,
  "s_index": 4080
}
