{
  "ncells": 1954,
  "ngenes": 60623,
  "nvals": 6377497,
  "density": 0.053837920827229095,
  "avg_per_cell": 20589.55475946776,
  "avg_per_gene": 663.6423469640235,
  "min_cell": 549,
  "max_cell": 98675,
  "total_counts": 40231990,
  "overdispersion": 2.11406716779607
}
