{"ncells": 1954, "ngenes": 60623, "nvals": 6377497, "density": 0.053837920827229095, "avg_counts_per_cell": 20589.55475946776, "avg_counts_per_gene": 663.6423469640235, "avg_nnzero_per_cell": 3263.8162743091093, "avg_nnzero_per_gene": 105.19929729640566, "min_cell": 549, "max_cell": 98675, "total_counts": 40231990, "overdispersion": 2.11406716779607, "s_index": 1633}