{"ncells": 2340, "ngenes": 60623, "nvals": 279656, "density": 0.0019713823319715473, "avg_counts_per_cell": 204.4188034188034, "avg_counts_per_gene": 7.890404631905382, "avg_nnzero_per_cell": 119.5111111111111, "avg_nnzero_per_gene": 4.61303465681342, "min_cell": 93, "max_cell": 1301, "total_counts": 478340, "overdispersion": 5.749113789930452, "s_index": 314}