{"ncells": 5673, "ngenes": 60623, "nvals": 8754541, "density": 0.025455590344941742, "avg_per_cell": 4920.138022210471, "avg_per_gene": 460.4183725648681, "min_cell": 1353, "max_cell": 63362, "total_count": 27911943, "overdispersion": 0.9546944736134734, "s_index": 2975}