{
	"numRecords": 193565465,
	"numReads": 278427275,
	"numBarcodes": 1872911,
	"medianReadsPerBarcode": 2.000000,
	"meanReadsPerBarcode": 148.660174,
	"numUMIs": 1048576,
	"numBarcodeUMIs": 131907325,
	"medianUMIsPerBarcode": 1.000000,
	"meanUMIsPerBarcode": 70.429041,
	"gtRecords": 113591493,
	"numTargets": 192794,
	"medianTargetsPerSet": 5.000000,
	"meanTargetsPerSet": 6.031851,
	"numSingleton": 39658383,
	"gtTargets": 6416,
	"numBarcodesOnWhitelist": 576978,
	"percentageBarcodesOnWhitelist": 30.806483,
	"numReadsOnWhitelist": 267987890,
	"percentageReadsOnWhitelist": 96.250588
}
