{
  "ncells": 3112,
  "ngenes": 63140,
  "nvals": 1906615,
  "density": 0.00970328616458468,
  "avg_counts_per_cell": 1494.9807197943444,
  "avg_counts_per_gene": 73.68356034209692,
  "avg_nnzero_per_cell": 612.6654884318766,
  "avg_nnzero_per_gene": 30.19662654418752,
  "min_cell": 142,
  "max_cell": 11396,
  "total_counts": 4652380,
  "overdispersion": 0.9858411232267689,
  "s_index": 1391
}
