{
  "ncells": 361633,
  "ngenes": 63140,
  "nvals": 3852340,
  "density": 0.00016871433264268663,
  "avg_counts_per_cell": 19.05999729007032,
  "avg_counts_per_gene": 109.16572695597085,
  "avg_nnzero_per_cell": 10.652622963059233,
  "avg_nnzero_per_gene": 61.0126702565727,
  "min_cell": 0,
  "max_cell": 11396,
  "total_counts": 6892724,
  "overdispersion": 171.71864881297287,
  "s_index": 1391
}
