{
  "ncells": 86769,
  "ngenes": 60623,
  "nvals": 21118631,
  "density": 0.004014798428787465,
  "avg_per_cell": 1048.0963477739747,
  "avg_per_gene": 1500.1282021674942,
  "min_cell": 24,
  "max_cell": 116644,
  "total_counts": 90942272,
  "overdispersion": 32.51920740303231
}
