{"ncells": 5880, "ngenes": 60623, "nvals": 16065239, "density": 0.04506843117960775, "avg_counts_per_cell": 14358.284693877551, "avg_counts_per_gene": 1392.6515348959965, "avg_nnzero_per_cell": 2732.1835034013607, "avg_nnzero_per_gene": 265.00237533609356, "min_cell": 304, "max_cell": 116644, "total_counts": 84426714, "overdispersion": 2.0052860702956083, "s_index": 4191}