{
	"numRecords": 11665167,
	"numReads": 99237667,
	"numBarcodes": 278765,
	"medianReadsPerBarcode": 3.000000,
	"meanReadsPerBarcode": 355.990411,
	"numUMIs": 1013211,
	"numBarcodeUMIs": 5019956,
	"medianUMIsPerBarcode": 1.000000,
	"meanUMIsPerBarcode": 18.007842,
	"gtRecords": 5228035,
	"numTargets": 154320,
	"medianTargetsPerSet": 3.000000,
	"meanTargetsPerSet": 4.478117,
	"numSingleton": 22038708,
	"gtTargets": 8394,
	"numBarcodesOnWhitelist": 109785,
	"percentageBarcodesOnWhitelist": 39.382634,
	"numReadsOnWhitelist": 96695556,
	"percentageReadsOnWhitelist": 97.438361
}
