{
	"numRecords": 61642435,
	"numReads": 135875907,
	"numBarcodes": 890071,
	"medianReadsPerBarcode": 3.000000,
	"meanReadsPerBarcode": 152.657380,
	"numUMIs": 1048576,
	"numBarcodeUMIs": 32030355,
	"medianUMIsPerBarcode": 1.000000,
	"meanUMIsPerBarcode": 35.986292,
	"gtRecords": 26428155,
	"numTargets": 176926,
	"medianTargetsPerSet": 4.000000,
	"meanTargetsPerSet": 4.715172,
	"numSingleton": 21587983,
	"gtTargets": 6636,
	"numBarcodesOnWhitelist": 288153,
	"percentageBarcodesOnWhitelist": 32.374159,
	"numReadsOnWhitelist": 131033783,
	"percentageReadsOnWhitelist": 96.436363
}
