{"ncells": 881, "ngenes": 60623, "nvals": 1691372, "density": 0.031668376838503376, "avg_counts_per_cell": 9597.433598183881, "avg_counts_per_gene": 139.47411048611912, "avg_nnzero_per_cell": 1919.8320090805903, "avg_nnzero_per_gene": 27.899839994721475, "min_cell": 4786, "max_cell": 44876, "total_counts": 8455339, "overdispersion": 1.1982421109074304, "s_index": 881}