{
  "ncells": 3990,
  "ngenes": 63140,
  "nvals": 1262957,
  "density": 0.005013154520765011,
  "avg_counts_per_cell": 741.5393483709273,
  "avg_counts_per_gene": 46.86002534051315,
  "avg_nnzero_per_cell": 316.53057644110277,
  "avg_nnzero_per_gene": 20.00248653785239,
  "min_cell": 91,
  "max_cell": 5017,
  "total_counts": 2958742,
  "overdispersion": 0.8914714139807818,
  "s_index": 969
}
