{
  "ncells": 272250,
  "ngenes": 63140,
  "nvals": 2602887,
  "density": 0.00015141986280869571,
  "avg_counts_per_cell": 16.414181818181817,
  "avg_counts_per_gene": 70.77543554006968,
  "avg_nnzero_per_cell": 9.560650137741046,
  "avg_nnzero_per_gene": 41.22405764966741,
  "min_cell": 0,
  "max_cell": 5017,
  "total_counts": 4468761,
  "overdispersion": 108.54596408794517,
  "s_index": 969
}
