{
  "ncells": 2701,
  "ngenes": 63140,
  "nvals": 7744054,
  "density": 0.04540871487079305,
  "avg_counts_per_cell": 14804.158459829692,
  "avg_counts_per_gene": 633.2916059550206,
  "avg_nnzero_per_cell": 2867.106256941873,
  "avg_nnzero_per_gene": 122.64893886601203,
  "min_cell": 624,
  "max_cell": 72630,
  "total_counts": 39986032,
  "overdispersion": 0.22180839178838885,
  "s_index": 2621
}
