{
  "ncells": 377068,
  "ngenes": 63140,
  "nvals": 10574557,
  "density": 0.00044415844865048953,
  "avg_counts_per_cell": 114.21017429217011,
  "avg_counts_per_gene": 682.0557808045613,
  "avg_nnzero_per_cell": 28.04416444779191,
  "avg_nnzero_per_gene": 167.47793791574279,
  "min_cell": 0,
  "max_cell": 72630,
  "total_counts": 43065002,
  "overdispersion": 147.48225367180459,
  "s_index": 2621
}
