{
  "ncells": 248361,
  "ngenes": 63140,
  "nvals": 11359313,
  "density": 0.0007243760604500935,
  "avg_counts_per_cell": 86.16783633501234,
  "avg_counts_per_gene": 338.9409249287298,
  "avg_nnzero_per_cell": 45.737104456818905,
  "avg_nnzero_per_gene": 179.90676274944568,
  "min_cell": 0,
  "max_cell": 60065,
  "total_counts": 21400730,
  "overdispersion": 39.64546585392751,
  "s_index": 1797
}
