{
  "ncells": 13760,
  "ngenes": 63140,
  "nvals": 7266661,
  "density": 0.008363958875072743,
  "avg_counts_per_cell": 1177.9231831395348,
  "avg_counts_per_gene": 256.70292999683244,
  "avg_nnzero_per_cell": 528.100363372093,
  "avg_nnzero_per_gene": 115.08807412100094,
  "min_cell": 139,
  "max_cell": 60065,
  "total_counts": 16208223,
  "overdispersion": 4.010739289053075,
  "s_index": 1797
}
