{"ncells": 3187, "ngenes": 60623, "nvals": 5029070, "density": 0.026029641878571562, "avg_counts_per_cell": 6155.15563225604, "avg_counts_per_gene": 323.58149547201555, "avg_nnzero_per_cell": 1577.994979604644, "avg_nnzero_per_gene": 82.95646866700757, "min_cell": 960, "max_cell": 99294, "total_counts": 19616481, "overdispersion": 1.7975663461946099, "s_index": 2287}