{
  "ncells": 1868,
  "ngenes": 63140,
  "nvals": 7155867,
  "density": 0.0606709521480765,
  "avg_counts_per_cell": 19392.99250535332,
  "avg_counts_per_gene": 573.7426354133671,
  "avg_nnzero_per_cell": 3830.7639186295505,
  "avg_nnzero_per_gene": 113.33333861260691,
  "min_cell": 194,
  "max_cell": 111578,
  "total_counts": 36226110,
  "overdispersion": 0.8325860979142891,
  "s_index": 1579
}
