{
  "ncells": 505988,
  "ngenes": 63140,
  "nvals": 16841031,
  "density": 0.0005271374610631089,
  "avg_counts_per_cell": 94.79992608520361,
  "avg_counts_per_gene": 759.7026449160595,
  "avg_nnzero_per_cell": 33.2834592915247,
  "avg_nnzero_per_gene": 266.7252296484004,
  "min_cell": 0,
  "max_cell": 111578,
  "total_counts": 47967625,
  "overdispersion": 362.89044816023403,
  "s_index": 1579
}
