{
  "ncells": 4041,
  "ngenes": 63140,
  "nvals": 14977992,
  "density": 0.05870298242507488,
  "avg_counts_per_cell": 14121.760455332838,
  "avg_counts_per_gene": 903.8016154577131,
  "avg_nnzero_per_cell": 3706.506310319228,
  "avg_nnzero_per_gene": 237.21875197972759,
  "min_cell": 607,
  "max_cell": 165419,
  "total_counts": 57066034,
  "overdispersion": 9.550565761592981,
  "s_index": 3174
}
