{
  "ncells": 507049,
  "ngenes": 63140,
  "nvals": 30998242,
  "density": 0.0009682389656682803,
  "avg_counts_per_cell": 153.3931395190603,
  "avg_counts_per_gene": 1231.8314539119417,
  "avg_nnzero_per_cell": 61.13460829229522,
  "avg_nnzero_per_gene": 490.9445993031359,
  "min_cell": 0,
  "max_cell": 165419,
  "total_counts": 77777838,
  "overdispersion": 296.8576924785768,
  "s_index": 3174
}
