{
	"numRecords": 134197843,
	"numReads": 259703754,
	"numBarcodes": 1736340,
	"medianReadsPerBarcode": 2.000000,
	"meanReadsPerBarcode": 149.569643,
	"numUMIs": 1048576,
	"numBarcodeUMIs": 97697029,
	"medianUMIsPerBarcode": 1.000000,
	"meanUMIsPerBarcode": 56.266071,
	"gtRecords": 54033021,
	"numBarcodesOnWhitelist": 488062,
	"percentageBarcodesOnWhitelist": 28.108665,
	"numReadsOnWhitelist": 251865341,
	"percentageReadsOnWhitelist": 96.981787
}
