{"ncells": 7899, "ngenes": 60623, "nvals": 20010994, "density": 0.04178872529245053, "avg_counts_per_cell": 8700.206481833144, "avg_counts_per_gene": 1133.6115170809758, "avg_nnzero_per_cell": 2533.3578934042284, "avg_nnzero_per_gene": 330.08914108506673, "min_cell": 367, "max_cell": 188299, "total_counts": 68722931, "overdispersion": 18.486344136989004, "s_index": 3545}