{"ncells": 6286, "ngenes": 60623, "nvals": 13650045, "density": 0.03581972788653297, "avg_per_cell": 7869.650811326758, "avg_per_gene": 816.0042393151115, "min_cell": 158, "max_cell": 45161, "total_count": 49468625, "overdispersion": 0.9247972514565506, "s_index": 4014}