{
	"numRecords": 55600339,
	"numReads": 83286818,
	"numBarcodes": 1105233,
	"medianReadsPerBarcode": 1.000000,
	"meanReadsPerBarcode": 75.356796,
	"numUMIs": 1048576,
	"numBarcodeUMIs": 40152172,
	"medianUMIsPerBarcode": 1.000000,
	"meanUMIsPerBarcode": 36.329147,
	"gtRecords": 33604577,
	"numBarcodesOnWhitelist": 367723,
	"percentageBarcodesOnWhitelist": 33.271084,
	"numReadsOnWhitelist": 79580191,
	"percentageReadsOnWhitelist": 95.549563
}
