{"ncells": 2518, "ngenes": 60623, "nvals": 5785054, "density": 0.037897823364565, "avg_counts_per_cell": 10044.875694996028, "avg_counts_per_gene": 417.21783811424706, "avg_nnzero_per_cell": 2297.4797458300236, "avg_nnzero_per_gene": 95.42671923197466, "min_cell": 197, "max_cell": 69826, "total_counts": 25292997, "overdispersion": 1.5537888811300284, "s_index": 1458}