{
	"numRecords": 4241059,
	"numReads": 105915829,
	"numBarcodes": 217737,
	"medianReadsPerBarcode": 2.000000,
	"meanReadsPerBarcode": 486.439278,
	"numUMIs": 722132,
	"numBarcodeUMIs": 2066263,
	"medianUMIsPerBarcode": 1.000000,
	"meanUMIsPerBarcode": 9.489719,
	"gtRecords": 2316395,
	"numTargets": 132559,
	"medianTargetsPerSet": 3.000000,
	"meanTargetsPerSet": 3.766273,
	"numSingleton": 30236296,
	"gtTargets": 9161,
	"numBarcodesOnWhitelist": 95178,
	"percentageBarcodesOnWhitelist": 43.712369,
	"numReadsOnWhitelist": 102370173,
	"percentageReadsOnWhitelist": 96.652383
}
