{
	"numRecords": 9557037,
	"numReads": 119606003,
	"numBarcodes": 240125,
	"medianReadsPerBarcode": 2.000000,
	"meanReadsPerBarcode": 498.098919,
	"numUMIs": 891099,
	"numBarcodeUMIs": 3029306,
	"medianUMIsPerBarcode": 1.000000,
	"meanUMIsPerBarcode": 12.615538,
	"gtRecords": 5814665,
	"numTargets": 154610,
	"medianTargetsPerSet": 3.000000,
	"meanTargetsPerSet": 4.909366,
	"numSingleton": 27884201,
	"gtTargets": 7882,
	"numBarcodesOnWhitelist": 109266,
	"percentageBarcodesOnWhitelist": 45.503800,
	"numReadsOnWhitelist": 116328754,
	"percentageReadsOnWhitelist": 97.259963
}
