{
  "ncells": 12835,
  "ngenes": 60623,
  "nvals": 681074,
  "density": 0.0008753082146185252,
  "avg_per_cell": 75.11710167510712,
  "avg_per_gene": 15.903666925094436,
  "min_cell": 17,
  "max_cell": 3605,
  "total_counts": 964128,
  "overdispersion": 19.45342148614186
}
