{"ncells": 488, "ngenes": 60623, "nvals": 227313, "density": 0.00768364033236317, "avg_per_cell": 883.9036885245902, "avg_per_gene": 7.11520380053775, "min_cell": 434, "max_cell": 3605, "total_count": 431345, "overdispersion": 0.5531957162254861, "s_index": 462}