{
	"numRecords": 12649946,
	"numReads": 142297112,
	"numBarcodes": 285398,
	"medianReadsPerBarcode": 3.000000,
	"meanReadsPerBarcode": 498.591833,
	"numUMIs": 981932,
	"numBarcodeUMIs": 4441272,
	"medianUMIsPerBarcode": 1.000000,
	"meanUMIsPerBarcode": 15.561679,
	"gtRecords": 5770546,
	"numTargets": 157188,
	"medianTargetsPerSet": 3.000000,
	"meanTargetsPerSet": 4.183498,
	"numSingleton": 33147714,
	"gtTargets": 8868,
	"numBarcodesOnWhitelist": 110555,
	"percentageBarcodesOnWhitelist": 38.737132,
	"numReadsOnWhitelist": 138400427,
	"percentageReadsOnWhitelist": 97.261585
}
