{"ncells": 966, "ngenes": 60623, "nvals": 570791, "density": 0.009746811480476921, "avg_counts_per_cell": 1300.8354037267081, "avg_counts_per_gene": 20.728221961961633, "avg_nnzero_per_cell": 590.8809523809524, "avg_nnzero_per_gene": 9.415419890140706, "min_cell": 692, "max_cell": 5213, "total_counts": 1256607, "overdispersion": 0.3220293128526459, "s_index": 846}