{
	"numRecords": 67849657,
	"numReads": 552066357,
	"numBarcodes": 1429499,
	"medianReadsPerBarcode": 2.000000,
	"meanReadsPerBarcode": 386.195693,
	"numUMIs": 1048509,
	"numBarcodeUMIs": 21865120,
	"medianUMIsPerBarcode": 1.000000,
	"meanUMIsPerBarcode": 15.295653,
	"gtRecords": 20809653,
	"numBarcodesOnWhitelist": 180008,
	"percentageBarcodesOnWhitelist": 12.592384,
	"numReadsOnWhitelist": 537689079,
	"percentageReadsOnWhitelist": 97.395734
}
