{
  "ncells": 197446,
  "ngenes": 63140,
  "nvals": 3149942,
  "density": 0.00025266764918705566,
  "avg_counts_per_cell": 34.710619612451,
  "avg_counts_per_gene": 108.54407665505227,
  "avg_nnzero_per_cell": 15.953435369670695,
  "avg_nnzero_per_gene": 49.888216661387396,
  "min_cell": 0,
  "max_cell": 64162,
  "total_counts": 6853473,
  "overdispersion": 1089.878189798619,
  "s_index": 596
}
