{
  "ncells": 898,
  "ngenes": 63140,
  "nvals": 1103979,
  "density": 0.019470625251764913,
  "avg_counts_per_cell": 4828.711581291759,
  "avg_counts_per_gene": 68.67568894520114,
  "avg_nnzero_per_cell": 1229.3752783964364,
  "avg_nnzero_per_gene": 17.48462147608489,
  "min_cell": 269,
  "max_cell": 64162,
  "total_counts": 4336183,
  "overdispersion": 5.5868700610358335,
  "s_index": 560
}
