{
	"numRecords": 43989091,
	"numReads": 314853623,
	"numBarcodes": 876233,
	"medianReadsPerBarcode": 2.000000,
	"meanReadsPerBarcode": 359.326370,
	"numUMIs": 1047539,
	"numBarcodeUMIs": 20540503,
	"medianUMIsPerBarcode": 1.000000,
	"meanUMIsPerBarcode": 23.441828,
	"gtRecords": 16904895,
	"numBarcodesOnWhitelist": 230073,
	"percentageBarcodesOnWhitelist": 26.257057,
	"numReadsOnWhitelist": 301904343,
	"percentageReadsOnWhitelist": 95.887206
}
