{"ncells": 1935, "ngenes": 60623, "nvals": 2430590, "density": 0.020720169952808266, "avg_counts_per_cell": 4869.593281653747, "avg_counts_per_gene": 155.43049667617902, "avg_nnzero_per_cell": 1256.1188630490956, "avg_nnzero_per_gene": 40.093528858683996, "min_cell": 1307, "max_cell": 48174, "total_counts": 9422663, "overdispersion": 24.303567059373734, "s_index": 1644}