{
  "ncells": 404,
  "ngenes": 60623,
  "nvals": 825359,
  "density": 0.03369955003517111,
  "avg_per_cell": 34434.05445544554,
  "avg_per_gene": 229.47326922125265,
  "min_cell": 14,
  "max_cell": 267511,
  "total_counts": 13911358,
  "overdispersion": 1.251230858881022
}
