{
  "ncells": 5246,
  "ngenes": 63140,
  "nvals": 3307962,
  "density": 0.009986829792395938,
  "avg_counts_per_cell": 1393.3621807091117,
  "avg_counts_per_gene": 115.76778587266392,
  "avg_nnzero_per_cell": 630.5684330918796,
  "avg_nnzero_per_gene": 52.39090909090909,
  "min_cell": 106,
  "max_cell": 13998,
  "total_counts": 7309578,
  "overdispersion": 1.28925790932487,
  "s_index": 1757
}
