{
  "ncells": 480390,
  "ngenes": 63140,
  "nvals": 6644794,
  "density": 0.00021907003906385507,
  "avg_counts_per_cell": 23.278538270988154,
  "avg_counts_per_gene": 177.11081723154894,
  "avg_nnzero_per_cell": 13.832082266491808,
  "avg_nnzero_per_gene": 105.23905606588534,
  "min_cell": 0,
  "max_cell": 13998,
  "total_counts": 11182777,
  "overdispersion": 153.83323047834128,
  "s_index": 1757
}
