{
	"numRecords": 18685846,
	"numReads": 21512671,
	"numBarcodes": 326045,
	"medianReadsPerBarcode": 1.000000,
	"meanReadsPerBarcode": 65.980681,
	"numUMIs": 1047185,
	"numBarcodeUMIs": 15946448,
	"medianUMIsPerBarcode": 1.000000,
	"meanUMIsPerBarcode": 48.908733,
	"gtRecords": 14715396,
	"numTargets": 118035,
	"medianTargetsPerSet": 5.000000,
	"meanTargetsPerSet": 6.809817,
	"numSingleton": 1015418,
	"gtTargets": 14207,
	"numBarcodesOnWhitelist": 172766,
	"percentageBarcodesOnWhitelist": 52.988391,
	"numReadsOnWhitelist": 20825769,
	"percentageReadsOnWhitelist": 96.806989
}
