{
  "ncells": 5218,
  "ngenes": 60623,
  "nvals": 930754,
  "density": 0.0029423437705313146,
  "avg_per_cell": 1209.431008049061,
  "avg_per_gene": 104.09928574963298,
  "min_cell": 13,
  "max_cell": 14930,
  "total_counts": 6310811,
  "overdispersion": 1.2591237773870478
}
