{
	"numRecords": 58891663,
	"numReads": 206838505,
	"numBarcodes": 806807,
	"medianReadsPerBarcode": 4.000000,
	"meanReadsPerBarcode": 256.366770,
	"numUMIs": 1048575,
	"numBarcodeUMIs": 27652809,
	"medianUMIsPerBarcode": 1.000000,
	"meanUMIsPerBarcode": 34.274379,
	"gtRecords": 19520875,
	"numBarcodesOnWhitelist": 261238,
	"percentageBarcodesOnWhitelist": 32.379243,
	"numReadsOnWhitelist": 201435567,
	"percentageReadsOnWhitelist": 97.387847
}
