{
  "ncells": 277230,
  "ngenes": 63140,
  "nvals": 6053910,
  "density": 0.000345852689860439,
  "avg_counts_per_cell": 49.075550986545466,
  "avg_counts_per_gene": 215.4769559708584,
  "avg_nnzero_per_cell": 21.837138837788117,
  "avg_nnzero_per_gene": 95.8807412100095,
  "min_cell": 0,
  "max_cell": 25062,
  "total_counts": 13605215,
  "overdispersion": 73.71084504747779,
  "s_index": 2005
}
