{
  "ncells": 6714,
  "ngenes": 63140,
  "nvals": 4959152,
  "density": 0.011698266350721723,
  "avg_counts_per_cell": 1836.187965445338,
  "avg_counts_per_gene": 195.251282863478,
  "avg_nnzero_per_cell": 738.6285373845695,
  "avg_nnzero_per_gene": 78.54216027874564,
  "min_cell": 141,
  "max_cell": 25062,
  "total_counts": 12328166,
  "overdispersion": 1.1012607244357664,
  "s_index": 2005
}
