{
	"numRecords": 16105363,
	"numReads": 28800162,
	"numBarcodes": 520759,
	"medianReadsPerBarcode": 2.000000,
	"meanReadsPerBarcode": 55.304204,
	"numUMIs": 1044798,
	"numBarcodeUMIs": 12283516,
	"medianUMIsPerBarcode": 1.000000,
	"meanUMIsPerBarcode": 23.587717,
	"gtRecords": 7675321,
	"numTargets": 163232,
	"medianTargetsPerSet": 3.000000,
	"meanTargetsPerSet": 4.174139,
	"numSingleton": 6819915,
	"gtTargets": 11064,
	"numBarcodesOnWhitelist": 240974,
	"percentageBarcodesOnWhitelist": 46.273612,
	"numReadsOnWhitelist": 27549924,
	"percentageReadsOnWhitelist": 95.658920
}
