{"ncells": 2903, "ngenes": 60623, "nvals": 3672923, "density": 0.02087023617994189, "avg_counts_per_cell": 2855.9707199448844, "avg_counts_per_gene": 136.7613447041552, "avg_nnzero_per_cell": 1265.2163279366173, "avg_nnzero_per_gene": 60.58629563037131, "min_cell": 1513, "max_cell": 11872, "total_counts": 8290883, "overdispersion": 0.16434614759461924, "s_index": 2109}