{
  "ncells": 5354,
  "ngenes": 63140,
  "nvals": 4687882,
  "density": 0.013867357985273016,
  "avg_counts_per_cell": 6979.244490100859,
  "avg_counts_per_gene": 591.8098669623059,
  "avg_nnzero_per_cell": 875.5849831901382,
  "avg_nnzero_per_gene": 74.24583465315173,
  "min_cell": 331,
  "max_cell": 62816,
  "total_counts": 37366875,
  "overdispersion": 0.6654483062757865,
  "s_index": 3753
}
