{
  "ncells": 398760,
  "ngenes": 63140,
  "nvals": 6478598,
  "density": 0.0002573148601017923,
  "avg_counts_per_cell": 101.49440014043535,
  "avg_counts_per_gene": 640.9868070953437,
  "avg_nnzero_per_cell": 16.246860266827163,
  "avg_nnzero_per_gene": 102.60687361419069,
  "min_cell": 0,
  "max_cell": 62816,
  "total_counts": 40471907,
  "overdispersion": 105.3728128196991,
  "s_index": 3753
}
