{
  "ncells": 298608,
  "ngenes": 63140,
  "nvals": 6220489,
  "density": 0.00032992749540212697,
  "avg_counts_per_cell": 74.63562932004501,
  "avg_counts_per_gene": 352.97427937915745,
  "avg_nnzero_per_cell": 20.831622059690297,
  "avg_nnzero_per_gene": 98.51898954703833,
  "min_cell": 0,
  "max_cell": 58583,
  "total_counts": 22286796,
  "overdispersion": 275.6253905258631,
  "s_index": 1433
}
