{
  "ncells": 1945,
  "ngenes": 63140,
  "nvals": 4294415,
  "density": 0.03496872742906977,
  "avg_counts_per_cell": 10357.683290488432,
  "avg_counts_per_gene": 319.0638897687678,
  "avg_nnzero_per_cell": 2207.9254498714654,
  "avg_nnzero_per_gene": 68.01417484954071,
  "min_cell": 237,
  "max_cell": 58583,
  "total_counts": 20145694,
  "overdispersion": 1.1806045889072587,
  "s_index": 1433
}
