{
  "ncells": 962,
  "ngenes": 63140,
  "nvals": 664553,
  "density": 0.01094082252618838,
  "avg_counts_per_cell": 2199.2162162162163,
  "avg_counts_per_gene": 33.50722204624643,
  "avg_nnzero_per_cell": 690.8035343035343,
  "avg_nnzero_per_gene": 10.525071270193221,
  "min_cell": 169,
  "max_cell": 20427,
  "total_counts": 2115646,
  "overdispersion": 0.4178449314104157,
  "s_index": 739
}
