{
  "ncells": 118511,
  "ngenes": 63140,
  "nvals": 1599871,
  "density": 0.0002138069045617609,
  "avg_counts_per_cell": 26.7577693209913,
  "avg_counts_per_gene": 50.2231548938866,
  "avg_nnzero_per_cell": 13.499767954029585,
  "avg_nnzero_per_gene": 25.33847006651885,
  "min_cell": 0,
  "max_cell": 20427,
  "total_counts": 3171090,
  "overdispersion": 112.59745411505463,
  "s_index": 741
}
