{
  "ncells": 1650,
  "ngenes": 63140,
  "nvals": 6232134,
  "density": 0.05982025513289371,
  "avg_counts_per_cell": 22849.33696969697,
  "avg_counts_per_gene": 597.1081089642065,
  "avg_nnzero_per_cell": 3777.050909090909,
  "avg_nnzero_per_gene": 98.70342096927463,
  "min_cell": 603,
  "max_cell": 90480,
  "total_counts": 37701406,
  "overdispersion": 1.5241489140902087,
  "s_index": 1543
}
