{
  "ncells": 409851,
  "ngenes": 63140,
  "nvals": 9588247,
  "density": 0.0003705174245408052,
  "avg_counts_per_cell": 102.12914693388574,
  "avg_counts_per_gene": 662.9352708267343,
  "avg_nnzero_per_cell": 23.39447018550644,
  "avg_nnzero_per_gene": 151.85693696547355,
  "min_cell": 0,
  "max_cell": 90480,
  "total_counts": 41857733,
  "overdispersion": 438.18468644979316,
  "s_index": 1543
}
