{
	"numRecords": 34631589,
	"numReads": 99090089,
	"numBarcodes": 975647,
	"medianReadsPerBarcode": 2.000000,
	"meanReadsPerBarcode": 101.563464,
	"numUMIs": 1048375,
	"numBarcodeUMIs": 21341046,
	"medianUMIsPerBarcode": 1.000000,
	"meanUMIsPerBarcode": 21.873737,
	"gtRecords": 14187441,
	"numTargets": 175103,
	"medianTargetsPerSet": 3.000000,
	"meanTargetsPerSet": 3.999422,
	"numSingleton": 29762128,
	"gtTargets": 7397,
	"numBarcodesOnWhitelist": 331671,
	"percentageBarcodesOnWhitelist": 33.994980,
	"numReadsOnWhitelist": 93586782,
	"percentageReadsOnWhitelist": 94.446158
}
