{
  "ncells": 3011,
  "ngenes": 63140,
  "nvals": 5933554,
  "density": 0.0312104166256826,
  "avg_counts_per_cell": 10188.907007638658,
  "avg_counts_per_gene": 485.88531834019636,
  "avg_nnzero_per_cell": 1970.6257057455994,
  "avg_nnzero_per_gene": 93.97456445993032,
  "min_cell": 274,
  "max_cell": 70990,
  "total_counts": 30678799,
  "overdispersion": 4.583829542638018,
  "s_index": 2585
}
