{
  "ncells": 352794,
  "ngenes": 63140,
  "nvals": 7002993,
  "density": 0.00031438218226072175,
  "avg_counts_per_cell": 90.49865643973537,
  "avg_counts_per_gene": 505.66016788089956,
  "avg_nnzero_per_cell": 19.85009098794197,
  "avg_nnzero_per_gene": 110.91214760848908,
  "min_cell": 0,
  "max_cell": 70990,
  "total_counts": 31927383,
  "overdispersion": 614.1572702580074,
  "s_index": 2585
}
