{
  "ncells": 359122,
  "ngenes": 63140,
  "nvals": 4257169,
  "density": 0.00018774756038103326,
  "avg_counts_per_cell": 16.55149781968245,
  "avg_counts_per_gene": 94.1401171998733,
  "avg_nnzero_per_cell": 11.85438096245844,
  "avg_nnzero_per_gene": 67.42427937915743,
  "min_cell": 0,
  "max_cell": 6968,
  "total_counts": 5944007,
  "overdispersion": 117.01274887001638,
  "s_index": 922
}
