{
  "ncells": 6173,
  "ngenes": 63140,
  "nvals": 2030790,
  "density": 0.005210317176669466,
  "avg_counts_per_cell": 557.2561153410011,
  "avg_counts_per_gene": 54.48118466898955,
  "avg_nnzero_per_cell": 328.9794265349101,
  "avg_nnzero_per_gene": 32.16328793158061,
  "min_cell": 60,
  "max_cell": 6968,
  "total_counts": 3439942,
  "overdispersion": 1.977050698615772,
  "s_index": 922
}
