{
  "ncells": 44,
  "ngenes": 63140,
  "nvals": 41832,
  "density": 0.015057448095142109,
  "avg_counts_per_cell": 3437.7272727272725,
  "avg_counts_per_gene": 2.39562876148242,
  "avg_nnzero_per_cell": 950.7272727272727,
  "avg_nnzero_per_gene": 0.6625277161862527,
  "min_cell": 117,
  "max_cell": 21840,
  "total_counts": 151260,
  "overdispersion": 7.365919695108668,
  "s_index": 44
}
