{
  "ncells": 52243,
  "ngenes": 63140,
  "nvals": 157235,
  "density": 0.00004766685948853895,
  "avg_counts_per_cell": 5.556878433474341,
  "avg_counts_per_gene": 4.597846056382641,
  "avg_nnzero_per_cell": 3.009685508106349,
  "avg_nnzero_per_gene": 2.49025974025974,
  "min_cell": 0,
  "max_cell": 21840,
  "total_counts": 290308,
  "overdispersion": 2292.571846072515,
  "s_index": 125
}
