{"ncells": 17262, "ngenes": 60623, "nvals": 7744060, "density": 0.007400144033743264, "avg_counts_per_cell": 2012.0474452554745, "avg_counts_per_gene": 572.9172591260742, "avg_nnzero_per_cell": 448.6189317576179, "avg_nnzero_per_gene": 127.74128631047623, "min_cell": 389, "max_cell": 26520, "total_counts": 34731963, "overdispersion": 0.8421958162305203, "s_index": 2696}