{
	"numRecords": 116399100,
	"numReads": 424288742,
	"numBarcodes": 2888186,
	"medianReadsPerBarcode": 4.000000,
	"meanReadsPerBarcode": 146.904923,
	"numUMIs": 1048575,
	"numBarcodeUMIs": 61398068,
	"medianUMIsPerBarcode": 1.000000,
	"meanUMIsPerBarcode": 21.258350,
	"gtRecords": 35885340,
	"numTargets": 183526,
	"medianTargetsPerSet": 2.000000,
	"meanTargetsPerSet": 3.743385,
	"numSingleton": 163016743,
	"gtTargets": 5592,
	"numBarcodesOnWhitelist": 284439,
	"percentageBarcodesOnWhitelist": 9.848362,
	"numReadsOnWhitelist": 380388910,
	"percentageReadsOnWhitelist": 89.653312
}
