{
  "ncells": 10577,
  "ngenes": 60623,
  "nvals": 13971738,
  "density": 0.02178966255475038,
  "avg_per_cell": 4128.728278339794,
  "avg_per_gene": 720.3463866849215,
  "min_cell": 187,
  "max_cell": 56598,
  "total_counts": 43669559,
  "overdispersion": 2.4466328371683472
}
