{"ncells": 14907, "ngenes": 60623, "nvals": 8269996, "density": 0.009151191084917285, "avg_counts_per_cell": 1342.66250754679, "avg_counts_per_gene": 330.15637629282617, "avg_nnzero_per_cell": 554.7726571409405, "avg_nnzero_per_gene": 136.41680550286196, "min_cell": 205, "max_cell": 84412, "total_counts": 20015070, "overdispersion": 3.420935745663825, "s_index": 2410}