{
	"numRecords": 65117185,
	"numReads": 132928588,
	"numBarcodes": 922473,
	"medianReadsPerBarcode": 3.000000,
	"meanReadsPerBarcode": 144.100248,
	"numUMIs": 1048576,
	"numBarcodeUMIs": 34112621,
	"medianUMIsPerBarcode": 1.000000,
	"meanUMIsPerBarcode": 36.979533,
	"gtRecords": 28585639,
	"numTargets": 174381,
	"medianTargetsPerSet": 4.000000,
	"meanTargetsPerSet": 4.739340,
	"numSingleton": 17678493,
	"gtTargets": 7943,
	"numBarcodesOnWhitelist": 324371,
	"percentageBarcodesOnWhitelist": 35.163197,
	"numReadsOnWhitelist": 128281518,
	"percentageReadsOnWhitelist": 96.504085
}
