{"ncells": 1679, "ngenes": 60623, "nvals": 1814983, "density": 0.017831358898737534, "avg_counts_per_cell": 7315.958904109589, "avg_counts_per_gene": 202.62103492073965, "avg_nnzero_per_cell": 1080.9904705181655, "avg_nnzero_per_gene": 29.93885159098032, "min_cell": 3787, "max_cell": 40691, "total_counts": 12283495, "overdispersion": 0.5682126534204925, "s_index": 1679}