{
	"numRecords": 54635358,
	"numReads": 79759320,
	"numBarcodes": 1415386,
	"medianReadsPerBarcode": 2.000000,
	"meanReadsPerBarcode": 56.351638,
	"numUMIs": 1048574,
	"numBarcodeUMIs": 37363344,
	"medianUMIsPerBarcode": 1.000000,
	"meanUMIsPerBarcode": 26.397989,
	"gtRecords": 31142638,
	"numTargets": 185382,
	"medianTargetsPerSet": 4.000000,
	"meanTargetsPerSet": 4.639178,
	"numSingleton": 18295748,
	"gtTargets": 6772,
	"numBarcodesOnWhitelist": 199643,
	"percentageBarcodesOnWhitelist": 14.105198,
	"numReadsOnWhitelist": 73984333,
	"percentageReadsOnWhitelist": 92.759483
}
