{"ncells": 8649, "ngenes": 60623, "nvals": 10143467, "density": 0.01934563989330296, "avg_counts_per_cell": 3357.6515204069833, "avg_counts_per_gene": 479.0315226894083, "avg_nnzero_per_cell": 1172.7907272517054, "avg_nnzero_per_gene": 167.3204394371773, "min_cell": 93, "max_cell": 53382, "total_counts": 29040328, "overdispersion": 2.214958668096557, "s_index": 2921}