{
	"numRecords": 84809924,
	"numReads": 390054506,
	"numBarcodes": 4464498,
	"medianReadsPerBarcode": 1.000000,
	"meanReadsPerBarcode": 87.368055,
	"numUMIs": 1048575,
	"numBarcodeUMIs": 39360463,
	"medianUMIsPerBarcode": 1.000000,
	"meanUMIsPerBarcode": 8.816324,
	"gtRecords": 26486464,
	"numTargets": 186308,
	"medianTargetsPerSet": 3.000000,
	"meanTargetsPerSet": 4.022135,
	"numSingleton": 126602452,
	"gtTargets": 7522,
	"numBarcodesOnWhitelist": 249594,
	"percentageBarcodesOnWhitelist": 5.590640,
	"numReadsOnWhitelist": 351669463,
	"percentageReadsOnWhitelist": 90.159057
}
