{
  "ncells": 191656,
  "ngenes": 63140,
  "nvals": 1938692,
  "density": 0.00016020712275791244,
  "avg_counts_per_cell": 25.15024314396627,
  "avg_counts_per_gene": 76.34138422553056,
  "avg_nnzero_per_cell": 10.115477730934591,
  "avg_nnzero_per_gene": 30.704656319290464,
  "min_cell": 0,
  "max_cell": 24315,
  "total_counts": 4820195,
  "overdispersion": 242.90138433757625,
  "s_index": 849
}
