{
  "ncells": 1095,
  "ngenes": 63140,
  "nvals": 1129463,
  "density": 0.016336285387404666,
  "avg_counts_per_cell": 3417.0858447488586,
  "avg_counts_per_gene": 59.26051631295534,
  "avg_nnzero_per_cell": 1031.4730593607305,
  "avg_nnzero_per_gene": 17.888232499208108,
  "min_cell": 64,
  "max_cell": 24315,
  "total_counts": 3741709,
  "overdispersion": 1.030346563225552,
  "s_index": 845
}
