{
  "ncells": 335935,
  "ngenes": 63140,
  "nvals": 7729785,
  "density": 0.0003644245136773998,
  "avg_counts_per_cell": 52.65192671201274,
  "avg_counts_per_gene": 280.1334336395312,
  "avg_nnzero_per_cell": 23.009763793591024,
  "avg_nnzero_per_gene": 122.4229490022173,
  "min_cell": 0,
  "max_cell": 28134,
  "total_counts": 17687625,
  "overdispersion": 13.547365772482072,
  "s_index": 2029
}
