{
  "ncells": 6766,
  "ngenes": 63140,
  "nvals": 5280911,
  "density": 0.012361531426908528,
  "avg_counts_per_cell": 1844.9011232633757,
  "avg_counts_per_gene": 197.6971967057333,
  "avg_nnzero_per_cell": 780.5070942950044,
  "avg_nnzero_per_gene": 83.6381216344631,
  "min_cell": 90,
  "max_cell": 28134,
  "total_counts": 12482601,
  "overdispersion": 1.6717370570174794,
  "s_index": 2029
}
