{"ncells": 7361, "ngenes": 60623, "nvals": 13871729, "density": 0.031085392396308455, "avg_per_cell": 9299.075940768917, "avg_per_gene": 1129.1176286227999, "min_cell": 85, "max_cell": 138597, "total_count": 68450498, "overdispersion": 4.458387937651967, "s_index": 3409}