{"ncells": 488, "ngenes": 60623, "nvals": 227313, "density": 0.00768364033236317, "avg_counts_per_cell": 883.9036885245902, "avg_counts_per_gene": 7.11520380053775, "avg_nnzero_per_cell": 465.8053278688525, "avg_nnzero_per_gene": 3.749616482193227, "min_cell": 434, "max_cell": 3605, "total_counts": 431345, "overdispersion": 0.5531957162254861, "s_index": 462}