{
  "ncells": 2549,
  "ngenes": 63140,
  "nvals": 11990990,
  "density": 0.07450417804071556,
  "avg_counts_per_cell": 26674.108670066693,
  "avg_counts_per_gene": 1076.8499049730758,
  "avg_nnzero_per_cell": 4704.193801490781,
  "avg_nnzero_per_gene": 189.91114982578398,
  "min_cell": 546,
  "max_cell": 155646,
  "total_counts": 67992303,
  "overdispersion": 2.117781524435898,
  "s_index": 2409
}
