{
  "ncells": 1650389,
  "ngenes": 63140,
  "nvals": 15682555,
  "density": 0.0001504963341713758,
  "avg_counts_per_cell": 43.86723554265085,
  "avg_counts_per_gene": 1146.6265917009819,
  "avg_nnzero_per_cell": 9.502338539580668,
  "avg_nnzero_per_gene": 248.37749445676275,
  "min_cell": 0,
  "max_cell": 155484,
  "total_counts": 72398003,
  "overdispersion": 1733.6027379604245,
  "s_index": 2409
}
