{"ncells": 603, "ngenes": 60623, "nvals": 1213430, "density": 0.033194030726123494, "avg_counts_per_cell": 43577.17081260365, "avg_counts_per_gene": 433.44991174966594, "avg_nnzero_per_cell": 2012.3217247097843, "avg_nnzero_per_gene": 20.016000527852466, "min_cell": 663, "max_cell": 432955, "total_counts": 26277034, "overdispersion": 2.2569675738936112, "s_index": 603}