{"ncells": 12077, "ngenes": 60623, "nvals": 26658514, "density": 0.036411573482724204, "avg_counts_per_cell": 11302.086693715326, "avg_counts_per_gene": 2251.5431601867276, "avg_nnzero_per_cell": 2207.3788192431894, "avg_nnzero_per_gene": 439.7425729508602, "min_cell": 268, "max_cell": 73862, "total_counts": 136495301, "overdispersion": 1.4432316130612322, "s_index": 5936}