{
  "ncells": 450338,
  "ngenes": 63140,
  "nvals": 14722113,
  "density": 0.0005177581866348646,
  "avg_counts_per_cell": 85.24590418752138,
  "avg_counts_per_gene": 608.0055432372505,
  "avg_nnzero_per_cell": 32.691251904125345,
  "avg_nnzero_per_gene": 233.1661862527716,
  "min_cell": 0,
  "max_cell": 70663,
  "total_counts": 38389470,
  "overdispersion": 75.40770581748207,
  "s_index": 2943
}
