{
  "ncells": 14272,
  "ngenes": 63140,
  "nvals": 11576376,
  "density": 0.012846452328159645,
  "avg_counts_per_cell": 2408.2813200672645,
  "avg_counts_per_gene": 544.361593284764,
  "avg_nnzero_per_cell": 811.125,
  "avg_nnzero_per_gene": 183.34456762749446,
  "min_cell": 221,
  "max_cell": 70663,
  "total_counts": 34370991,
  "overdispersion": 1.980216268405945,
  "s_index": 2943
}
