{
	"numRecords": 39990646,
	"numReads": 157936872,
	"numBarcodes": 823686,
	"medianReadsPerBarcode": 2.000000,
	"meanReadsPerBarcode": 191.744029,
	"numUMIs": 1048560,
	"numBarcodeUMIs": 20735791,
	"medianUMIsPerBarcode": 1.000000,
	"meanUMIsPerBarcode": 25.174388,
	"gtRecords": 14683526,
	"numBarcodesOnWhitelist": 253404,
	"percentageBarcodesOnWhitelist": 30.764636,
	"numReadsOnWhitelist": 152372074,
	"percentageReadsOnWhitelist": 96.476568
}
