{
  "ncells": 9939,
  "ngenes": 60623,
  "nvals": 5139873,
  "density": 0.008530456516154113,
  "avg_per_cell": 1346.7997786497635,
  "avg_per_gene": 220.80469458786268,
  "min_cell": 82,
  "max_cell": 53510,
  "total_counts": 13385843,
  "overdispersion": 8.698316710155387
}
