{"ncells": 8094, "ngenes": 60623, "nvals": 14819582, "density": 0.030201974041213227, "avg_per_cell": 6970.714850506548, "avg_per_gene": 930.6858123154578, "min_cell": 134, "max_cell": 62110, "total_count": 56420966, "overdispersion": 2.928319378710266, "s_index": 4327}