{
  "ncells": 98941,
  "ngenes": 63140,
  "nvals": 933697,
  "density": 0.00014946003869927737,
  "avg_counts_per_cell": 12.542262560515862,
  "avg_counts_per_gene": 19.653848590433956,
  "avg_nnzero_per_cell": 9.436906843472373,
  "avg_nnzero_per_gene": 14.787725688945201,
  "min_cell": 0,
  "max_cell": 16228,
  "total_counts": 1240944,
  "overdispersion": 295.300662591902,
  "s_index": 179
}
