{
  "ncells": 121,
  "ngenes": 63140,
  "nvals": 180522,
  "density": 0.023628719597274323,
  "avg_counts_per_cell": 3611.0495867768595,
  "avg_counts_per_gene": 6.92012987012987,
  "avg_nnzero_per_cell": 1491.9173553719008,
  "avg_nnzero_per_gene": 2.859075071270193,
  "min_cell": 248,
  "max_cell": 16228,
  "total_counts": 436937,
  "overdispersion": 0.8229071538532056,
  "s_index": 121
}
