{
  "ncells": 5881,
  "ngenes": 60623,
  "nvals": 5892158,
  "density": 0.01652668618145204,
  "avg_per_cell": 2544.7051521850026,
  "avg_per_gene": 246.86028405060785,
  "min_cell": 303,
  "max_cell": 42381,
  "total_counts": 14965411,
  "overdispersion": 0.9942176986829421
}
