{"ncells": 9868, "ngenes": 60623, "nvals": 6267570, "density": 0.010476895886764627, "avg_per_cell": 1565.9875354681799, "avg_per_gene": 254.90597627962984, "min_cell": 50, "max_cell": 42381, "total_count": 15453165, "overdispersion": 2.1940847080390804, "s_index": 2275}