{
  "ncells": 382833,
  "ngenes": 63140,
  "nvals": 7481567,
  "density": 0.00030951280798616003,
  "avg_counts_per_cell": 55.2469170630536,
  "avg_counts_per_gene": 334.9753405131454,
  "avg_nnzero_per_cell": 19.542638696246144,
  "avg_nnzero_per_gene": 118.4917168197656,
  "min_cell": 0,
  "max_cell": 36937,
  "total_counts": 21150343,
  "overdispersion": 147.50540684595853,
  "s_index": 2776
}
