{
  "ncells": 3188,
  "ngenes": 63140,
  "nvals": 5338617,
  "density": 0.02652197582079456,
  "avg_counts_per_cell": 5742.804265997491,
  "avg_counts_per_gene": 289.9597719353817,
  "avg_nnzero_per_cell": 1674.5975533249687,
  "avg_nnzero_per_gene": 84.55205891669306,
  "min_cell": 346,
  "max_cell": 36937,
  "total_counts": 18308060,
  "overdispersion": 0.5192349828604281,
  "s_index": 2776
}
