{
  "ncells": 7136,
  "ngenes": 63140,
  "nvals": 16120968,
  "density": 0.035779288249757464,
  "avg_counts_per_cell": 7412.595011210762,
  "avg_counts_per_gene": 837.7617675007918,
  "avg_nnzero_per_cell": 2259.1042600896862,
  "avg_nnzero_per_gene": 255.32100095026925,
  "min_cell": 380,
  "max_cell": 48169,
  "total_counts": 52896278,
  "overdispersion": 4.569720064752619,
  "s_index": 4527
}
