{
  "ncells": 438075,
  "ngenes": 63140,
  "nvals": 18385753,
  "density": 0.0006647041254129082,
  "avg_counts_per_cell": 127.37256177595161,
  "avg_counts_per_gene": 883.7303611023124,
  "avg_nnzero_per_cell": 41.96941847857102,
  "avg_nnzero_per_gene": 291.19025974025976,
  "min_cell": 0,
  "max_cell": 48169,
  "total_counts": 55798735,
  "overdispersion": 278.57666308040143,
  "s_index": 4527
}
