{
	"numRecords": 130292544,
	"numReads": 230551665,
	"numBarcodes": 1502832,
	"medianReadsPerBarcode": 2.000000,
	"meanReadsPerBarcode": 153.411469,
	"numUMIs": 1048576,
	"numBarcodeUMIs": 94577845,
	"medianUMIsPerBarcode": 1.000000,
	"meanUMIsPerBarcode": 62.933079,
	"gtRecords": 58977806,
	"numTargets": 180108,
	"medianTargetsPerSet": 4.000000,
	"meanTargetsPerSet": 4.516131,
	"numSingleton": 44430748,
	"gtTargets": 6282,
	"numBarcodesOnWhitelist": 380798,
	"percentageBarcodesOnWhitelist": 25.338694,
	"numReadsOnWhitelist": 224955529,
	"percentageReadsOnWhitelist": 97.572719
}
