{
  "ncells": 15247,
  "ngenes": 60623,
  "nvals": 19789315,
  "density": 0.021409618917002302,
  "avg_per_cell": 5025.369449727816,
  "avg_per_gene": 1263.9065701136533,
  "min_cell": 80,
  "max_cell": 39154,
  "total_counts": 76621808,
  "overdispersion": 1.8219395999592436
}
