{"ncells": 6342, "ngenes": 60623, "nvals": 17249422, "density": 0.044865331946721834, "avg_per_cell": 11211.695206559445, "avg_per_gene": 1172.8975966217442, "min_cell": 4186, "max_cell": 39154, "total_count": 71104571, "overdispersion": 0.314572964650452, "s_index": 5845}