{
  "ncells": 745,
  "ngenes": 63140,
  "nvals": 128162,
  "density": 0.002724572857164116,
  "avg_counts_per_cell": 336.0872483221477,
  "avg_counts_per_gene": 3.965552739942984,
  "avg_nnzero_per_cell": 172.02953020134228,
  "avg_nnzero_per_gene": 2.0298067785872664,
  "min_cell": 31,
  "max_cell": 4530,
  "total_counts": 250385,
  "overdispersion": 4.755161832152626,
  "s_index": 267
}
