{
  "ncells": 84383,
  "ngenes": 63140,
  "nvals": 294600,
  "density": 0.00005529338827601713,
  "avg_counts_per_cell": 5.428403825415072,
  "avg_counts_per_gene": 7.254751346214761,
  "avg_nnzero_per_cell": 3.4912245357477216,
  "avg_nnzero_per_gene": 4.665821982895154,
  "min_cell": 0,
  "max_cell": 4530,
  "total_counts": 458065,
  "overdispersion": 188.684871921838,
  "s_index": 267
}
