{
	"numRecords": 56030609,
	"numReads": 333413110,
	"numBarcodes": 1203740,
	"medianReadsPerBarcode": 5.000000,
	"meanReadsPerBarcode": 276.981001,
	"numUMIs": 1048571,
	"numBarcodeUMIs": 32556711,
	"medianUMIsPerBarcode": 1.000000,
	"meanUMIsPerBarcode": 27.046298,
	"gtRecords": 14623595,
	"numTargets": 171873,
	"medianTargetsPerSet": 2.000000,
	"meanTargetsPerSet": 2.987790,
	"numSingleton": 166641461,
	"gtTargets": 7849,
	"numBarcodesOnWhitelist": 428060,
	"percentageBarcodesOnWhitelist": 35.560835,
	"numReadsOnWhitelist": 323060821,
	"percentageReadsOnWhitelist": 96.895056
}
