{
  "ncells": 10650,
  "ngenes": 60623,
  "nvals": 795275,
  "density": 0.001231771916932316,
  "avg_per_cell": 173.23934272300468,
  "avg_per_gene": 30.433977203371658,
  "min_cell": 0,
  "max_cell": 10839,
  "total_counts": 1844999,
  "overdispersion": 3.2955269193955803
}
