{
  "ncells": 7444,
  "ngenes": 63140,
  "nvals": 2539789,
  "density": 0.0054036435838443675,
  "avg_counts_per_cell": 793.0337184309511,
  "avg_counts_per_gene": 93.49608805828318,
  "avg_nnzero_per_cell": 341.18605588393336,
  "avg_nnzero_per_gene": 40.224722838137474,
  "min_cell": 1,
  "max_cell": 8890,
  "total_counts": 5903343,
  "overdispersion": 28.253026958130214,
  "s_index": 1339
}
