{
  "ncells": 271836,
  "ngenes": 63140,
  "nvals": 3517641,
  "density": 0.00020494624516543758,
  "avg_counts_per_cell": 26.491263114524934,
  "avg_counts_per_gene": 114.05256572695598,
  "avg_nnzero_per_cell": 12.940305919745729,
  "avg_nnzero_per_gene": 55.71176750079189,
  "min_cell": 0,
  "max_cell": 8890,
  "total_counts": 7201279,
  "overdispersion": 749.2997182266264,
  "s_index": 1339
}
