{
  "ncells": 143020,
  "ngenes": 63140,
  "nvals": 756490,
  "density": 0.00008377257022338215,
  "avg_counts_per_cell": 10.700846035519508,
  "avg_counts_per_gene": 24.238755147291734,
  "avg_nnzero_per_cell": 5.289400083904349,
  "avg_nnzero_per_gene": 11.981152993348115,
  "min_cell": 0,
  "max_cell": 2701,
  "total_counts": 1530435,
  "overdispersion": 2.637722156975793,
  "s_index": 210
}
