{
  "ncells": 934,
  "ngenes": 63140,
  "nvals": 75963,
  "density": 0.0012881031852672318,
  "avg_counts_per_cell": 193.37901498929335,
  "avg_counts_per_gene": 2.860563826417485,
  "avg_nnzero_per_cell": 81.33083511777302,
  "avg_nnzero_per_gene": 1.2030883750395946,
  "min_cell": 45,
  "max_cell": 2701,
  "total_counts": 180616,
  "overdispersion": 0.5093818755064765,
  "s_index": 210
}
