{
  "ncells": 242955,
  "ngenes": 63140,
  "nvals": 2046950,
  "density": 0.00013343716784733413,
  "avg_counts_per_cell": 25.986071494721244,
  "avg_counts_per_gene": 99.9912258473234,
  "avg_nnzero_per_cell": 8.425222777880677,
  "avg_nnzero_per_gene": 32.41922711434906,
  "min_cell": 0,
  "max_cell": 14310,
  "total_counts": 6313446,
  "overdispersion": 121.96663489844492,
  "s_index": 1395
}
