{
  "ncells": 2330,
  "ngenes": 63140,
  "nvals": 1764064,
  "density": 0.011990956808291677,
  "avg_counts_per_cell": 2526.271244635193,
  "avg_counts_per_gene": 93.22477035159962,
  "avg_nnzero_per_cell": 757.1090128755365,
  "avg_nnzero_per_gene": 27.93892936331961,
  "min_cell": 0,
  "max_cell": 14310,
  "total_counts": 5886212,
  "overdispersion": 0.48409409603258446,
  "s_index": 1395
}
