{
	"numRecords": 28530202,
	"numReads": 118796034,
	"numBarcodes": 14011500,
	"medianReadsPerBarcode": 1.000000,
	"meanReadsPerBarcode": 8.478467,
	"numUMIs": 1046063,
	"numBarcodeUMIs": 21206472,
	"medianUMIsPerBarcode": 1.000000,
	"meanUMIsPerBarcode": 1.513505,
	"gtRecords": 17938646,
	"numBarcodesOnWhitelist": 171232,
	"percentageBarcodesOnWhitelist": 1.222082,
	"numReadsOnWhitelist": 6340008,
	"percentageReadsOnWhitelist": 5.336885
}
