{"ncells": 1157, "ngenes": 60623, "nvals": 473991, "density": 0.0067577062945565316, "avg_per_cell": 1039.1296456352636, "avg_per_gene": 19.83196146677004, "min_cell": 601, "max_cell": 4657, "total_count": 1202273, "overdispersion": 0.2905227244165543, "s_index": 748}