{
	"numRecords": 138926441,
	"numReads": 322416901,
	"numBarcodes": 2019827,
	"medianReadsPerBarcode": 3.000000,
	"meanReadsPerBarcode": 159.625998,
	"numUMIs": 1048576,
	"numBarcodeUMIs": 88767927,
	"medianUMIsPerBarcode": 1.000000,
	"meanUMIsPerBarcode": 43.948282,
	"gtRecords": 46983421,
	"numBarcodesOnWhitelist": 506786,
	"percentageBarcodesOnWhitelist": 25.090565,
	"numReadsOnWhitelist": 311743856,
	"percentageReadsOnWhitelist": 96.689676
}
