{
	"numRecords": 69665684,
	"numReads": 222103949,
	"numBarcodes": 959433,
	"medianReadsPerBarcode": 4.000000,
	"meanReadsPerBarcode": 231.495007,
	"numUMIs": 1048576,
	"numBarcodeUMIs": 32716530,
	"medianUMIsPerBarcode": 1.000000,
	"meanUMIsPerBarcode": 34.099859,
	"gtRecords": 25539710,
	"numTargets": 174174,
	"medianTargetsPerSet": 4.000000,
	"meanTargetsPerSet": 4.852889,
	"numSingleton": 42411441,
	"gtTargets": 5880,
	"numBarcodesOnWhitelist": 277626,
	"percentageBarcodesOnWhitelist": 28.936466,
	"numReadsOnWhitelist": 214740818,
	"percentageReadsOnWhitelist": 96.684827
}
