{
  "ncells": 6018,
  "ngenes": 60623,
  "nvals": 6942589,
  "density": 0.01902969590587666,
  "avg_per_cell": 3491.5382186773013,
  "avg_per_gene": 346.60239513056104,
  "min_cell": 1315,
  "max_cell": 41413,
  "total_counts": 21012077,
  "overdispersion": 1.4013549757451222
}
