{"ncells": 592, "ngenes": 60623, "nvals": 1350323, "density": 0.037625175486424516, "avg_per_cell": 9949.234797297297, "avg_per_gene": 97.15697012684954, "min_cell": 5284, "max_cell": 41413, "total_count": 5889947, "overdispersion": 4.353848658001451, "s_index": 592}