{
	"numRecords": 60379233,
	"numReads": 310995261,
	"numBarcodes": 848709,
	"medianReadsPerBarcode": 6.000000,
	"meanReadsPerBarcode": 366.433325,
	"numUMIs": 1048538,
	"numBarcodeUMIs": 30918277,
	"medianUMIsPerBarcode": 1.000000,
	"meanUMIsPerBarcode": 36.429774,
	"gtRecords": 15631125,
	"numTargets": 174462,
	"medianTargetsPerSet": 3.000000,
	"meanTargetsPerSet": 4.255703,
	"numSingleton": 77078557,
	"gtTargets": 7582,
	"numBarcodesOnWhitelist": 305379,
	"percentageBarcodesOnWhitelist": 35.981591,
	"numReadsOnWhitelist": 302498600,
	"percentageReadsOnWhitelist": 97.267913
}
