{
  "ncells": 4687,
  "ngenes": 60623,
  "nvals": 6118560,
  "density": 0.021533610116373583,
  "avg_per_cell": 4494.692340516322,
  "avg_per_gene": 347.5021526483348,
  "min_cell": 55,
  "max_cell": 75458,
  "total_counts": 21066623,
  "overdispersion": 2.9274756349671303
}
