{
	"numRecords": 63174523,
	"numReads": 231538826,
	"numBarcodes": 1380796,
	"medianReadsPerBarcode": 4.000000,
	"meanReadsPerBarcode": 167.685035,
	"numUMIs": 1048569,
	"numBarcodeUMIs": 37266153,
	"medianUMIsPerBarcode": 1.000000,
	"meanUMIsPerBarcode": 26.988891,
	"gtRecords": 18642385,
	"numTargets": 196038,
	"medianTargetsPerSet": 2.000000,
	"meanTargetsPerSet": 3.647916,
	"numSingleton": 88387018,
	"gtTargets": 4780,
	"numBarcodesOnWhitelist": 9619,
	"percentageBarcodesOnWhitelist": 0.696627,
	"numReadsOnWhitelist": 3841901,
	"percentageReadsOnWhitelist": 1.659290
}
