{
  "ncells": 2352,
  "ngenes": 60623,
  "nvals": 146354,
  "density": 0.0010264312247175893,
  "avg_per_cell": 219.38520408163265,
  "avg_per_gene": 8.51152202959273,
  "min_cell": 6,
  "max_cell": 105700,
  "total_counts": 515994,
  "overdispersion": 134.16984388301353
}
