{"ncells": 264, "ngenes": 60623, "nvals": 102743, "density": 0.006419643209722882, "avg_counts_per_cell": 1742.628787878788, "avg_counts_per_gene": 7.588769938802105, "avg_nnzero_per_cell": 389.1780303030303, "avg_nnzero_per_gene": 1.694785807366841, "min_cell": 102, "max_cell": 105700, "total_counts": 460054, "overdispersion": 20.487435284324196, "s_index": 164}