{"ncells": 264, "ngenes": 60623, "nvals": 102743, "density": 0.006419643209722882, "avg_per_cell": 1742.628787878788, "avg_per_gene": 7.588769938802105, "min_cell": 102, "max_cell": 105700, "total_count": 460054, "overdispersion": 20.487435284324196, "s_index": 164}