{
	"numRecords": 21898202,
	"numReads": 68762353,
	"numBarcodes": 530072,
	"medianReadsPerBarcode": 3.000000,
	"meanReadsPerBarcode": 129.722666,
	"numUMIs": 1047918,
	"numBarcodeUMIs": 11906250,
	"medianUMIsPerBarcode": 1.000000,
	"meanUMIsPerBarcode": 22.461571,
	"gtRecords": 10218080,
	"numTargets": 151789,
	"medianTargetsPerSet": 4.000000,
	"meanTargetsPerSet": 4.613809,
	"numSingleton": 13387686,
	"gtTargets": 7191,
	"numBarcodesOnWhitelist": 176750,
	"percentageBarcodesOnWhitelist": 33.344527,
	"numReadsOnWhitelist": 65985136,
	"percentageReadsOnWhitelist": 95.961137
}
