{"ncells": 4936, "ngenes": 60623, "nvals": 2856591, "density": 0.00954630901489614, "avg_counts_per_cell": 1439.6930713128038, "avg_counts_per_gene": 117.22159906306187, "avg_nnzero_per_cell": 578.7258914100486, "avg_nnzero_per_gene": 47.120581297527345, "min_cell": 26, "max_cell": 11089, "total_counts": 7106325, "overdispersion": 2.37377797690205, "s_index": 1518}