{"ncells": 10285, "ngenes": 60623, "nvals": 16461002, "density": 0.026400645618480115, "avg_counts_per_cell": 6175.515021876519, "avg_counts_per_gene": 1047.707503752701, "avg_nnzero_per_cell": 1600.48633932912, "avg_nnzero_per_gene": 271.530640186068, "min_cell": 113, "max_cell": 78183, "total_counts": 63515172, "overdispersion": 3.140287262960019, "s_index": 4421}