{"ncells": 1157, "ngenes": 60623, "nvals": 473991, "density": 0.0067577062945565316, "avg_counts_per_cell": 1039.1296456352636, "avg_counts_per_gene": 19.83196146677004, "avg_nnzero_per_cell": 409.6724286949006, "avg_nnzero_per_gene": 7.818666182801907, "min_cell": 601, "max_cell": 4657, "total_counts": 1202273, "overdispersion": 0.2905227244165543, "s_index": 748}