{
	"numRecords": 62478555,
	"numReads": 70221868,
	"numBarcodes": 980173,
	"medianReadsPerBarcode": 1.000000,
	"meanReadsPerBarcode": 71.642320,
	"numUMIs": 1048576,
	"numBarcodeUMIs": 55931484,
	"medianUMIsPerBarcode": 1.000000,
	"meanUMIsPerBarcode": 57.062870,
	"gtRecords": 50620893,
	"numTargets": 169093,
	"medianTargetsPerSet": 5.000000,
	"meanTargetsPerSet": 5.530126,
	"numSingleton": 10016250,
	"gtTargets": 8427,
	"numBarcodesOnWhitelist": 273792,
	"percentageBarcodesOnWhitelist": 27.933028,
	"numReadsOnWhitelist": 67926902,
	"percentageReadsOnWhitelist": 96.731836
}
