{
  "ncells": 242164,
  "ngenes": 63140,
  "nvals": 6308005,
  "density": 0.000412551214320908,
  "avg_counts_per_cell": 61.39068152161345,
  "avg_counts_per_gene": 235.45475134621475,
  "avg_nnzero_per_cell": 26.04848367222213,
  "avg_nnzero_per_gene": 99.90505226480836,
  "min_cell": 0,
  "max_cell": 66648,
  "total_counts": 14866613,
  "overdispersion": 410.2239961914636,
  "s_index": 2152
}
