{
  "ncells": 4075,
  "ngenes": 63140,
  "nvals": 3751816,
  "density": 0.014581739672866412,
  "avg_counts_per_cell": 2913.3862576687116,
  "avg_counts_per_gene": 188.02738359201774,
  "avg_nnzero_per_cell": 920.6910429447853,
  "avg_nnzero_per_gene": 59.42058916693063,
  "min_cell": 120,
  "max_cell": 66648,
  "total_counts": 11872049,
  "overdispersion": 7.554065351004305,
  "s_index": 2152
}
