{
	"numRecords": 79727139,
	"numReads": 117078571,
	"numBarcodes": 1677133,
	"medianReadsPerBarcode": 1.000000,
	"meanReadsPerBarcode": 69.808758,
	"numUMIs": 1048576,
	"numBarcodeUMIs": 65742037,
	"medianUMIsPerBarcode": 1.000000,
	"meanUMIsPerBarcode": 39.199060,
	"gtRecords": 45709111,
	"numTargets": 183462,
	"medianTargetsPerSet": 3.000000,
	"meanTargetsPerSet": 4.088955,
	"numSingleton": 32466040,
	"gtTargets": 6484,
	"numBarcodesOnWhitelist": 392354,
	"percentageBarcodesOnWhitelist": 23.394328,
	"numReadsOnWhitelist": 112759613,
	"percentageReadsOnWhitelist": 96.311060
}
