{
	"numRecords": 90539257,
	"numReads": 125634375,
	"numBarcodes": 1632063,
	"medianReadsPerBarcode": 2.000000,
	"meanReadsPerBarcode": 76.978876,
	"numUMIs": 1048576,
	"numBarcodeUMIs": 69185195,
	"medianUMIsPerBarcode": 1.000000,
	"meanUMIsPerBarcode": 42.391253,
	"gtRecords": 56079393,
	"numTargets": 186102,
	"medianTargetsPerSet": 4.000000,
	"meanTargetsPerSet": 5.228553,
	"numSingleton": 24294213,
	"gtTargets": 6338,
	"numBarcodesOnWhitelist": 489793,
	"percentageBarcodesOnWhitelist": 30.010667,
	"numReadsOnWhitelist": 120675506,
	"percentageReadsOnWhitelist": 96.052936
}
