{
  "ncells": 7426,
  "ngenes": 60623,
  "nvals": 14267668,
  "density": 0.03169280116721785,
  "avg_per_cell": 5929.358739563695,
  "avg_per_gene": 726.3153918479785,
  "min_cell": 196,
  "max_cell": 55863,
  "total_counts": 44031418,
  "overdispersion": 9.067873251112157
}
