{
	"numRecords": 3998133,
	"numReads": 9792621,
	"numBarcodes": 315121,
	"medianReadsPerBarcode": 2.000000,
	"meanReadsPerBarcode": 31.075749,
	"numUMIs": 960759,
	"numBarcodeUMIs": 3264327,
	"medianUMIsPerBarcode": 1.000000,
	"meanUMIsPerBarcode": 10.358964,
	"gtRecords": 1610705,
	"numBarcodesOnWhitelist": 169101,
	"percentageBarcodesOnWhitelist": 53.662244,
	"numReadsOnWhitelist": 8501809,
	"percentageReadsOnWhitelist": 86.818524
}
