{
  "ncells": 2086,
  "ngenes": 60623,
  "nvals": 4041367,
  "density": 0.0319577770534708,
  "avg_per_cell": 5970.139501438159,
  "avg_per_gene": 205.42881414644606,
  "min_cell": 1532,
  "max_cell": 34551,
  "total_counts": 12453711,
  "overdispersion": 0.7261992111266083
}
