{"ncells": 2032, "ngenes": 60623, "nvals": 3999420, "density": 0.03246653091956861, "avg_per_cell": 6086.953740157481, "avg_per_gene": 204.02635963248272, "min_cell": 1637, "max_cell": 34551, "total_count": 12368690, "overdispersion": 0.7055978405902233, "s_index": 1893}