{
  "ncells": 76,
  "ngenes": 60623,
  "nvals": 8887,
  "density": 0.0019288753530230405,
  "avg_per_cell": 203.39473684210526,
  "avg_per_gene": 0.2549857314880491,
  "min_cell": 83,
  "max_cell": 540,
  "total_counts": 15458,
  "overdispersion": 0.5190307981469435
}
