{"ncells": 9, "ngenes": 60623, "nvals": 1509, "density": 0.002765726979309283, "avg_counts_per_cell": 333.77777777777777, "avg_counts_per_gene": 0.04955215017402636, "avg_nnzero_per_cell": 167.66666666666666, "avg_nnzero_per_gene": 0.024891542813783547, "min_cell": 296, "max_cell": 372, "total_counts": 3004, "overdispersion": 0.5272404948058184, "s_index": 9}