{"ncells": 9, "ngenes": 60623, "nvals": 1509, "density": 0.002765726979309283, "avg_per_cell": 333.77777777777777, "avg_per_gene": 0.04955215017402636, "min_cell": 296, "max_cell": 372, "total_count": 3004, "overdispersion": 0.5272404948058184, "s_index": 9}