{"ncells": 6066, "ngenes": 60623, "nvals": 18189696, "density": 0.04946358739023244, "avg_per_cell": 8755.941477085395, "avg_per_gene": 876.1285485706745, "min_cell": 291, "max_cell": 54589, "total_count": 53113541, "overdispersion": 5.108552718690846, "s_index": 3974}