{
  "ncells": 5204,
  "ngenes": 63140,
  "nvals": 13962402,
  "density": 0.04249308601823553,
  "avg_counts_per_cell": 8790.208493466564,
  "avg_counts_per_gene": 724.4891510928096,
  "avg_nnzero_per_cell": 2683.013451191391,
  "avg_nnzero_per_gene": 221.13401963889768,
  "min_cell": 360,
  "max_cell": 144871,
  "total_counts": 45744245,
  "overdispersion": 0.6041714317034231,
  "s_index": 4298
}
