{
  "ncells": 471354,
  "ngenes": 63140,
  "nvals": 15919554,
  "density": 0.0005349080354226401,
  "avg_counts_per_cell": 101.62482974579615,
  "avg_counts_per_gene": 758.651726322458,
  "avg_nnzero_per_cell": 33.774093356585496,
  "avg_nnzero_per_gene": 252.1310421286031,
  "min_cell": 0,
  "max_cell": 144871,
  "total_counts": 47901270,
  "overdispersion": 132.44745584721477,
  "s_index": 4298
}
