{
  "ncells": 10423,
  "ngenes": 60623,
  "nvals": 18477541,
  "density": 0.029242467284936697,
  "avg_per_cell": 5216.228053343567,
  "avg_per_gene": 896.8336275011135,
  "min_cell": 244,
  "max_cell": 32789,
  "total_counts": 54368745,
  "overdispersion": 0.6775693474873836
}
