{"ncells": 15285, "ngenes": 60623, "nvals": 19791231, "density": 0.021358460241667654, "avg_counts_per_cell": 3690.748380765456, "avg_counts_per_gene": 930.555878132062, "avg_nnzero_per_cell": 1294.8139352306182, "avg_nnzero_per_gene": 326.4640647938901, "min_cell": 232, "max_cell": 32789, "total_counts": 56413089, "overdispersion": 1.2019307917326991, "s_index": 4919}