{
	"numRecords": 103652195,
	"numReads": 224365995,
	"numBarcodes": 1920352,
	"medianReadsPerBarcode": 3.000000,
	"meanReadsPerBarcode": 116.835869,
	"numUMIs": 1048576,
	"numBarcodeUMIs": 74086814,
	"medianUMIsPerBarcode": 1.000000,
	"meanUMIsPerBarcode": 38.579809,
	"gtRecords": 35301543,
	"numBarcodesOnWhitelist": 540389,
	"percentageBarcodesOnWhitelist": 28.140101,
	"numReadsOnWhitelist": 217054587,
	"percentageReadsOnWhitelist": 96.741303
}
