{
  "ncells": 7041,
  "ngenes": 60623,
  "nvals": 10630749,
  "density": 0.024905318256261477,
  "avg_per_cell": 5645.663116034654,
  "avg_per_gene": 655.7101100242483,
  "min_cell": 190,
  "max_cell": 51351,
  "total_counts": 39751114,
  "overdispersion": 2.317412600377896
}
