{"ncells": 7041, "ngenes": 60623, "nvals": 10630749, "density": 0.024905318256261477, "avg_counts_per_cell": 5645.663116034654, "avg_counts_per_gene": 655.7101100242483, "avg_nnzero_per_cell": 1509.8351086493396, "avg_nnzero_per_gene": 175.35834584233706, "min_cell": 190, "max_cell": 51351, "total_counts": 39751114, "overdispersion": 2.317412600377896, "s_index": 2629}