{
  "ncells": 104353,
  "ngenes": 63140,
  "nvals": 1444908,
  "density": 0.00021929598435047927,
  "avg_counts_per_cell": 27.455914060927814,
  "avg_counts_per_gene": 45.3770509977827,
  "avg_nnzero_per_cell": 13.846348451889261,
  "avg_nnzero_per_gene": 22.884193854925563,
  "min_cell": 0,
  "max_cell": 21987,
  "total_counts": 2865107,
  "overdispersion": 296.0777125521992,
  "s_index": 339
}
