{
  "ncells": 296,
  "ngenes": 63140,
  "nvals": 556189,
  "density": 0.02975953265587412,
  "avg_counts_per_cell": 6484.783783783784,
  "avg_counts_per_gene": 30.400633512828634,
  "avg_nnzero_per_cell": 1879.0168918918919,
  "avg_nnzero_per_gene": 8.808821666138739,
  "min_cell": 315,
  "max_cell": 21987,
  "total_counts": 1919496,
  "overdispersion": 0.5785849411040269,
  "s_index": 296
}
