{
	"numRecords": 29374844,
	"numReads": 49739435,
	"numBarcodes": 839152,
	"medianReadsPerBarcode": 2.000000,
	"meanReadsPerBarcode": 59.273451,
	"numUMIs": 1048442,
	"numBarcodeUMIs": 23831981,
	"medianUMIsPerBarcode": 1.000000,
	"meanUMIsPerBarcode": 28.400077,
	"gtRecords": 14748526,
	"numTargets": 176621,
	"medianTargetsPerSet": 3.000000,
	"meanTargetsPerSet": 4.004417,
	"numSingleton": 12576526,
	"gtTargets": 10015,
	"numBarcodesOnWhitelist": 350421,
	"percentageBarcodesOnWhitelist": 41.758942,
	"numReadsOnWhitelist": 47739349,
	"percentageReadsOnWhitelist": 95.978873
}
