{
  "ncells": 4507,
  "ngenes": 60623,
  "nvals": 8983467,
  "density": 0.0328790298585253,
  "avg_per_cell": 4121.0962946527625,
  "avg_per_gene": 306.3817528000924,
  "min_cell": 215,
  "max_cell": 29452,
  "total_counts": 18573781,
  "overdispersion": 0.47900336390417664
}
