{"ncells": 3769, "ngenes": 60623, "nvals": 8697200, "density": 0.03806412891889633, "avg_per_cell": 4800.8959936322635, "avg_per_gene": 298.47709615162563, "min_cell": 1504, "max_cell": 29452, "total_count": 18094577, "overdispersion": 0.3236335573432303, "s_index": 3042}