{
  "ncells": 76856,
  "ngenes": 63140,
  "nvals": 313395,
  "density": 0.0000645817349751473,
  "avg_counts_per_cell": 5.789814718434475,
  "avg_counts_per_gene": 7.04754513778904,
  "avg_nnzero_per_cell": 4.0776907463308,
  "avg_nnzero_per_gene": 4.96349382324992,
  "min_cell": 0,
  "max_cell": 415,
  "total_counts": 444982,
  "overdispersion": 24.290225225550195,
  "s_index": 190
}
