{
  "ncells": 4449,
  "ngenes": 63140,
  "nvals": 275735,
  "density": 0.000981578218721123,
  "avg_counts_per_cell": 89.30478759271746,
  "avg_counts_per_gene": 6.292635413367121,
  "avg_nnzero_per_cell": 61.9768487300517,
  "avg_nnzero_per_gene": 4.367041495090276,
  "min_cell": 0,
  "max_cell": 415,
  "total_counts": 397317,
  "overdispersion": 0.7260225552596641,
  "s_index": 190
}
