{
	"numRecords": 83787271,
	"numReads": 301413646,
	"numBarcodes": 1278194,
	"medianReadsPerBarcode": 3.000000,
	"meanReadsPerBarcode": 235.812127,
	"numUMIs": 1048575,
	"numBarcodeUMIs": 49092367,
	"medianUMIsPerBarcode": 1.000000,
	"meanUMIsPerBarcode": 38.407602,
	"gtRecords": 27485589,
	"numTargets": 175668,
	"medianTargetsPerSet": 3.000000,
	"meanTargetsPerSet": 3.694053,
	"numSingleton": 94822182,
	"gtTargets": 6748,
	"numBarcodesOnWhitelist": 380463,
	"percentageBarcodesOnWhitelist": 29.765669,
	"numReadsOnWhitelist": 287557676,
	"percentageReadsOnWhitelist": 95.403005
}
