{
  "ncells": 543190,
  "ngenes": 63140,
  "nvals": 29045042,
  "density": 0.0008468678876284533,
  "avg_counts_per_cell": 156.30629613947238,
  "avg_counts_per_gene": 1344.6945993031359,
  "avg_nnzero_per_cell": 53.471238424860545,
  "avg_nnzero_per_gene": 460.0101678808996,
  "min_cell": 0,
  "max_cell": 82910,
  "total_counts": 84904017,
  "overdispersion": 424.76698497499183,
  "s_index": 4254
}
