{
  "ncells": 5823,
  "ngenes": 63140,
  "nvals": 21552782,
  "density": 0.058620830713415624,
  "avg_counts_per_cell": 13157.626652928044,
  "avg_counts_per_gene": 1213.4440924928729,
  "avg_nnzero_per_cell": 3701.319251245063,
  "avg_nnzero_per_gene": 341.3490972442192,
  "min_cell": 186,
  "max_cell": 82910,
  "total_counts": 76616860,
  "overdispersion": 4.845445409666528,
  "s_index": 4254
}
