{
  "ncells": 347211,
  "ngenes": 63140,
  "nvals": 11075964,
  "density": 0.0005052234292330162,
  "avg_counts_per_cell": 93.83715665690315,
  "avg_counts_per_gene": 516.0166772252138,
  "avg_nnzero_per_cell": 31.89980732177264,
  "avg_nnzero_per_gene": 175.41913208742477,
  "min_cell": 0,
  "max_cell": 61946,
  "total_counts": 32581293,
  "overdispersion": 50.28377056518409,
  "s_index": 3045
}
