{
  "ncells": 11948,
  "ngenes": 63140,
  "nvals": 9357838,
  "density": 0.01240439910714352,
  "avg_counts_per_cell": 2481.4744727150987,
  "avg_counts_per_gene": 469.57011403230916,
  "avg_nnzero_per_cell": 783.2137596250418,
  "avg_nnzero_per_gene": 148.2077605321508,
  "min_cell": 310,
  "max_cell": 61946,
  "total_counts": 29648657,
  "overdispersion": 1.5547242340136989,
  "s_index": 3045
}
