{"ncells": 2341, "ngenes": 60623, "nvals": 292209, "density": 0.0020589924313078887, "avg_counts_per_cell": 205.2195642887655, "avg_counts_per_gene": 7.924698546756182, "avg_nnzero_per_cell": 124.82229816317813, "avg_nnzero_per_gene": 4.820101281691767, "min_cell": 89, "max_cell": 1823, "total_counts": 480419, "overdispersion": 4.049632981977604, "s_index": 326}