{
  "ncells": 12668,
  "ngenes": 60623,
  "nvals": 3581204,
  "density": 0.004663195058200052,
  "avg_per_cell": 1108.1331701926113,
  "avg_per_gene": 231.55949062237104,
  "min_cell": 59,
  "max_cell": 32567,
  "total_counts": 14037831,
  "overdispersion": 9.140721602802397
}
