{
	"numRecords": 95072128,
	"numReads": 137312585,
	"numBarcodes": 1416280,
	"medianReadsPerBarcode": 2.000000,
	"meanReadsPerBarcode": 96.952993,
	"numUMIs": 1048576,
	"numBarcodeUMIs": 70133032,
	"medianUMIsPerBarcode": 1.000000,
	"meanUMIsPerBarcode": 49.519185,
	"gtRecords": 54871334,
	"numTargets": 176472,
	"medianTargetsPerSet": 4.000000,
	"meanTargetsPerSet": 5.323835,
	"numSingleton": 22441344,
	"gtTargets": 6926,
	"numBarcodesOnWhitelist": 439823,
	"percentageBarcodesOnWhitelist": 31.054806,
	"numReadsOnWhitelist": 133360292,
	"percentageReadsOnWhitelist": 97.121682
}
