{
	"numRecords": 115181329,
	"numReads": 334137210,
	"numBarcodes": 1094164,
	"medianReadsPerBarcode": 4.000000,
	"meanReadsPerBarcode": 305.381287,
	"numUMIs": 1048576,
	"numBarcodeUMIs": 67347735,
	"medianUMIsPerBarcode": 1.000000,
	"meanUMIsPerBarcode": 61.551774,
	"gtRecords": 33004783,
	"numTargets": 180800,
	"medianTargetsPerSet": 4.000000,
	"meanTargetsPerSet": 5.223626,
	"numSingleton": 46542909,
	"gtTargets": 7302,
	"numBarcodesOnWhitelist": 408454,
	"percentageBarcodesOnWhitelist": 37.330236,
	"numReadsOnWhitelist": 325368145,
	"percentageReadsOnWhitelist": 97.375610
}
