{"ncells": 2614, "ngenes": 60623, "nvals": 8993473, "density": 0.05675242557004476, "avg_per_cell": 18015.981254781942, "avg_per_gene": 776.8301634693104, "min_cell": 6801, "max_cell": 62584, "total_count": 47093775, "overdispersion": 1.3291914940000673, "s_index": 2614}