{
	"numRecords": 88011337,
	"numReads": 276511339,
	"numBarcodes": 1016560,
	"medianReadsPerBarcode": 4.000000,
	"meanReadsPerBarcode": 272.006905,
	"numUMIs": 1048576,
	"numBarcodeUMIs": 43433893,
	"medianUMIsPerBarcode": 1.000000,
	"meanUMIsPerBarcode": 42.726345,
	"gtRecords": 30804837,
	"numBarcodesOnWhitelist": 312937,
	"percentageBarcodesOnWhitelist": 30.783918,
	"numReadsOnWhitelist": 267804758,
	"percentageReadsOnWhitelist": 96.851275
}
