{"ncells": 9198, "ngenes": 60623, "nvals": 5991644, "density": 0.01074521654237432, "avg_counts_per_cell": 3177.1667753859533, "avg_counts_per_gene": 482.05433581314026, "avg_nnzero_per_cell": 651.4072624483583, "avg_nnzero_per_gene": 98.83450175675898, "min_cell": 85, "max_cell": 48765, "total_counts": 29223580, "overdispersion": 4.251069861296463, "s_index": 3215}