{
  "ncells": 30,
  "ngenes": 60623,
  "nvals": 5567,
  "density": 0.0030609944520506517,
  "avg_per_cell": 352.96666666666664,
  "avg_per_gene": 0.17466967982448905,
  "min_cell": 73,
  "max_cell": 740,
  "total_counts": 10589,
  "overdispersion": 0.4292176516661639
}
