{"ncells": 2, "ngenes": 60623, "nvals": 759, "density": 0.006260000329907791, "avg_per_cell": 712.5, "avg_per_gene": 0.023505930092539134, "min_cell": 685, "max_cell": 740, "total_count": 1425, "overdispersion": 0.016689205595133403, "s_index": 2}