{"ncells": 2, "ngenes": 60623, "nvals": 759, "density": 0.006260000329907791, "avg_counts_per_cell": 712.5, "avg_counts_per_gene": 0.023505930092539134, "avg_nnzero_per_cell": 379.5, "avg_nnzero_per_gene": 0.012520000659815582, "min_cell": 685, "max_cell": 740, "total_counts": 1425, "overdispersion": 0.016689205595133403, "s_index": 2}