{
  "ncells": 5296,
  "ngenes": 63140,
  "nvals": 10171009,
  "density": 0.030416657296354812,
  "avg_counts_per_cell": 5855.272658610272,
  "avg_counts_per_gene": 491.12328159645233,
  "avg_nnzero_per_cell": 1920.507741691843,
  "avg_nnzero_per_gene": 161.0866170414951,
  "min_cell": 307,
  "max_cell": 40165,
  "total_counts": 31009524,
  "overdispersion": 0.7522388417980269,
  "s_index": 3715
}
