{
  "ncells": 387224,
  "ngenes": 63140,
  "nvals": 13523436,
  "density": 0.0005531210741858339,
  "avg_counts_per_cell": 89.59121077205958,
  "avg_counts_per_gene": 549.4435698447894,
  "avg_nnzero_per_cell": 34.924064624093546,
  "avg_nnzero_per_gene": 214.1817548305353,
  "min_cell": 0,
  "max_cell": 40165,
  "total_counts": 34691867,
  "overdispersion": 103.11924992145472,
  "s_index": 3715
}
