{
  "ncells": 12626,
  "ngenes": 60623,
  "nvals": 12231616,
  "density": 0.015980141819013572,
  "avg_per_cell": 2542.298273404087,
  "avg_per_gene": 529.4864655328836,
  "min_cell": 462,
  "max_cell": 42831,
  "total_counts": 32099058,
  "overdispersion": 1.4952663134428203
}
