{"ncells": 5863, "ngenes": 60623, "nvals": 9422325, "density": 0.026509452709281078, "avg_per_cell": 4562.267439877196, "avg_per_gene": 441.2281477327087, "min_cell": 1506, "max_cell": 42831, "total_count": 26748574, "overdispersion": 1.0346458837816168, "s_index": 3407}