{"ncells": 5863, "ngenes": 60623, "nvals": 9422325, "density": 0.026509452709281078, "avg_counts_per_cell": 4562.267439877196, "avg_counts_per_gene": 441.2281477327087, "avg_nnzero_per_cell": 1607.0825515947467, "avg_nnzero_per_gene": 155.42492123451495, "min_cell": 1506, "max_cell": 42831, "total_counts": 26748574, "overdispersion": 1.0346458837816168, "s_index": 3407}