{
	"numRecords": 9246867,
	"numReads": 346774974,
	"numBarcodes": 239150,
	"medianReadsPerBarcode": 5.000000,
	"meanReadsPerBarcode": 1450.031252,
	"numUMIs": 863344,
	"numBarcodeUMIs": 4168441,
	"medianUMIsPerBarcode": 2.000000,
	"meanUMIsPerBarcode": 17.430236,
	"gtRecords": 3923749,
	"numTargets": 123545,
	"medianTargetsPerSet": 4.000000,
	"meanTargetsPerSet": 5.035809,
	"numSingleton": 51309635,
	"gtTargets": 7955,
	"numBarcodesOnWhitelist": 94050,
	"percentageBarcodesOnWhitelist": 39.326782,
	"numReadsOnWhitelist": 338166179,
	"percentageReadsOnWhitelist": 97.517469
}
