{"ncells": 604, "ngenes": 60623, "nvals": 289936, "density": 0.007918223942500786, "avg_per_cell": 1995.385761589404, "avg_per_gene": 19.880457912013593, "min_cell": 150, "max_cell": 11500, "total_count": 1205213, "overdispersion": 1.749377142829874, "s_index": 505}