{
	"numRecords": 99677398,
	"numReads": 153417771,
	"numBarcodes": 2460323,
	"medianReadsPerBarcode": 2.000000,
	"meanReadsPerBarcode": 62.356760,
	"numUMIs": 16198129,
	"numBarcodeUMIs": 87878623,
	"medianUMIsPerBarcode": 1.000000,
	"meanUMIsPerBarcode": 35.718328,
	"gtRecords": 49657604,
	"numBarcodesOnWhitelist": 1380100,
	"percentageBarcodesOnWhitelist": 56.094261,
	"numReadsOnWhitelist": 148730440,
	"percentageReadsOnWhitelist": 96.944727
}
