{
  "ncells": 2518,
  "ngenes": 60623,
  "nvals": 12929323,
  "density": 0.08469984883069503,
  "avg_per_cell": 28786.963860206513,
  "avg_per_gene": 1195.677795556142,
  "min_cell": 1091,
  "max_cell": 159454,
  "total_counts": 72485575,
  "overdispersion": 1.634210322805174
}
