{"ncells": 5345, "ngenes": 60623, "nvals": 13424755, "density": 0.04143060115726654, "avg_counts_per_cell": 13735.916744621141, "avg_counts_per_gene": 1211.0663444567244, "avg_nnzero_per_cell": 2511.6473339569693, "avg_nnzero_per_gene": 221.44656318558964, "min_cell": 114, "max_cell": 159296, "total_counts": 73418475, "overdispersion": 4.338687663996199, "s_index": 2410}