{"ncells": 5345, "ngenes": 60623, "nvals": 13424755, "density": 0.04143060115726654, "avg_per_cell": 13735.916744621141, "avg_per_gene": 1211.0663444567244, "min_cell": 114, "max_cell": 159296, "total_count": 73418475, "overdispersion": 4.338687663996199, "s_index": 2410}