{
  "ncells": 1647,
  "ngenes": 63140,
  "nvals": 2573150,
  "density": 0.024743830221639097,
  "avg_counts_per_cell": 4745.574377656345,
  "avg_counts_per_gene": 123.78778904022806,
  "avg_nnzero_per_cell": 1562.3254401942927,
  "avg_nnzero_per_gene": 40.753088375039596,
  "min_cell": 304,
  "max_cell": 16368,
  "total_counts": 7815961,
  "overdispersion": 0.14333307910680287,
  "s_index": 1596
}
