{
  "ncells": 241930,
  "ngenes": 63140,
  "nvals": 3999612,
  "density": 0.0002618325043981326,
  "avg_counts_per_cell": 38.78284627784897,
  "avg_counts_per_gene": 148.60205891669307,
  "avg_nnzero_per_cell": 16.532104327698093,
  "avg_nnzero_per_gene": 63.34513778904023,
  "min_cell": 0,
  "max_cell": 16368,
  "total_counts": 9382734,
  "overdispersion": 127.62942454104346,
  "s_index": 1596
}
