{
  "ncells": 4915,
  "ngenes": 60623,
  "nvals": 15633451,
  "density": 0.05246792758453514,
  "avg_per_cell": 18834.80935910478,
  "avg_per_gene": 1527.0291473533148,
  "min_cell": 2191,
  "max_cell": 95356,
  "total_counts": 92573088,
  "overdispersion": 1.239983777486311
}
