{
	"numRecords": 18785175,
	"numReads": 23634920,
	"numBarcodes": 390010,
	"medianReadsPerBarcode": 2.000000,
	"meanReadsPerBarcode": 60.600805,
	"numUMIs": 1048538,
	"numBarcodeUMIs": 17509530,
	"medianUMIsPerBarcode": 1.000000,
	"meanUMIsPerBarcode": 44.895080,
	"gtRecords": 12454533,
	"numTargets": 162825,
	"medianTargetsPerSet": 4.000000,
	"meanTargetsPerSet": 4.791573,
	"numSingleton": 4487076,
	"gtTargets": 11745,
	"numBarcodesOnWhitelist": 203437,
	"percentageBarcodesOnWhitelist": 52.161996,
	"numReadsOnWhitelist": 23018460,
	"percentageReadsOnWhitelist": 97.391741
}
