{"ncells": 2036, "ngenes": 60623, "nvals": 3749344, "density": 0.030376664928439337, "avg_counts_per_cell": 5819.937131630649, "avg_counts_per_gene": 195.46033683585438, "avg_nnzero_per_cell": 1841.524557956778, "avg_nnzero_per_gene": 61.84688979430249, "min_cell": 1575, "max_cell": 25795, "total_counts": 11849392, "overdispersion": 2.7191719688086957, "s_index": 1892}