{"ncells": 2036, "ngenes": 60623, "nvals": 3749344, "density": 0.030376664928439337, "avg_per_cell": 5819.937131630649, "avg_per_gene": 195.46033683585438, "min_cell": 1575, "max_cell": 25795, "total_count": 11849392, "overdispersion": 2.7191719688086957, "s_index": 1892}