{"ncells": 11051, "ngenes": 60623, "nvals": 4759769, "density": 0.007104718466099593, "avg_counts_per_cell": 1177.4757035562393, "avg_counts_per_gene": 214.64269336720386, "avg_nnzero_per_cell": 430.70934757035565, "avg_nnzero_per_gene": 78.5142437688666, "min_cell": 129, "max_cell": 20108, "total_counts": 13012284, "overdispersion": 32.89726189363974, "s_index": 1911}