{
  "ncells": 5167,
  "ngenes": 63140,
  "nvals": 2820612,
  "density": 0.008645702954331352,
  "avg_counts_per_cell": 1409.753435262241,
  "avg_counts_per_gene": 115.36579030725372,
  "avg_nnzero_per_cell": 545.8896845364815,
  "avg_nnzero_per_gene": 44.67234716503009,
  "min_cell": 42,
  "max_cell": 20964,
  "total_counts": 7284196,
  "overdispersion": 1.841244277753567,
  "s_index": 1373
}
