{
  "ncells": 217417,
  "ngenes": 63140,
  "nvals": 4418732,
  "density": 0.0003218841452484187,
  "avg_counts_per_cell": 43.46485785380168,
  "avg_counts_per_gene": 149.66738992714602,
  "avg_nnzero_per_cell": 20.323764930985156,
  "avg_nnzero_per_gene": 69.98308520747545,
  "min_cell": 0,
  "max_cell": 20964,
  "total_counts": 9449999,
  "overdispersion": 71.92075164491578,
  "s_index": 1373
}
