{
	"numRecords": 68303355,
	"numReads": 85954678,
	"numBarcodes": 1197410,
	"medianReadsPerBarcode": 1.000000,
	"meanReadsPerBarcode": 71.783832,
	"numUMIs": 1048576,
	"numBarcodeUMIs": 59722112,
	"medianUMIsPerBarcode": 1.000000,
	"meanUMIsPerBarcode": 49.876076,
	"gtRecords": 46284545,
	"numTargets": 177288,
	"medianTargetsPerSet": 3.000000,
	"meanTargetsPerSet": 4.158561,
	"numSingleton": 21295897,
	"gtTargets": 6714,
	"numBarcodesOnWhitelist": 400502,
	"percentageBarcodesOnWhitelist": 33.447357,
	"numReadsOnWhitelist": 82752776,
	"percentageReadsOnWhitelist": 96.274895
}
