{"ncells": 4600, "ngenes": 60623, "nvals": 9145919, "density": 0.0327968470855874, "avg_counts_per_cell": 9616.813260869565, "avg_counts_per_gene": 729.7121719479405, "avg_nnzero_per_cell": 1988.2432608695651, "avg_nnzero_per_gene": 150.86549659370206, "min_cell": 145, "max_cell": 89030, "total_counts": 44237341, "overdispersion": 2.2453512703251786, "s_index": 2349}