{
  "ncells": 462892,
  "ngenes": 63140,
  "nvals": 18102198,
  "density": 0.000619365567966548,
  "avg_counts_per_cell": 142.13387788080158,
  "avg_counts_per_gene": 1042.0119575546405,
  "avg_nnzero_per_cell": 39.10674196140784,
  "avg_nnzero_per_gene": 286.69936648717135,
  "min_cell": 0,
  "max_cell": 86328,
  "total_counts": 65792635,
  "overdispersion": 166.80068692362093,
  "s_index": 4393
}
