{
  "ncells": 6669,
  "ngenes": 63140,
  "nvals": 15219587,
  "density": 0.0361441131017511,
  "avg_counts_per_cell": 9322.159694107062,
  "avg_counts_per_gene": 984.6291257522964,
  "avg_nnzero_per_cell": 2282.139301244564,
  "avg_nnzero_per_gene": 241.04509027557808,
  "min_cell": 4,
  "max_cell": 86328,
  "total_counts": 62169483,
  "overdispersion": 1.8695022854548957,
  "s_index": 4393
}
