{
	"numRecords": 73378432,
	"numReads": 107324759,
	"numBarcodes": 1485420,
	"medianReadsPerBarcode": 2.000000,
	"meanReadsPerBarcode": 72.252130,
	"numUMIs": 1048576,
	"numBarcodeUMIs": 58021809,
	"medianUMIsPerBarcode": 1.000000,
	"meanUMIsPerBarcode": 39.060878,
	"gtRecords": 42064034,
	"numTargets": 195252,
	"medianTargetsPerSet": 4.000000,
	"meanTargetsPerSet": 4.556297,
	"numSingleton": 23919689,
	"gtTargets": 6802,
	"numBarcodesOnWhitelist": 353045,
	"percentageBarcodesOnWhitelist": 23.767352,
	"numReadsOnWhitelist": 103391024,
	"percentageReadsOnWhitelist": 96.334737
}
