{
  "ncells": 2324,
  "ngenes": 63140,
  "nvals": 1573264,
  "density": 0.010721632173292472,
  "avg_counts_per_cell": 2152.302495697074,
  "avg_counts_per_gene": 79.22000316756414,
  "avg_nnzero_per_cell": 676.9638554216867,
  "avg_nnzero_per_gene": 24.917073170731708,
  "min_cell": 43,
  "max_cell": 29371,
  "total_counts": 5001951,
  "overdispersion": 1.2864118073137203,
  "s_index": 1218
}
