{
  "ncells": 372769,
  "ngenes": 63140,
  "nvals": 2608279,
  "density": 0.00011081783940984195,
  "avg_counts_per_cell": 16.769414838680255,
  "avg_counts_per_gene": 99.0040861577447,
  "avg_nnzero_per_cell": 6.997038380337421,
  "avg_nnzero_per_gene": 41.309455178967376,
  "min_cell": 0,
  "max_cell": 29371,
  "total_counts": 6251118,
  "overdispersion": 286.5369452381283,
  "s_index": 1218
}
