{
	"numRecords": 72700302,
	"numReads": 246304387,
	"numBarcodes": 964365,
	"medianReadsPerBarcode": 4.000000,
	"meanReadsPerBarcode": 255.405772,
	"numUMIs": 1048576,
	"numBarcodeUMIs": 34302160,
	"medianUMIsPerBarcode": 1.000000,
	"meanUMIsPerBarcode": 35.569686,
	"gtRecords": 25398512,
	"numTargets": 171738,
	"medianTargetsPerSet": 4.000000,
	"meanTargetsPerSet": 4.912889,
	"numSingleton": 37168250,
	"gtTargets": 6786,
	"numBarcodesOnWhitelist": 258187,
	"percentageBarcodesOnWhitelist": 26.772747,
	"numReadsOnWhitelist": 238272076,
	"percentageReadsOnWhitelist": 96.738868
}
