{
  "ncells": 6425,
  "ngenes": 60623,
  "nvals": 6365401,
  "density": 0.016342376508100616,
  "avg_per_cell": 3501.4927626459144,
  "avg_per_gene": 371.09827953087114,
  "min_cell": 883,
  "max_cell": 35518,
  "total_counts": 22497091,
  "overdispersion": 8.34512773808002
}
