{"ncells": 1168, "ngenes": 60623, "nvals": 2182910, "density": 0.030828724980956863, "avg_per_cell": 9561.556506849314, "avg_per_gene": 184.2188278376194, "min_cell": 4368, "max_cell": 35518, "total_count": 11167898, "overdispersion": 1.2522280581121508, "s_index": 1168}