{
	"numRecords": 135055812,
	"numReads": 272812477,
	"numBarcodes": 1636311,
	"medianReadsPerBarcode": 2.000000,
	"meanReadsPerBarcode": 166.724099,
	"numUMIs": 1048576,
	"numBarcodeUMIs": 83149723,
	"medianUMIsPerBarcode": 1.000000,
	"meanUMIsPerBarcode": 50.815354,
	"gtRecords": 60044334,
	"numTargets": 187083,
	"medianTargetsPerSet": 4.000000,
	"meanTargetsPerSet": 5.344246,
	"numSingleton": 63044348,
	"gtTargets": 6317,
	"numBarcodesOnWhitelist": 468728,
	"percentageBarcodesOnWhitelist": 28.645410,
	"numReadsOnWhitelist": 261635073,
	"percentageReadsOnWhitelist": 95.902899
}
