{
	"numRecords": 188122478,
	"numReads": 293617598,
	"numBarcodes": 1913560,
	"medianReadsPerBarcode": 2.000000,
	"meanReadsPerBarcode": 153.440497,
	"numUMIs": 1048576,
	"numBarcodeUMIs": 137102191,
	"medianUMIsPerBarcode": 1.000000,
	"meanUMIsPerBarcode": 71.647710,
	"gtRecords": 97303798,
	"numBarcodesOnWhitelist": 572282,
	"percentageBarcodesOnWhitelist": 29.906666,
	"numReadsOnWhitelist": 280805778,
	"percentageReadsOnWhitelist": 95.636563
}
