{
  "ncells": 7041,
  "ngenes": 60623,
  "nvals": 17543455,
  "density": 0.041100145445010665,
  "avg_per_cell": 13194.841783837523,
  "avg_per_gene": 1532.5022021345035,
  "min_cell": 282,
  "max_cell": 82435,
  "total_counts": 92904881,
  "overdispersion": 3.47413186215806
}
