{
  "ncells": 7143,
  "ngenes": 63140,
  "nvals": 16249993,
  "density": 0.03603030600141877,
  "avg_counts_per_cell": 9164.345233095339,
  "avg_counts_per_gene": 1036.7582831802345,
  "avg_nnzero_per_cell": 2274.9535209295814,
  "avg_nnzero_per_gene": 257.3644757681343,
  "min_cell": 186,
  "max_cell": 103165,
  "total_counts": 65460918,
  "overdispersion": 1.5253295934312905,
  "s_index": 4936
}
