{
  "ncells": 541042,
  "ngenes": 63140,
  "nvals": 20592451,
  "density": 0.0006027989454392219,
  "avg_counts_per_cell": 130.83806432772317,
  "avg_counts_per_gene": 1121.1417168197656,
  "avg_nnzero_per_cell": 38.06072541503247,
  "avg_nnzero_per_gene": 326.1395470383275,
  "min_cell": 0,
  "max_cell": 103165,
  "total_counts": 70788888,
  "overdispersion": 151.19752237032085,
  "s_index": 4936
}
