{
	"numRecords": 68225725,
	"numReads": 135570269,
	"numBarcodes": 1112849,
	"medianReadsPerBarcode": 3.000000,
	"meanReadsPerBarcode": 121.822699,
	"numUMIs": 1048576,
	"numBarcodeUMIs": 43715693,
	"medianUMIsPerBarcode": 1.000000,
	"meanUMIsPerBarcode": 39.282682,
	"gtRecords": 30376937,
	"numTargets": 179421,
	"medianTargetsPerSet": 4.000000,
	"meanTargetsPerSet": 5.148719,
	"numSingleton": 26515500,
	"gtTargets": 7063,
	"numBarcodesOnWhitelist": 415507,
	"percentageBarcodesOnWhitelist": 37.337231,
	"numReadsOnWhitelist": 131240959,
	"percentageReadsOnWhitelist": 96.806593
}
