{"ncells": 6062, "ngenes": 60623, "nvals": 12012366, "density": 0.03268701030196669, "avg_counts_per_cell": 4858.310128670406, "avg_counts_per_gene": 485.806970951619, "avg_nnzero_per_cell": 1981.5846255361266, "avg_nnzero_per_gene": 198.14865645052208, "min_cell": 2731, "max_cell": 37918, "total_counts": 29451076, "overdispersion": 0.41099845103523047, "s_index": 3781}