{"ncells": 5381, "ngenes": 60623, "nvals": 5241399, "density": 0.016067444384380982, "avg_counts_per_cell": 2905.476119680357, "avg_counts_per_gene": 257.8949738548076, "avg_nnzero_per_cell": 974.0566809143282, "avg_nnzero_per_gene": 86.45891823235405, "min_cell": 126, "max_cell": 18879, "total_counts": 15634367, "overdispersion": 0.2722234811259815, "s_index": 2751}