{
  "ncells": 283757,
  "ngenes": 63140,
  "nvals": 11730189,
  "density": 0.0006547173473967672,
  "avg_counts_per_cell": 100.7063966703905,
  "avg_counts_per_gene": 452.5838612606905,
  "avg_nnzero_per_cell": 41.33885331463188,
  "avg_nnzero_per_gene": 185.78063034526448,
  "min_cell": 0,
  "max_cell": 25580,
  "total_counts": 28576145,
  "overdispersion": 200.19095995478813,
  "s_index": 3227
}
