{
  "ncells": 8905,
  "ngenes": 63140,
  "nvals": 8831099,
  "density": 0.01570638547850583,
  "avg_counts_per_cell": 2762.2174059517124,
  "avg_counts_per_gene": 389.5715235983529,
  "avg_nnzero_per_cell": 991.701179112858,
  "avg_nnzero_per_gene": 139.8653626860944,
  "min_cell": 165,
  "max_cell": 25580,
  "total_counts": 24597546,
  "overdispersion": 8.882737813842729,
  "s_index": 3227
}
