{
  "ncells": 11343,
  "ngenes": 60623,
  "nvals": 1988062,
  "density": 0.0028911096814719047,
  "avg_per_cell": 274.57066031913956,
  "avg_per_gene": 51.37414842551507,
  "min_cell": 1,
  "max_cell": 5417,
  "total_counts": 3114455,
  "overdispersion": 2.5514669507416565
}
