{"ncells": 14335, "ngenes": 60623, "nvals": 2225778, "density": 0.002561219053819278, "avg_per_cell": 241.00592954307638, "avg_per_gene": 56.98860168582881, "min_cell": 76, "max_cell": 5417, "total_count": 3454820, "overdispersion": 2.8361358362310845, "s_index": 545}