{
  "ncells": 931422,
  "ngenes": 63140,
  "nvals": 6660352,
  "density": 0.0001132520606992135,
  "avg_counts_per_cell": 26.120110970108072,
  "avg_counts_per_gene": 385.31590117199875,
  "avg_nnzero_per_cell": 7.1507351125483405,
  "avg_nnzero_per_gene": 105.48546088058283,
  "min_cell": 0,
  "max_cell": 98468,
  "total_counts": 24328846,
  "overdispersion": 27.29449042839302,
  "s_index": 1408
}
