{
  "ncells": 1253,
  "ngenes": 63140,
  "nvals": 3016315,
  "density": 0.0381259825958403,
  "avg_counts_per_cell": 8311.484437350358,
  "avg_counts_per_gene": 164.93965790307254,
  "avg_nnzero_per_cell": 2407.2745411013566,
  "avg_nnzero_per_gene": 47.7718561925879,
  "min_cell": 966,
  "max_cell": 98480,
  "total_counts": 10414290,
  "overdispersion": 10.07811966061852,
  "s_index": 1250
}
