{
  "ncells": 232873,
  "ngenes": 63140,
  "nvals": 5082278,
  "density": 0.0003456485199752989,
  "avg_counts_per_cell": 38.95677901688904,
  "avg_counts_per_gene": 143.68042445359518,
  "avg_nnzero_per_cell": 21.824247551240376,
  "avg_nnzero_per_gene": 80.4922077922078,
  "min_cell": 0,
  "max_cell": 31144,
  "total_counts": 9071982,
  "overdispersion": 141.9216916955344,
  "s_index": 888
}
