{
  "ncells": 3648,
  "ngenes": 63140,
  "nvals": 2215480,
  "density": 0.009618523859537981,
  "avg_counts_per_cell": 1618.5882675438597,
  "avg_counts_per_gene": 93.51615457713018,
  "avg_nnzero_per_cell": 607.313596491228,
  "avg_nnzero_per_gene": 35.08837503959455,
  "min_cell": 48,
  "max_cell": 31144,
  "total_counts": 5904610,
  "overdispersion": 3.504394829328208,
  "s_index": 888
}
