{
  "ncells": 16540,
  "ngenes": 63140,
  "nvals": 7917736,
  "density": 0.007581601163457417,
  "avg_counts_per_cell": 1126.8276904474003,
  "avg_counts_per_gene": 295.18102629078237,
  "avg_nnzero_per_cell": 478.70229746070135,
  "avg_nnzero_per_gene": 125.39968324358568,
  "min_cell": 0,
  "max_cell": 25431,
  "total_counts": 18637730,
  "overdispersion": 1.8907780290659053,
  "s_index": 1788
}
