{
  "ncells": 349553,
  "ngenes": 63140,
  "nvals": 9240549,
  "density": 0.00041867802129636183,
  "avg_counts_per_cell": 58.99350027034527,
  "avg_counts_per_gene": 326.597323408299,
  "avg_nnzero_per_cell": 26.435330264652283,
  "avg_nnzero_per_gene": 146.35015837820717,
  "min_cell": 0,
  "max_cell": 25431,
  "total_counts": 20621355,
  "overdispersion": 42.01248819287557,
  "s_index": 1788
}
