{
  "ncells": 9994,
  "ngenes": 63140,
  "nvals": 21241652,
  "density": 0.03366234501549837,
  "avg_counts_per_cell": 6230.367720632379,
  "avg_counts_per_gene": 986.1624168514412,
  "avg_nnzero_per_cell": 2125.440464278567,
  "avg_nnzero_per_gene": 336.42147608489074,
  "min_cell": 135,
  "max_cell": 27351,
  "total_counts": 62266295,
  "overdispersion": 0.41923343417772885,
  "s_index": 5387
}
