{
  "ncells": 504997,
  "ngenes": 63140,
  "nvals": 22996899,
  "density": 0.0007212335189772582,
  "avg_counts_per_cell": 127.42396093442139,
  "avg_counts_per_gene": 1019.1434589800443,
  "avg_nnzero_per_cell": 45.53868438822409,
  "avg_nnzero_per_gene": 364.2207633829585,
  "min_cell": 0,
  "max_cell": 27351,
  "total_counts": 64348718,
  "overdispersion": 65.35519116071657,
  "s_index": 5387
}
