{
  "ncells": 413139,
  "ngenes": 63140,
  "nvals": 10194906,
  "density": 0.00039082510594047577,
  "avg_counts_per_cell": 112.65982151285645,
  "avg_counts_per_gene": 737.1581564776686,
  "avg_nnzero_per_cell": 24.67669718908164,
  "avg_nnzero_per_gene": 161.46509344314222,
  "min_cell": 0,
  "max_cell": 132887,
  "total_counts": 46544166,
  "overdispersion": 846.6446541344459,
  "s_index": 1880
}
