{
  "ncells": 2123,
  "ngenes": 63140,
  "nvals": 6805405,
  "density": 0.05076909292928961,
  "avg_counts_per_cell": 19896.617993405558,
  "avg_counts_per_gene": 668.9977827050998,
  "avg_nnzero_per_cell": 3205.560527555346,
  "avg_nnzero_per_gene": 107.78278428888186,
  "min_cell": 313,
  "max_cell": 132887,
  "total_counts": 42240520,
  "overdispersion": 3.940608010043657,
  "s_index": 1880
}
