{
  "ncells": 342283,
  "ngenes": 63140,
  "nvals": 9268156,
  "density": 0.0004288480383037141,
  "avg_counts_per_cell": 85.22750180406273,
  "avg_counts_per_gene": 462.0197180867913,
  "avg_nnzero_per_cell": 27.077465138496507,
  "avg_nnzero_per_gene": 146.78739309471015,
  "min_cell": 0,
  "max_cell": 40577,
  "total_counts": 29171925,
  "overdispersion": 225.00476341800947,
  "s_index": 3035
}
