{
  "ncells": 3519,
  "ngenes": 63140,
  "nvals": 7040270,
  "density": 0.0316858579287623,
  "avg_counts_per_cell": 7350.315430520034,
  "avg_counts_per_gene": 409.6572695597086,
  "avg_nnzero_per_cell": 2000.6450696220518,
  "avg_nnzero_per_gene": 111.50253405131454,
  "min_cell": 949,
  "max_cell": 40577,
  "total_counts": 25865760,
  "overdispersion": 2.047118638591655,
  "s_index": 3031
}
