{
	"numRecords": 345948104,
	"numReads": 952420535,
	"numBarcodes": 5491156,
	"medianReadsPerBarcode": 2.000000,
	"meanReadsPerBarcode": 173.446272,
	"numUMIs": 16742053,
	"numBarcodeUMIs": 237035828,
	"medianUMIsPerBarcode": 1.000000,
	"meanUMIsPerBarcode": 43.166836,
	"gtRecords": 116353238,
	"numBarcodesOnWhitelist": 1942772,
	"percentageBarcodesOnWhitelist": 35.380018,
	"numReadsOnWhitelist": 921124574,
	"percentageReadsOnWhitelist": 96.714061
}
