{"ncells": 5782, "ngenes": 60623, "nvals": 27842128, "density": 0.0794304301183378, "avg_counts_per_cell": 30881.336734693876, "avg_counts_per_gene": 2945.3489434703, "avg_nnzero_per_cell": 4815.310965063992, "avg_nnzero_per_gene": 459.2667469442291, "min_cell": 1119, "max_cell": 302310, "total_counts": 178555889, "overdispersion": 0.7187646587229584, "s_index": 5013}