{"ncells": 5782, "ngenes": 60623, "nvals": 27842128, "density": 0.0794304301183378, "avg_per_cell": 30881.336734693876, "avg_per_gene": 2945.3489434703, "min_cell": 1119, "max_cell": 302310, "total_count": 178555889, "overdispersion": 0.7187646587229584, "s_index": 5013}