{
  "ncells": 11916,
  "ngenes": 60623,
  "nvals": 842384,
  "density": 0.0011661171719624204,
  "avg_per_cell": 190.8739509902652,
  "avg_per_gene": 37.51800471768141,
  "min_cell": 1,
  "max_cell": 6427,
  "total_counts": 2274454,
  "overdispersion": 1.502956993956957
}
