{"ncells": 5807, "ngenes": 60623, "nvals": 543594, "density": 0.0015441354883517738, "avg_per_cell": 262.8365765455485, "avg_per_gene": 25.176781089685434, "min_cell": 154, "max_cell": 6427, "total_count": 1526292, "overdispersion": 1.3807593441961923, "s_index": 445}