{
	"numRecords": 11542290,
	"numReads": 52036960,
	"numBarcodes": 1508540,
	"medianReadsPerBarcode": 2.000000,
	"meanReadsPerBarcode": 34.494916,
	"numUMIs": 1042733,
	"numBarcodeUMIs": 9730480,
	"medianUMIsPerBarcode": 1.000000,
	"meanUMIsPerBarcode": 6.450263,
	"gtRecords": 5926782,
	"numBarcodesOnWhitelist": 128192,
	"percentageBarcodesOnWhitelist": 8.497753,
	"numReadsOnWhitelist": 28772661,
	"percentageReadsOnWhitelist": 55.292740
}
