{
  "ncells": 2484,
  "ngenes": 60623,
  "nvals": 1658057,
  "density": 0.011010586188503308,
  "avg_per_cell": 1972.9533011272142,
  "avg_per_gene": 80.84086897712089,
  "min_cell": 26,
  "max_cell": 11991,
  "total_counts": 4900816,
  "overdispersion": 2.345011759440651
}
