{"ncells": 2448, "ngenes": 60623, "nvals": 1661215, "density": 0.0111937861651982, "avg_per_cell": 2008.2299836601308, "avg_per_gene": 81.09375979413754, "min_cell": 457, "max_cell": 11991, "total_count": 4916147, "overdispersion": 2.2244579962637463, "s_index": 1301}