{
  "ncells": 606194,
  "ngenes": 63140,
  "nvals": 6192261,
  "density": 0.00016178305879614572,
  "avg_counts_per_cell": 27.968422650174695,
  "avg_counts_per_gene": 268.51900538485904,
  "avg_nnzero_per_cell": 10.214982332388642,
  "avg_nnzero_per_gene": 98.07191954387076,
  "min_cell": 0,
  "max_cell": 71532,
  "total_counts": 16954290,
  "overdispersion": 325.694247302784,
  "s_index": 1606
}
