{
  "ncells": 1878,
  "ngenes": 63140,
  "nvals": 4160798,
  "density": 0.035089442363657276,
  "avg_counts_per_cell": 7374.089989350373,
  "avg_counts_per_gene": 219.33070953436808,
  "avg_nnzero_per_cell": 2215.5473908413205,
  "avg_nnzero_per_gene": 65.89797275894837,
  "min_cell": 345,
  "max_cell": 71532,
  "total_counts": 13848541,
  "overdispersion": 2.3149674825179365,
  "s_index": 1605
}
