{
  "ncells": 273593,
  "ngenes": 63140,
  "nvals": 8745139,
  "density": 0.0005062408161661967,
  "avg_counts_per_cell": 90.13683464123717,
  "avg_counts_per_gene": 390.5734399746595,
  "avg_nnzero_per_cell": 31.96404513273366,
  "avg_nnzero_per_gene": 138.50394361735826,
  "min_cell": 0,
  "max_cell": 52069,
  "total_counts": 24660807,
  "overdispersion": 112.63359115908659,
  "s_index": 3033
}
