{
  "ncells": 3503,
  "ngenes": 63140,
  "nvals": 7082643,
  "density": 0.03202216101299117,
  "avg_counts_per_cell": 6532.5712246645735,
  "avg_counts_per_gene": 362.42630662020906,
  "avg_nnzero_per_cell": 2021.8792463602626,
  "avg_nnzero_per_gene": 112.17363002850807,
  "min_cell": 263,
  "max_cell": 52069,
  "total_counts": 22883597,
  "overdispersion": 0.5351165900286935,
  "s_index": 3033
}
