{
  "ncells": 329071,
  "ngenes": 63140,
  "nvals": 8927963,
  "density": 0.00042969291536451516,
  "avg_counts_per_cell": 60.61609196799475,
  "avg_counts_per_gene": 315.9169781438074,
  "avg_nnzero_per_cell": 27.130810676115487,
  "avg_nnzero_per_gene": 141.39947735191637,
  "min_cell": 0,
  "max_cell": 17591,
  "total_counts": 19946998,
  "overdispersion": 18.60904901662338,
  "s_index": 1714
}
