{
  "ncells": 22413,
  "ngenes": 63140,
  "nvals": 8046538,
  "density": 0.005685969135208633,
  "avg_counts_per_cell": 826.663320394414,
  "avg_counts_per_gene": 293.44322141273364,
  "avg_nnzero_per_cell": 359.0120911970731,
  "avg_nnzero_per_gene": 127.4396262274311,
  "min_cell": 0,
  "max_cell": 17591,
  "total_counts": 18528005,
  "overdispersion": 0.6029120797520293,
  "s_index": 1714
}
