{"ncells": 1490, "ngenes": 60623, "nvals": 382944, "density": 0.004239470101663632, "avg_counts_per_cell": 442.9308724832215, "avg_counts_per_gene": 10.886412747637035, "avg_nnzero_per_cell": 257.00939597315437, "avg_nnzero_per_gene": 6.316810451478812, "min_cell": 201, "max_cell": 2326, "total_counts": 659967, "overdispersion": 2.085587489908881, "s_index": 475}