{
	"numRecords": 7061233,
	"numReads": 16898522,
	"numBarcodes": 1365702,
	"medianReadsPerBarcode": 3.000000,
	"meanReadsPerBarcode": 12.373506,
	"numUMIs": 1034176,
	"numBarcodeUMIs": 6126742,
	"medianUMIsPerBarcode": 1.000000,
	"meanUMIsPerBarcode": 4.486149,
	"gtRecords": 3183699,
	"numBarcodesOnWhitelist": 147589,
	"percentageBarcodesOnWhitelist": 10.806823,
	"numReadsOnWhitelist": 9294644,
	"percentageReadsOnWhitelist": 55.002704
}
