{
	"numRecords": 61493112,
	"numReads": 204727445,
	"numBarcodes": 1985964,
	"medianReadsPerBarcode": 1.000000,
	"meanReadsPerBarcode": 103.087188,
	"numUMIs": 1048555,
	"numBarcodeUMIs": 35097125,
	"medianUMIsPerBarcode": 1.000000,
	"meanUMIsPerBarcode": 17.672589,
	"gtRecords": 33749126,
	"numTargets": 167563,
	"medianTargetsPerSet": 4.000000,
	"meanTargetsPerSet": 5.023919,
	"numSingleton": 35945978,
	"gtTargets": 6969,
	"numBarcodesOnWhitelist": 251625,
	"percentageBarcodesOnWhitelist": 12.670169,
	"numReadsOnWhitelist": 194219403,
	"percentageReadsOnWhitelist": 94.867302
}
