{
  "ncells": 1332,
  "ngenes": 63140,
  "nvals": 1190180,
  "density": 0.014151544639349518,
  "avg_counts_per_cell": 2119.515015015015,
  "avg_counts_per_gene": 44.71324041811847,
  "avg_nnzero_per_cell": 893.5285285285286,
  "avg_nnzero_per_gene": 18.849857459613556,
  "min_cell": 207,
  "max_cell": 33183,
  "total_counts": 2823194,
  "overdispersion": 0.539214276654708,
  "s_index": 851
}
