{
  "ncells": 123213,
  "ngenes": 63140,
  "nvals": 2081327,
  "density": 0.00026753413906891734,
  "avg_counts_per_cell": 31.39767719315332,
  "avg_counts_per_gene": 61.27022489705416,
  "avg_nnzero_per_cell": 16.89210554081144,
  "avg_nnzero_per_gene": 32.96368387709851,
  "min_cell": 0,
  "max_cell": 33183,
  "total_counts": 3868602,
  "overdispersion": 122.11853401569823,
  "s_index": 851
}
