{"ncells": 7426, "ngenes": 60623, "nvals": 14267668, "density": 0.03169280116721785, "avg_counts_per_cell": 5929.358739563695, "avg_counts_per_gene": 726.3153918479785, "avg_nnzero_per_cell": 1921.3126851602478, "avg_nnzero_per_gene": 235.35074146775978, "min_cell": 196, "max_cell": 55863, "total_counts": 44031418, "overdispersion": 9.067873251112157, "s_index": 3781}