{
  "ncells": 597237,
  "ngenes": 63140,
  "nvals": 4034441,
  "density": 0.00010698726510037597,
  "avg_counts_per_cell": 8.736208573815755,
  "avg_counts_per_gene": 82.63520747545138,
  "avg_nnzero_per_cell": 6.755175918437739,
  "avg_nnzero_per_gene": 63.89675324675325,
  "min_cell": 0,
  "max_cell": 10259,
  "total_counts": 5217587,
  "overdispersion": 111.48160637153048,
  "s_index": 806
}
