{
  "ncells": 9137,
  "ngenes": 63140,
  "nvals": 2292327,
  "density": 0.0039734556252760175,
  "avg_counts_per_cell": 353.4911896683813,
  "avg_counts_per_gene": 51.15376940133038,
  "avg_nnzero_per_cell": 250.88398817992777,
  "avg_nnzero_per_gene": 36.30546404814697,
  "min_cell": 64,
  "max_cell": 10259,
  "total_counts": 3229849,
  "overdispersion": 2.753786543715588,
  "s_index": 807
}
