{
	"numRecords": 35007340,
	"numReads": 141401946,
	"numBarcodes": 566763,
	"medianReadsPerBarcode": 5.000000,
	"meanReadsPerBarcode": 249.490433,
	"numUMIs": 1047852,
	"numBarcodeUMIs": 19920437,
	"medianUMIsPerBarcode": 1.000000,
	"meanUMIsPerBarcode": 35.147737,
	"gtRecords": 10181000,
	"numTargets": 161897,
	"medianTargetsPerSet": 4.000000,
	"meanTargetsPerSet": 5.848408,
	"numSingleton": 29427922,
	"gtTargets": 8059,
	"numBarcodesOnWhitelist": 202441,
	"percentageBarcodesOnWhitelist": 35.718810,
	"numReadsOnWhitelist": 137136010,
	"percentageReadsOnWhitelist": 96.983114
}
