{
  "ncells": 585975,
  "ngenes": 63140,
  "nvals": 4632594,
  "density": 0.00012521044962910148,
  "avg_counts_per_cell": 10.594330816161099,
  "avg_counts_per_gene": 98.32139689578715,
  "avg_nnzero_per_cell": 7.905787789581467,
  "avg_nnzero_per_gene": 73.37019322141273,
  "min_cell": 0,
  "max_cell": 22002,
  "total_counts": 6208013,
  "overdispersion": 158.47021576475433,
  "s_index": 1010
}
