{
  "ncells": 7177,
  "ngenes": 63140,
  "nvals": 3097725,
  "density": 0.0068358942701779064,
  "avg_counts_per_cell": 629.9994426640658,
  "avg_counts_per_gene": 71.61080139372822,
  "avg_nnzero_per_cell": 431.618364219033,
  "avg_nnzero_per_gene": 49.06121317706683,
  "min_cell": 110,
  "max_cell": 22002,
  "total_counts": 4521506,
  "overdispersion": 2.172102658916469,
  "s_index": 1010
}
