{"ncells": 700, "ngenes": 60623, "nvals": 652674, "density": 0.015380159816759787, "avg_per_cell": 2166.5514285714285, "avg_per_gene": 25.01667683882355, "min_cell": 1171, "max_cell": 7371, "total_count": 1516586, "overdispersion": 0.31238716427391694, "s_index": 700}