{
  "ncells": 370146,
  "ngenes": 63140,
  "nvals": 9754131,
  "density": 0.00041736011740530724,
  "avg_counts_per_cell": 78.34396967683023,
  "avg_counts_per_gene": 459.27632245802977,
  "avg_nnzero_per_cell": 26.3521178129711,
  "avg_nnzero_per_gene": 154.48417801710485,
  "min_cell": 0,
  "max_cell": 160089,
  "total_counts": 28998707,
  "overdispersion": 627.8052721057796,
  "s_index": 2140
}
