{
  "ncells": 4116,
  "ngenes": 63140,
  "nvals": 6238220,
  "density": 0.024003841094788973,
  "avg_counts_per_cell": 5603.724489795918,
  "avg_counts_per_gene": 365.29822616407984,
  "avg_nnzero_per_cell": 1515.6025267249756,
  "avg_nnzero_per_gene": 98.79980994615141,
  "min_cell": 232,
  "max_cell": 160089,
  "total_counts": 23064930,
  "overdispersion": 9.327600794989928,
  "s_index": 2140
}
