{
  "ncells": 11752,
  "ngenes": 60623,
  "nvals": 4154522,
  "density": 0.005831386890468267,
  "avg_per_cell": 739.1997957794418,
  "avg_per_gene": 143.29670257163122,
  "min_cell": 248,
  "max_cell": 117065,
  "total_counts": 8687076,
  "overdispersion": 6.785796507546531
}
