{"ncells": 14074, "ngenes": 60623, "nvals": 4542369, "density": 0.005323869978909319, "avg_counts_per_cell": 656.75294869973, "avg_counts_per_gene": 152.46921135542615, "avg_nnzero_per_cell": 322.74896973141966, "avg_nnzero_per_gene": 74.92814608316975, "min_cell": 114, "max_cell": 117065, "total_counts": 9243141, "overdispersion": 7.940116633584309, "s_index": 1112}