{
  "ncells": 118910,
  "ngenes": 63140,
  "nvals": 962333,
  "density": 0.0001281747331844659,
  "avg_counts_per_cell": 24.459347405600873,
  "avg_counts_per_gene": 46.06368387709851,
  "avg_nnzero_per_cell": 8.092952653267178,
  "avg_nnzero_per_gene": 15.24125752296484,
  "min_cell": 0,
  "max_cell": 29012,
  "total_counts": 2908461,
  "overdispersion": 1116.9950490396557,
  "s_index": 495
}
