{
  "ncells": 286,
  "ngenes": 63140,
  "nvals": 458189,
  "density": 0.025373130195746604,
  "avg_counts_per_cell": 7728.513986013986,
  "avg_counts_per_gene": 35.00720620842572,
  "avg_nnzero_per_cell": 1602.0594405594406,
  "avg_nnzero_per_gene": 7.2567152359835285,
  "min_cell": 432,
  "max_cell": 29012,
  "total_counts": 2210355,
  "overdispersion": 2.284953945667682,
  "s_index": 286
}
