{
  "ncells": 4701,
  "ngenes": 60623,
  "nvals": 9362037,
  "density": 0.03285055247607113,
  "avg_per_cell": 4441.701765581791,
  "avg_per_gene": 344.43099153786517,
  "min_cell": 444,
  "max_cell": 24271,
  "total_counts": 20880440,
  "overdispersion": 0.2842378919172427
}
