{"ncells": 5484, "ngenes": 60623, "nvals": 9571029, "density": 0.028788813209421314, "avg_per_cell": 3860.3318745441284, "avg_per_gene": 349.2083862560414, "min_cell": 195, "max_cell": 24271, "total_count": 21170060, "overdispersion": 0.4535204596369389, "s_index": 3173}