{
  "ncells": 359849,
  "ngenes": 63140,
  "nvals": 9160888,
  "density": 0.0004031927329023015,
  "avg_counts_per_cell": 87.07246928572818,
  "avg_counts_per_gene": 496.2455020589167,
  "avg_nnzero_per_cell": 25.457589155451313,
  "avg_nnzero_per_gene": 145.08850174216028,
  "min_cell": 0,
  "max_cell": 72239,
  "total_counts": 31332941,
  "overdispersion": 266.9317545505303,
  "s_index": 3045
}
