{
  "ncells": 5599,
  "ngenes": 63140,
  "nvals": 5678559,
  "density": 0.016062868256204173,
  "avg_counts_per_cell": 4760.1791391319875,
  "avg_counts_per_gene": 422.1134463097878,
  "avg_nnzero_per_cell": 1014.2095016967315,
  "avg_nnzero_per_gene": 89.93599936648717,
  "min_cell": 347,
  "max_cell": 72239,
  "total_counts": 26652243,
  "overdispersion": 5.046219611700658,
  "s_index": 3045
}
