{
  "ncells": 462619,
  "ngenes": 63140,
  "nvals": 3692652,
  "density": 0.0001264184141639166,
  "avg_counts_per_cell": 11.444756916598756,
  "avg_counts_per_gene": 83.85432372505544,
  "avg_nnzero_per_cell": 7.982058670309693,
  "avg_nnzero_per_gene": 58.48356034209693,
  "min_cell": 0,
  "max_cell": 24449,
  "total_counts": 5294562,
  "overdispersion": 360.6420333165206,
  "s_index": 1148
}
