{
  "ncells": 3046,
  "ngenes": 63140,
  "nvals": 2325607,
  "density": 0.012092103322905815,
  "avg_counts_per_cell": 1261.3404464871962,
  "avg_counts_per_gene": 60.84958821666139,
  "avg_nnzero_per_cell": 763.4954038082732,
  "avg_nnzero_per_gene": 36.83254672157111,
  "min_cell": 172,
  "max_cell": 24454,
  "total_counts": 3842043,
  "overdispersion": 2.3523118190222743,
  "s_index": 1148
}
