{
  "ncells": 2387,
  "ngenes": 63140,
  "nvals": 2498888,
  "density": 0.016580201144967614,
  "avg_counts_per_cell": 5005.0925848345205,
  "avg_counts_per_gene": 189.21691479252456,
  "avg_nnzero_per_cell": 1046.873900293255,
  "avg_nnzero_per_gene": 39.576940133037695,
  "min_cell": 335,
  "max_cell": 24942,
  "total_counts": 11947156,
  "overdispersion": 0.5809784891217471,
  "s_index": 2016
}
