{
  "ncells": 239162,
  "ngenes": 63140,
  "nvals": 3174093,
  "density": 0.0002101952478633577,
  "avg_counts_per_cell": 54.83568877999013,
  "avg_counts_per_gene": 207.7068894520114,
  "avg_nnzero_per_cell": 13.271727950092407,
  "avg_nnzero_per_gene": 50.27071586949636,
  "min_cell": 0,
  "max_cell": 24942,
  "total_counts": 13114613,
  "overdispersion": 135.16652994571007,
  "s_index": 2016
}
