{"ncells": 7265, "ngenes": 60623, "nvals": 12094314, "density": 0.027460484601849033, "avg_counts_per_cell": 7086.265657260839, "avg_counts_per_gene": 849.2110255183676, "avg_nnzero_per_cell": 1664.736958017894, "avg_nnzero_per_gene": 199.50042063243325, "min_cell": 68, "max_cell": 68161, "total_counts": 51481720, "overdispersion": 3.111357536924723, "s_index": 3582}