{
  "ncells": 62,
  "ngenes": 60623,
  "nvals": 7380,
  "density": 0.0019634834644362063,
  "avg_per_cell": 237.06451612903226,
  "avg_per_gene": 0.24244923543869487,
  "min_cell": 64,
  "max_cell": 915,
  "total_counts": 14698,
  "overdispersion": 0.6066618249343722
}
