{"ncells": 14, "ngenes": 60623, "nvals": 2675, "density": 0.0031517976439870772, "avg_per_cell": 392.57142857142856, "avg_per_gene": 0.09065866090427725, "min_cell": 308, "max_cell": 915, "total_count": 5496, "overdispersion": 0.460930083642765, "s_index": 14}