{"ncells": 14, "ngenes": 60623, "nvals": 2675, "density": 0.0031517976439870772, "avg_counts_per_cell": 392.57142857142856, "avg_counts_per_gene": 0.09065866090427725, "avg_nnzero_per_cell": 191.07142857142858, "avg_nnzero_per_gene": 0.04412516701581908, "min_cell": 308, "max_cell": 915, "total_counts": 5496, "overdispersion": 0.460930083642765, "s_index": 14}