{
  "ncells": 4914,
  "ngenes": 63140,
  "nvals": 15737031,
  "density": 0.050720446800586176,
  "avg_counts_per_cell": 19811.821326821326,
  "avg_counts_per_gene": 1541.8956287614824,
  "avg_nnzero_per_cell": 3202.489010989011,
  "avg_nnzero_per_gene": 249.24027557808046,
  "min_cell": 247,
  "max_cell": 123500,
  "total_counts": 97355290,
  "overdispersion": 1.5173045311769682,
  "s_index": 3672
}
