{
  "ncells": 546342,
  "ngenes": 63140,
  "nvals": 26510025,
  "density": 0.0007684948679091453,
  "avg_counts_per_cell": 203.74918457669372,
  "avg_counts_per_gene": 1763.0145232815964,
  "avg_nnzero_per_cell": 48.522765959783435,
  "avg_nnzero_per_gene": 419.8610231232182,
  "min_cell": 0,
  "max_cell": 123500,
  "total_counts": 111316737,
  "overdispersion": 215.04683867808086,
  "s_index": 3672
}
