{
  "ncells": 13045,
  "ngenes": 63140,
  "nvals": 8883150,
  "density": 0.01078495493232473,
  "avg_counts_per_cell": 3867.9831353008817,
  "avg_counts_per_gene": 799.1422236300285,
  "avg_nnzero_per_cell": 680.9620544269835,
  "avg_nnzero_per_gene": 140.68973709217613,
  "min_cell": 2,
  "max_cell": 91089,
  "total_counts": 50457840,
  "overdispersion": 6.699255870450355,
  "s_index": 2965
}
