{
  "ncells": 375342,
  "ngenes": 63140,
  "nvals": 11286868,
  "density": 0.00047625736482377276,
  "avg_counts_per_cell": 153.36905542145564,
  "avg_counts_per_gene": 911.7175799809946,
  "avg_nnzero_per_cell": 30.07089001497301,
  "avg_nnzero_per_gene": 178.7593918276845,
  "min_cell": 0,
  "max_cell": 91089,
  "total_counts": 57565848,
  "overdispersion": 72.9563344194837,
  "s_index": 2965
}
