{
  "ncells": 324493,
  "ngenes": 63140,
  "nvals": 4233031,
  "density": 0.0002066053383669841,
  "avg_counts_per_cell": 23.568129358722683,
  "avg_counts_per_gene": 121.12279062401014,
  "avg_nnzero_per_cell": 13.045061064491376,
  "avg_nnzero_per_gene": 67.04198606271777,
  "min_cell": 0,
  "max_cell": 57119,
  "total_counts": 7647693,
  "overdispersion": 239.83680822884602,
  "s_index": 1061
}
