{
  "ncells": 2119,
  "ngenes": 63140,
  "nvals": 2192290,
  "density": 0.016385604519676043,
  "avg_counts_per_cell": 2593.37848041529,
  "avg_counts_per_gene": 87.03466898954704,
  "avg_nnzero_per_cell": 1034.5870693723455,
  "avg_nnzero_per_gene": 34.721095977193535,
  "min_cell": 69,
  "max_cell": 57119,
  "total_counts": 5495369,
  "overdispersion": 1.6615113453571255,
  "s_index": 1061
}
