{"ncells": 12365, "ngenes": 60623, "nvals": 17160673, "density": 0.022893003306101622, "avg_per_cell": 4584.6767488879905, "avg_per_gene": 935.1158471207298, "min_cell": 543, "max_cell": 47055, "total_count": 56689528, "overdispersion": 1.6967984038556707, "s_index": 4108}