{
  "ncells": 6290,
  "ngenes": 63140,
  "nvals": 5664963,
  "density": 0.0142640172267145,
  "avg_counts_per_cell": 1552.9179650238473,
  "avg_counts_per_gene": 154.70152043078872,
  "avg_nnzero_per_cell": 900.6300476947536,
  "avg_nnzero_per_gene": 89.72066835603421,
  "min_cell": 179,
  "max_cell": 15379,
  "total_counts": 9767854,
  "overdispersion": 1.0345541870801984,
  "s_index": 1763
}
