{
  "ncells": 500584,
  "ngenes": 63140,
  "nvals": 7040455,
  "density": 0.00022275075521420375,
  "avg_counts_per_cell": 23.378076406756907,
  "avg_counts_per_gene": 185.3451219512195,
  "avg_nnzero_per_cell": 14.064482684224826,
  "avg_nnzero_per_gene": 111.50546404814698,
  "min_cell": 0,
  "max_cell": 15367,
  "total_counts": 11702691,
  "overdispersion": 57.11418170893749,
  "s_index": 1763
}
