{
  "ncells": 6596,
  "ngenes": 63140,
  "nvals": 16928803,
  "density": 0.040648172657409595,
  "avg_counts_per_cell": 8887.061704063068,
  "avg_counts_per_gene": 928.3981469749763,
  "avg_nnzero_per_cell": 2566.5256215888417,
  "avg_nnzero_per_gene": 268.1153468482737,
  "min_cell": 437,
  "max_cell": 46965,
  "total_counts": 58619059,
  "overdispersion": 0.4463924824067222,
  "s_index": 5223
}
