{
  "ncells": 545227,
  "ngenes": 63140,
  "nvals": 20856235,
  "density": 0.0006058344702996045,
  "avg_counts_per_cell": 115.62274979045425,
  "avg_counts_per_gene": 998.4264333227748,
  "avg_nnzero_per_cell": 38.25238845471703,
  "avg_nnzero_per_gene": 330.31731073804247,
  "min_cell": 0,
  "max_cell": 46965,
  "total_counts": 63040645,
  "overdispersion": 104.06414433232976,
  "s_index": 5223
}
