{
  "ncells": 426263,
  "ngenes": 63140,
  "nvals": 25156346,
  "density": 0.000934685154034905,
  "avg_counts_per_cell": 118.40849194042175,
  "avg_counts_per_gene": 799.384843205575,
  "avg_nnzero_per_cell": 59.01602062576391,
  "avg_nnzero_per_gene": 398.42169781438076,
  "min_cell": 0,
  "max_cell": 54728,
  "total_counts": 50473159,
  "overdispersion": 109.28831264622146,
  "s_index": 2645
}
