{
  "ncells": 6843,
  "ngenes": 63140,
  "nvals": 9259111,
  "density": 0.021429802719031877,
  "avg_counts_per_cell": 4054.566418237615,
  "avg_counts_per_gene": 439.4266392144441,
  "avg_nnzero_per_cell": 1353.0777436796727,
  "avg_nnzero_per_gene": 146.64414000633514,
  "min_cell": 252,
  "max_cell": 54728,
  "total_counts": 27745398,
  "overdispersion": 1.3064191369100657,
  "s_index": 2645
}
