{
	"numRecords": 53847618,
	"numReads": 75474086,
	"numBarcodes": 1330861,
	"medianReadsPerBarcode": 2.000000,
	"meanReadsPerBarcode": 56.710720,
	"numUMIs": 1048574,
	"numBarcodeUMIs": 47477932,
	"medianUMIsPerBarcode": 1.000000,
	"meanUMIsPerBarcode": 35.674599,
	"gtRecords": 30949466,
	"numBarcodesOnWhitelist": 434456,
	"percentageBarcodesOnWhitelist": 32.644731,
	"numReadsOnWhitelist": 73167089,
	"percentageReadsOnWhitelist": 96.943326
}
