{"ncells": 12633, "ngenes": 60623, "nvals": 15363597, "density": 0.020060834103493578, "avg_counts_per_cell": 2685.4709095226785, "avg_counts_per_gene": 559.615228543622, "avg_nnzero_per_cell": 1216.1479458560912, "avg_nnzero_per_gene": 253.42851722943436, "min_cell": 255, "max_cell": 50190, "total_counts": 33925554, "overdispersion": 2.3966316135144368, "s_index": 3366}