{
	"numRecords": 44741951,
	"numReads": 165696215,
	"numBarcodes": 736647,
	"medianReadsPerBarcode": 1.000000,
	"meanReadsPerBarcode": 224.932994,
	"numUMIs": 1048499,
	"numBarcodeUMIs": 17582814,
	"medianUMIsPerBarcode": 1.000000,
	"meanUMIsPerBarcode": 23.868711,
	"gtRecords": 19110163,
	"numTargets": 162778,
	"medianTargetsPerSet": 4.000000,
	"meanTargetsPerSet": 5.160572,
	"numSingleton": 26961493,
	"gtTargets": 7056,
	"numBarcodesOnWhitelist": 160759,
	"percentageBarcodesOnWhitelist": 21.823071,
	"numReadsOnWhitelist": 159845715,
	"percentageReadsOnWhitelist": 96.469141
}
