{
	"numRecords": 80726693,
	"numReads": 481490221,
	"numBarcodes": 1459668,
	"medianReadsPerBarcode": 2.000000,
	"meanReadsPerBarcode": 329.862833,
	"numUMIs": 1048571,
	"numBarcodeUMIs": 27327682,
	"medianUMIsPerBarcode": 1.000000,
	"meanUMIsPerBarcode": 18.721848,
	"gtRecords": 28831101,
	"numBarcodesOnWhitelist": 312474,
	"percentageBarcodesOnWhitelist": 21.407197,
	"numReadsOnWhitelist": 468948012,
	"percentageReadsOnWhitelist": 97.395127
}
