{"ncells": 1396, "ngenes": 60623, "nvals": 2868858, "density": 0.03389894716403843, "avg_counts_per_cell": 7533.335959885387, "avg_counts_per_gene": 173.47437441235175, "avg_nnzero_per_cell": 2055.0558739255016, "avg_nnzero_per_gene": 47.32293024099764, "min_cell": 351, "max_cell": 40880, "total_counts": 10516537, "overdispersion": 1.3831777691943983, "s_index": 961}