{
	"numRecords": 1523538,
	"numReads": 28100488,
	"numBarcodes": 126578,
	"medianReadsPerBarcode": 3.000000,
	"meanReadsPerBarcode": 222.001359,
	"numUMIs": 381553,
	"numBarcodeUMIs": 725796,
	"medianUMIsPerBarcode": 1.000000,
	"meanUMIsPerBarcode": 5.733982,
	"gtRecords": 737474,
	"numTargets": 112382,
	"medianTargetsPerSet": 3.000000,
	"meanTargetsPerSet": 3.958054,
	"numSingleton": 7345423,
	"gtTargets": 11586,
	"numBarcodesOnWhitelist": 86617,
	"percentageBarcodesOnWhitelist": 68.429743,
	"numReadsOnWhitelist": 27141700,
	"percentageReadsOnWhitelist": 96.588002
}
