{"ncells": 137, "ngenes": 60623, "nvals": 66143, "density": 0.007963901826665724, "avg_per_cell": 1086.153284671533, "avg_per_gene": 2.4545634495158604, "min_cell": 191, "max_cell": 4557, "total_count": 148803, "overdispersion": 0.3405593195367774, "s_index": 137}