{
  "ncells": 20326,
  "ngenes": 63140,
  "nvals": 41997,
  "density": 0.000032723652297764995,
  "avg_counts_per_cell": 7.703384827314769,
  "avg_counts_per_gene": 2.47987012987013,
  "avg_nnzero_per_cell": 2.0661714060808816,
  "avg_nnzero_per_gene": 0.6651409566043712,
  "min_cell": 0,
  "max_cell": 15936,
  "total_counts": 156579,
  "overdispersion": 615.5621205079285,
  "s_index": 82
}
