{
  "ncells": 22,
  "ngenes": 63140,
  "nvals": 13193,
  "density": 0.009497653122930284,
  "avg_counts_per_cell": 4823.909090909091,
  "avg_counts_per_gene": 1.680804561292366,
  "avg_nnzero_per_cell": 599.6818181818181,
  "avg_nnzero_per_gene": 0.20894836870446626,
  "min_cell": 428,
  "max_cell": 15936,
  "total_counts": 106126,
  "overdispersion": 0.37471485162874196,
  "s_index": 22
}
