{
	"numRecords": 58249742,
	"numReads": 362735491,
	"numBarcodes": 1466453,
	"medianReadsPerBarcode": 2.000000,
	"meanReadsPerBarcode": 247.355688,
	"numUMIs": 1048576,
	"numBarcodeUMIs": 34969786,
	"medianUMIsPerBarcode": 1.000000,
	"meanUMIsPerBarcode": 23.846510,
	"gtRecords": 18120356,
	"numBarcodesOnWhitelist": 369557,
	"percentageBarcodesOnWhitelist": 25.200739,
	"numReadsOnWhitelist": 354461949,
	"percentageReadsOnWhitelist": 97.719125
}
