{
  "ncells": 15841,
  "ngenes": 60623,
  "nvals": 3498952,
  "density": 0.003643493227507567,
  "avg_per_cell": 1359.7423773751657,
  "avg_per_gene": 355.3053956419181,
  "min_cell": 192,
  "max_cell": 62248,
  "total_counts": 21539679,
  "overdispersion": 3.437080136178087
}
