{
  "ncells": 5895,
  "ngenes": 63140,
  "nvals": 16920805,
  "density": 0.045460335192228696,
  "avg_counts_per_cell": 16057.638337574215,
  "avg_counts_per_gene": 1499.2045929680075,
  "avg_nnzero_per_cell": 2870.36556403732,
  "avg_nnzero_per_gene": 267.98867595818814,
  "min_cell": 281,
  "max_cell": 99142,
  "total_counts": 94659778,
  "overdispersion": 2.752295132084024,
  "s_index": 4450
}
