{
  "ncells": 607276,
  "ngenes": 63140,
  "nvals": 23345922,
  "density": 0.0006088640537130949,
  "avg_counts_per_cell": 169.26357043584795,
  "avg_counts_per_gene": 1627.9649033892936,
  "avg_nnzero_per_cell": 38.443676351444815,
  "avg_nnzero_per_gene": 369.74852708267343,
  "min_cell": 0,
  "max_cell": 99142,
  "total_counts": 102789704,
  "overdispersion": 284.7074804644575,
  "s_index": 4450
}
