{
	"numRecords": 23274264,
	"numReads": 68666717,
	"numBarcodes": 576340,
	"medianReadsPerBarcode": 3.000000,
	"meanReadsPerBarcode": 119.142723,
	"numUMIs": 1048206,
	"numBarcodeUMIs": 12825374,
	"medianUMIsPerBarcode": 1.000000,
	"meanUMIsPerBarcode": 22.253139,
	"gtRecords": 10682446,
	"numTargets": 153268,
	"medianTargetsPerSet": 4.000000,
	"meanTargetsPerSet": 4.600770,
	"numSingleton": 13632561,
	"gtTargets": 7930,
	"numBarcodesOnWhitelist": 198092,
	"percentageBarcodesOnWhitelist": 34.370684,
	"numReadsOnWhitelist": 65963842,
	"percentageReadsOnWhitelist": 96.063777
}
