{
  "ncells": 66885,
  "ngenes": 60623,
  "nvals": 4065416,
  "density": 0.0010026257091508477,
  "avg_per_cell": 130.84377663153174,
  "avg_per_gene": 144.359170611814,
  "min_cell": 8,
  "max_cell": 15263,
  "total_counts": 8751486,
  "overdispersion": 37.79984401189294
}
