{"ncells": 4152, "ngenes": 60623, "nvals": 3189016, "density": 0.012669571571508768, "avg_counts_per_cell": 1883.091281310212, "avg_counts_per_gene": 128.97077016973756, "avg_nnzero_per_cell": 768.0674373795761, "avg_nnzero_per_gene": 52.60406116490441, "min_cell": 30, "max_cell": 15263, "total_counts": 7818595, "overdispersion": 1.6960226411307584, "s_index": 1614}