{"ncells": 4152, "ngenes": 60623, "nvals": 3189016, "density": 0.012669571571508768, "avg_per_cell": 1883.091281310212, "avg_per_gene": 128.97077016973756, "min_cell": 30, "max_cell": 15263, "total_count": 7818595, "overdispersion": 1.6960226411307584, "s_index": 1614}