{
	"numRecords": 12566599,
	"numReads": 36803546,
	"numBarcodes": 2047467,
	"medianReadsPerBarcode": 4.000000,
	"meanReadsPerBarcode": 17.975160,
	"numUMIs": 1046105,
	"numBarcodeUMIs": 10871249,
	"medianUMIsPerBarcode": 1.000000,
	"meanUMIsPerBarcode": 5.309609,
	"gtRecords": 4920233,
	"numBarcodesOnWhitelist": 165908,
	"percentageBarcodesOnWhitelist": 8.103085,
	"numReadsOnWhitelist": 19810071,
	"percentageReadsOnWhitelist": 53.826528
}
