{"ncells": 4801, "ngenes": 60623, "nvals": 2057633, "density": 0.007069664207983216, "avg_counts_per_cell": 994.4492813997084, "avg_counts_per_gene": 78.75477953911881, "avg_nnzero_per_cell": 428.58425328056654, "avg_nnzero_per_gene": 33.94145786252742, "min_cell": 459, "max_cell": 4653, "total_counts": 4774351, "overdispersion": 1.003547028969538, "s_index": 1197}