{
  "ncells": 141345,
  "ngenes": 63140,
  "nvals": 2306635,
  "density": 0.00025846030342035185,
  "avg_counts_per_cell": 50.556383317414834,
  "avg_counts_per_gene": 113.17535635096611,
  "avg_nnzero_per_cell": 16.31918355796102,
  "avg_nnzero_per_gene": 36.532071586949634,
  "min_cell": 0,
  "max_cell": 21781,
  "total_counts": 7145892,
  "overdispersion": 147.99285040414142,
  "s_index": 1574
}
