{
  "ncells": 2263,
  "ngenes": 63140,
  "nvals": 1646105,
  "density": 0.01152042239040935,
  "avg_counts_per_cell": 2789.687140963323,
  "avg_counts_per_gene": 99.98514412416851,
  "avg_nnzero_per_cell": 727.3994697304463,
  "avg_nnzero_per_gene": 26.070715869496357,
  "min_cell": 266,
  "max_cell": 21781,
  "total_counts": 6313062,
  "overdispersion": 1.959402965543781,
  "s_index": 1574
}
