{
  "ncells": 349178,
  "ngenes": 63140,
  "nvals": 7983663,
  "density": 0.00036211852765615475,
  "avg_counts_per_cell": 120.64783291043537,
  "avg_counts_per_gene": 667.2088850174216,
  "avg_nnzero_per_cell": 22.864163836209613,
  "avg_nnzero_per_gene": 126.44382324992081,
  "min_cell": 0,
  "max_cell": 194481,
  "total_counts": 42127569,
  "overdispersion": 1253.449093412782,
  "s_index": 2731
}
