{
  "ncells": 3664,
  "ngenes": 63140,
  "nvals": 5825270,
  "density": 0.02518001688906471,
  "avg_counts_per_cell": 10269.03193231441,
  "avg_counts_per_gene": 595.9096135571746,
  "avg_nnzero_per_cell": 1589.8662663755458,
  "avg_nnzero_per_gene": 92.2595818815331,
  "min_cell": 267,
  "max_cell": 194481,
  "total_counts": 37625733,
  "overdispersion": 16.685073840027343,
  "s_index": 2731
}
