{
  "ncells": 561969,
  "ngenes": 63140,
  "nvals": 4987310,
  "density": 0.00014055601222569768,
  "avg_counts_per_cell": 13.3516048038237,
  "avg_counts_per_gene": 118.83414634146341,
  "avg_nnzero_per_cell": 8.874706611930552,
  "avg_nnzero_per_gene": 78.9881216344631,
  "min_cell": 0,
  "max_cell": 9131,
  "total_counts": 7503188,
  "overdispersion": 74.01165088978213,
  "s_index": 1076
}
