{
  "ncells": 8313,
  "ngenes": 63140,
  "nvals": 3117964,
  "density": 0.005940304923678013,
  "avg_counts_per_cell": 624.3122819680019,
  "avg_counts_per_gene": 82.19683243585682,
  "avg_nnzero_per_cell": 375.07085288102974,
  "avg_nnzero_per_gene": 49.38175483053532,
  "min_cell": 124,
  "max_cell": 9131,
  "total_counts": 5189908,
  "overdispersion": 0.9992403124221483,
  "s_index": 1076
}
