{
  "ncells": 50947,
  "ngenes": 63140,
  "nvals": 10296225,
  "density": 0.003200772677493344,
  "avg_counts_per_cell": 526.4481716293403,
  "avg_counts_per_gene": 424.7854767184036,
  "avg_nnzero_per_cell": 202.09678685692975,
  "avg_nnzero_per_gene": 163.06976560025342,
  "min_cell": 113,
  "max_cell": 11052,
  "total_counts": 26820955,
  "overdispersion": 0.8395546811243153,
  "s_index": 1590
}
