{
  "ncells": 402098,
  "ngenes": 63140,
  "nvals": 13550434,
  "density": 0.0005337239785182278,
  "avg_counts_per_cell": 79.36584365005545,
  "avg_counts_per_gene": 505.4299493189737,
  "avg_nnzero_per_cell": 33.699332003640905,
  "avg_nnzero_per_gene": 214.60934431422237,
  "min_cell": 0,
  "max_cell": 11052,
  "total_counts": 31912847,
  "overdispersion": 10.33156982896118,
  "s_index": 1590
}
