{
	"numRecords": 184201061,
	"numReads": 319868554,
	"numBarcodes": 1608935,
	"medianReadsPerBarcode": 3.000000,
	"meanReadsPerBarcode": 198.807630,
	"numUMIs": 1048576,
	"numBarcodeUMIs": 129762630,
	"medianUMIsPerBarcode": 1.000000,
	"meanUMIsPerBarcode": 80.651257,
	"gtRecords": 81992995,
	"numTargets": 179643,
	"medianTargetsPerSet": 5.000000,
	"meanTargetsPerSet": 6.259704,
	"numSingleton": 36064206,
	"gtTargets": 7141,
	"numBarcodesOnWhitelist": 564238,
	"percentageBarcodesOnWhitelist": 35.069036,
	"numReadsOnWhitelist": 311708783,
	"percentageReadsOnWhitelist": 97.449024
}
