{"ncells": 3952, "ngenes": 60623, "nvals": 12942079, "density": 0.054019391332146956, "avg_counts_per_cell": 20311.605263157893, "avg_counts_per_gene": 1324.1090675156295, "avg_nnzero_per_cell": 3274.817560728745, "avg_nnzero_per_gene": 213.48463454464476, "min_cell": 2791, "max_cell": 77186, "total_counts": 80271464, "overdispersion": 1.0674435231613344, "s_index": 3784}