{
  "ncells": 4179,
  "ngenes": 63140,
  "nvals": 4483315,
  "density": 0.01699113165416809,
  "avg_counts_per_cell": 6421.039961713329,
  "avg_counts_per_gene": 424.98457396262273,
  "avg_nnzero_per_cell": 1072.8200526441733,
  "avg_nnzero_per_gene": 71.00593918276846,
  "min_cell": 2,
  "max_cell": 148194,
  "total_counts": 26833526,
  "overdispersion": 3.937394720699843,
  "s_index": 2302
}
