{
  "ncells": 264516,
  "ngenes": 63140,
  "nvals": 5771481,
  "density": 0.00034556579315824827,
  "avg_counts_per_cell": 114.23226950354609,
  "avg_counts_per_gene": 478.559756097561,
  "avg_nnzero_per_cell": 21.819024180011795,
  "avg_nnzero_per_gene": 91.4076813430472,
  "min_cell": 0,
  "max_cell": 148194,
  "total_counts": 30216263,
  "overdispersion": 108.3337936824048,
  "s_index": 2302
}
