{
	"numRecords": 183468654,
	"numReads": 297295666,
	"numBarcodes": 1672740,
	"medianReadsPerBarcode": 2.000000,
	"meanReadsPerBarcode": 177.729752,
	"numUMIs": 1048576,
	"numBarcodeUMIs": 133485327,
	"medianUMIsPerBarcode": 1.000000,
	"meanUMIsPerBarcode": 79.800404,
	"gtRecords": 89565770,
	"numBarcodesOnWhitelist": 573320,
	"percentageBarcodesOnWhitelist": 34.274304,
	"numReadsOnWhitelist": 286445462,
	"percentageReadsOnWhitelist": 96.350366
}
