{
  "ncells": 6831,
  "ngenes": 60623,
  "nvals": 17312512,
  "density": 0.04180597706515908,
  "avg_per_cell": 13448.42380324989,
  "avg_per_gene": 1515.3684740115139,
  "min_cell": 262,
  "max_cell": 97466,
  "total_counts": 91866183,
  "overdispersion": 3.686683315521736
}
