{
	"numRecords": 48274886,
	"numReads": 76386193,
	"numBarcodes": 1953510,
	"medianReadsPerBarcode": 2.000000,
	"meanReadsPerBarcode": 39.102023,
	"numUMIs": 1048555,
	"numBarcodeUMIs": 36472479,
	"medianUMIsPerBarcode": 1.000000,
	"meanUMIsPerBarcode": 18.670229,
	"gtRecords": 25046072,
	"numTargets": 187539,
	"medianTargetsPerSet": 4.000000,
	"meanTargetsPerSet": 4.588965,
	"numSingleton": 18526353,
	"gtTargets": 7013,
	"numBarcodesOnWhitelist": 249244,
	"percentageBarcodesOnWhitelist": 12.758778,
	"numReadsOnWhitelist": 68462517,
	"percentageReadsOnWhitelist": 89.626822
}
