{"ncells": 11939, "ngenes": 60623, "nvals": 8453887, "density": 0.011680221055407409, "avg_per_cell": 2178.28201691934, "avg_per_gene": 428.9874964947297, "min_cell": 100, "max_cell": 32746, "total_count": 26006509, "overdispersion": 10.136157008068974, "s_index": 2600}