{"ncells": 11939, "ngenes": 60623, "nvals": 8453887, "density": 0.011680221055407409, "avg_counts_per_cell": 2178.28201691934, "avg_counts_per_gene": 428.9874964947297, "avg_nnzero_per_cell": 708.0900410419633, "avg_nnzero_per_gene": 139.45015918050905, "min_cell": 100, "max_cell": 32746, "total_counts": 26006509, "overdispersion": 10.136157008068974, "s_index": 2600}