{
  "ncells": 447,
  "ngenes": 63140,
  "nvals": 732845,
  "density": 0.02596569960295611,
  "avg_counts_per_cell": 3587.7762863534676,
  "avg_counts_per_gene": 25.39968324358568,
  "avg_nnzero_per_cell": 1639.4742729306488,
  "avg_nnzero_per_gene": 11.606667722521381,
  "min_cell": 241,
  "max_cell": 17130,
  "total_counts": 1603736,
  "overdispersion": 0.30708458875993005,
  "s_index": 435
}
