{
  "ncells": 110202,
  "ngenes": 63140,
  "nvals": 1483570,
  "density": 0.00021321315111742534,
  "avg_counts_per_cell": 21.72779985844177,
  "avg_counts_per_gene": 37.92282229965157,
  "avg_nnzero_per_cell": 13.462278361554237,
  "avg_nnzero_per_gene": 23.49651567944251,
  "min_cell": 0,
  "max_cell": 17130,
  "total_counts": 2394447,
  "overdispersion": 223.152642121856,
  "s_index": 450
}
