{
	"numRecords": 130564364,
	"numReads": 193831694,
	"numBarcodes": 2629721,
	"medianReadsPerBarcode": 1.000000,
	"meanReadsPerBarcode": 73.708083,
	"numUMIs": 1048575,
	"numBarcodeUMIs": 104252191,
	"medianUMIsPerBarcode": 1.000000,
	"meanUMIsPerBarcode": 39.643822,
	"gtRecords": 71200992,
	"numBarcodesOnWhitelist": 496724,
	"percentageBarcodesOnWhitelist": 18.888848,
	"numReadsOnWhitelist": 186624372,
	"percentageReadsOnWhitelist": 96.281660
}
