{"ncells": 11360, "ngenes": 60623, "nvals": 22483374, "density": 0.0326471841789234, "avg_counts_per_cell": 6116.169014084507, "avg_counts_per_gene": 1146.09438661894, "avg_nnzero_per_cell": 1979.1702464788732, "avg_nnzero_per_gene": 370.8720122725698, "min_cell": 413, "max_cell": 88542, "total_counts": 69479680, "overdispersion": 20.870161716051157, "s_index": 3934}