{"ncells": 11360, "ngenes": 60623, "nvals": 22483374, "density": 0.0326471841789234, "avg_per_cell": 6116.169014084507, "avg_per_gene": 1146.09438661894, "min_cell": 413, "max_cell": 88542, "total_count": 69479680, "overdispersion": 20.870161716051157, "s_index": 3934}