{
  "ncells": 7081,
  "ngenes": 60623,
  "nvals": 937467,
  "density": 0.0021838558599922586,
  "avg_per_cell": 222.67575201242764,
  "avg_per_gene": 26.009385876647478,
  "min_cell": 0,
  "max_cell": 2244,
  "total_counts": 1576767,
  "overdispersion": 4.770645175319015
}
