{"ncells": 7619, "ngenes": 60623, "nvals": 984848, "density": 0.0021322288221990713, "avg_per_cell": 215.48497178107363, "avg_per_gene": 27.081800636722036, "min_cell": 92, "max_cell": 2244, "total_count": 1641780, "overdispersion": 4.977414355167331, "s_index": 444}