{
  "ncells": 11350,
  "ngenes": 63140,
  "nvals": 11641827,
  "density": 0.016245036901424568,
  "avg_counts_per_cell": 2802.792422907489,
  "avg_counts_per_gene": 503.82790624010136,
  "avg_nnzero_per_cell": 1025.711629955947,
  "avg_nnzero_per_gene": 184.38116883116882,
  "min_cell": 2,
  "max_cell": 21908,
  "total_counts": 31811694,
  "overdispersion": 1.3287802842201648,
  "s_index": 3282
}
