{
  "ncells": 366274,
  "ngenes": 63140,
  "nvals": 12657354,
  "density": 0.0005473085815244698,
  "avg_counts_per_cell": 90.4469905043765,
  "avg_counts_per_gene": 524.6813588850174,
  "avg_nnzero_per_cell": 34.55706383745502,
  "avg_nnzero_per_gene": 200.46490338929362,
  "min_cell": 0,
  "max_cell": 21908,
  "total_counts": 33128381,
  "overdispersion": 64.88984063176535,
  "s_index": 3282
}
