{"ncells": 528, "ngenes": 60623, "nvals": 1007434, "density": 0.03147351565237516, "avg_counts_per_cell": 22127.5625, "avg_counts_per_gene": 192.7214588522508, "avg_nnzero_per_cell": 1908.0189393939395, "avg_nnzero_per_gene": 16.618016264454084, "min_cell": 1651, "max_cell": 195985, "total_counts": 11683353, "overdispersion": 1.5309287099654632, "s_index": 528}