{
	"numRecords": 3590473,
	"numReads": 4561383,
	"numBarcodes": 195993,
	"medianReadsPerBarcode": 2.000000,
	"meanReadsPerBarcode": 23.273193,
	"numUMIs": 987535,
	"numBarcodeUMIs": 3457695,
	"medianUMIsPerBarcode": 1.000000,
	"meanUMIsPerBarcode": 17.641931,
	"gtRecords": 2345373,
	"numTargets": 119342,
	"medianTargetsPerSet": 4.000000,
	"meanTargetsPerSet": 5.132120,
	"numSingleton": 700689,
	"gtTargets": 15362,
	"numBarcodesOnWhitelist": 132549,
	"percentageBarcodesOnWhitelist": 67.629456,
	"numReadsOnWhitelist": 4448669,
	"percentageReadsOnWhitelist": 97.528951
}
