{
  "ncells": 205518,
  "ngenes": 63140,
  "nvals": 4489572,
  "density": 0.00034597960483747237,
  "avg_counts_per_cell": 43.0330530659115,
  "avg_counts_per_gene": 140.07074754513778,
  "avg_nnzero_per_cell": 21.845152249438005,
  "avg_nnzero_per_gene": 71.10503642698765,
  "min_cell": 0,
  "max_cell": 141269,
  "total_counts": 8844067,
  "overdispersion": 153.37749272935028,
  "s_index": 1029
}
