{
  "ncells": 12991,
  "ngenes": 63140,
  "nvals": 3988287,
  "density": 0.004862271916667924,
  "avg_counts_per_cell": 635.4457701485644,
  "avg_counts_per_gene": 130.7424136838771,
  "avg_nnzero_per_cell": 307.00384881841273,
  "avg_nnzero_per_gene": 63.165774469433,
  "min_cell": 62,
  "max_cell": 141269,
  "total_counts": 8255076,
  "overdispersion": 9.550984124229185,
  "s_index": 1029
}
