{
  "ncells": 6820,
  "ngenes": 63140,
  "nvals": 24632600,
  "density": 0.0572033288219541,
  "avg_counts_per_cell": 19498.5715542522,
  "avg_counts_per_gene": 2106.1174849540703,
  "avg_nnzero_per_cell": 3611.818181818182,
  "avg_nnzero_per_gene": 390.12670256572693,
  "min_cell": 699,
  "max_cell": 80474,
  "total_counts": 132980258,
  "overdispersion": 0.44983824662676214,
  "s_index": 5907
}
