{
  "ncells": 645898,
  "ngenes": 63140,
  "nvals": 36209397,
  "density": 0.0008878769370949326,
  "avg_counts_per_cell": 228.6857754629988,
  "avg_counts_per_gene": 2339.367833386126,
  "avg_nnzero_per_cell": 56.060549808174045,
  "avg_nnzero_per_gene": 573.4779379157428,
  "min_cell": 0,
  "max_cell": 80474,
  "total_counts": 147707685,
  "overdispersion": 111.6011454292384,
  "s_index": 5907
}
