{
  "ncells": 322922,
  "ngenes": 63140,
  "nvals": 11147161,
  "density": 0.0005467163507253533,
  "avg_counts_per_cell": 86.67198890134459,
  "avg_counts_per_gene": 443.2735508394045,
  "avg_nnzero_per_cell": 34.51967038479881,
  "avg_nnzero_per_gene": 176.54673740893253,
  "min_cell": 0,
  "max_cell": 33296,
  "total_counts": 27988292,
  "overdispersion": 252.14076414669103,
  "s_index": 2543
}
