{
  "ncells": 3250,
  "ngenes": 63140,
  "nvals": 6209787,
  "density": 0.030261382519919104,
  "avg_counts_per_cell": 6724.593230769231,
  "avg_counts_per_gene": 346.1344314222363,
  "avg_nnzero_per_cell": 1910.7036923076923,
  "avg_nnzero_per_gene": 98.34949318973709,
  "min_cell": 0,
  "max_cell": 33296,
  "total_counts": 21854928,
  "overdispersion": 2.5608236404955385,
  "s_index": 2543
}
