{
  "ncells": 480577,
  "ngenes": 63140,
  "nvals": 18068406,
  "density": 0.00059545957224241,
  "avg_counts_per_cell": 75.59396100936999,
  "avg_counts_per_gene": 575.3677383592018,
  "avg_nnzero_per_cell": 37.59731739138577,
  "avg_nnzero_per_gene": 286.1641748495407,
  "min_cell": 0,
  "max_cell": 49481,
  "total_counts": 36328719,
  "overdispersion": 299.3168901411728,
  "s_index": 3435
}
