{
  "ncells": 7383,
  "ngenes": 63140,
  "nvals": 14836999,
  "density": 0.03182794665089191,
  "avg_counts_per_cell": 4458.586888798592,
  "avg_counts_per_gene": 521.3453753563509,
  "avg_nnzero_per_cell": 2009.6165515373154,
  "avg_nnzero_per_gene": 234.985730123535,
  "min_cell": 256,
  "max_cell": 49481,
  "total_counts": 32917747,
  "overdispersion": 4.545069911406542,
  "s_index": 3435
}
