{
	"numRecords": 199943088,
	"numReads": 275014004,
	"numBarcodes": 1851208,
	"medianReadsPerBarcode": 2.000000,
	"meanReadsPerBarcode": 148.559213,
	"numUMIs": 1048576,
	"numBarcodeUMIs": 155194588,
	"medianUMIsPerBarcode": 1.000000,
	"meanUMIsPerBarcode": 83.834225,
	"gtRecords": 119087880,
	"numTargets": 186745,
	"medianTargetsPerSet": 5.000000,
	"meanTargetsPerSet": 6.687811,
	"numSingleton": 36693511,
	"gtTargets": 6467,
	"numBarcodesOnWhitelist": 564160,
	"percentageBarcodesOnWhitelist": 30.475236,
	"numReadsOnWhitelist": 264554926,
	"percentageReadsOnWhitelist": 96.196893
}
