{
	"numRecords": 35660697,
	"numReads": 264481920,
	"numBarcodes": 843723,
	"medianReadsPerBarcode": 2.000000,
	"meanReadsPerBarcode": 313.470084,
	"numUMIs": 1047809,
	"numBarcodeUMIs": 13932672,
	"medianUMIsPerBarcode": 1.000000,
	"meanUMIsPerBarcode": 16.513325,
	"gtRecords": 11521599,
	"numBarcodesOnWhitelist": 154110,
	"percentageBarcodesOnWhitelist": 18.265473,
	"numReadsOnWhitelist": 257075346,
	"percentageReadsOnWhitelist": 97.199592
}
