{"ncells": 11124, "ngenes": 60623, "nvals": 1975997, "density": 0.0029301366632643222, "avg_counts_per_cell": 550.8819669183747, "avg_counts_per_gene": 101.08392854197253, "avg_nnzero_per_cell": 177.63367493707298, "avg_nnzero_per_gene": 32.594840242152316, "min_cell": 60, "max_cell": 59743, "total_counts": 6128011, "overdispersion": 38.282678606626874, "s_index": 603}