{
  "ncells": 383407,
  "ngenes": 63140,
  "nvals": 5877931,
  "density": 0.00024280625381970465,
  "avg_counts_per_cell": 70.38858445463958,
  "avg_counts_per_gene": 427.4228064618309,
  "avg_nnzero_per_cell": 15.330786866176153,
  "avg_nnzero_per_gene": 93.0936173582515,
  "min_cell": 0,
  "max_cell": 71289,
  "total_counts": 26987476,
  "overdispersion": 72.72700482896926,
  "s_index": 2709
}
