{
  "ncells": 5790,
  "ngenes": 63140,
  "nvals": 2599707,
  "density": 0.007111173295300681,
  "avg_counts_per_cell": 3347.394645941278,
  "avg_counts_per_gene": 306.9593759898638,
  "avg_nnzero_per_cell": 448.99948186528496,
  "avg_nnzero_per_gene": 41.17369337979094,
  "min_cell": 233,
  "max_cell": 71289,
  "total_counts": 19381415,
  "overdispersion": 1.1096062305644476,
  "s_index": 2709
}
