{
	"numRecords": 16921403,
	"numReads": 138790922,
	"numBarcodes": 1687751,
	"medianReadsPerBarcode": 4.000000,
	"meanReadsPerBarcode": 82.234241,
	"numUMIs": 1032398,
	"numBarcodeUMIs": 8202177,
	"medianUMIsPerBarcode": 1.000000,
	"meanUMIsPerBarcode": 4.859826,
	"gtRecords": 5120369,
	"numBarcodesOnWhitelist": 13625,
	"percentageBarcodesOnWhitelist": 0.807287,
	"numReadsOnWhitelist": 1237196,
	"percentageReadsOnWhitelist": 0.891410
}
