{
	"numRecords": 66378590,
	"numReads": 280851172,
	"numBarcodes": 1956704,
	"medianReadsPerBarcode": 2.000000,
	"meanReadsPerBarcode": 143.532784,
	"numUMIs": 1048576,
	"numBarcodeUMIs": 39672835,
	"medianUMIsPerBarcode": 1.000000,
	"meanUMIsPerBarcode": 20.275338,
	"gtRecords": 22288666,
	"numBarcodesOnWhitelist": 471841,
	"percentageBarcodesOnWhitelist": 24.114071,
	"numReadsOnWhitelist": 271462527,
	"percentageReadsOnWhitelist": 96.657075
}
