{
	"numRecords": 6368940,
	"numReads": 91194282,
	"numBarcodes": 185087,
	"medianReadsPerBarcode": 5.000000,
	"meanReadsPerBarcode": 492.710358,
	"numUMIs": 829369,
	"numBarcodeUMIs": 2435022,
	"medianUMIsPerBarcode": 2.000000,
	"meanUMIsPerBarcode": 13.156094,
	"gtRecords": 2647800,
	"numTargets": 145090,
	"medianTargetsPerSet": 3.000000,
	"meanTargetsPerSet": 3.922220,
	"numSingleton": 23862051,
	"gtTargets": 7332,
	"numBarcodesOnWhitelist": 87503,
	"percentageBarcodesOnWhitelist": 47.276686,
	"numReadsOnWhitelist": 88797325,
	"percentageReadsOnWhitelist": 97.371593
}
