{
  "ncells": 7802,
  "ngenes": 60623,
  "nvals": 575500,
  "density": 0.0012167516892435384,
  "avg_per_cell": 121.94052806972572,
  "avg_per_gene": 15.693383699256058,
  "min_cell": 19,
  "max_cell": 4823,
  "total_counts": 951380,
  "overdispersion": 13.189892994932835
}
