{"ncells": 499, "ngenes": 60623, "nvals": 294789, "density": 0.0097448083901832, "avg_counts_per_cell": 1241.0280561122245, "avg_counts_per_gene": 10.215149365752271, "avg_nnzero_per_cell": 590.7595190380762, "avg_nnzero_per_gene": 4.862659386701417, "min_cell": 348, "max_cell": 4823, "total_counts": 619273, "overdispersion": 0.47568343806998936, "s_index": 453}