{
	"numRecords": 18306441,
	"numReads": 45787597,
	"numBarcodes": 904605,
	"medianReadsPerBarcode": 3.000000,
	"meanReadsPerBarcode": 50.616122,
	"numUMIs": 1045808,
	"numBarcodeUMIs": 10585968,
	"medianUMIsPerBarcode": 1.000000,
	"meanUMIsPerBarcode": 11.702310,
	"gtRecords": 7075081,
	"numTargets": 184646,
	"medianTargetsPerSet": 4.000000,
	"meanTargetsPerSet": 4.688845,
	"numSingleton": 12776365,
	"gtTargets": 5462,
	"numBarcodesOnWhitelist": 145748,
	"percentageBarcodesOnWhitelist": 16.111784,
	"numReadsOnWhitelist": 39365487,
	"percentageReadsOnWhitelist": 85.974127
}
