{"ncells": 11687, "ngenes": 60623, "nvals": 2685378, "density": 0.00379022470851809, "avg_counts_per_cell": 441.3722084367246, "avg_counts_per_gene": 85.0884482787061, "avg_nnzero_per_cell": 229.77479250449218, "avg_nnzero_per_gene": 44.29635616845092, "min_cell": 74, "max_cell": 20570, "total_counts": 5158317, "overdispersion": 11.950606356172807, "s_index": 1156}