{
	"numRecords": 17481204,
	"numReads": 138029032,
	"numBarcodes": 249147,
	"medianReadsPerBarcode": 8.000000,
	"meanReadsPerBarcode": 554.006398,
	"numUMIs": 1028416,
	"numBarcodeUMIs": 6369395,
	"medianUMIsPerBarcode": 1.000000,
	"meanUMIsPerBarcode": 25.564807,
	"gtRecords": 5987872,
	"numTargets": 164750,
	"medianTargetsPerSet": 4.000000,
	"meanTargetsPerSet": 4.496428,
	"numSingleton": 29182592,
	"gtTargets": 8068,
	"numBarcodesOnWhitelist": 112171,
	"percentageBarcodesOnWhitelist": 45.022015,
	"numReadsOnWhitelist": 134358201,
	"percentageReadsOnWhitelist": 97.340537
}
