{
  "ncells": 1626,
  "ngenes": 60623,
  "nvals": 1327710,
  "density": 0.013469307284333586,
  "avg_per_cell": 2231.747847478475,
  "avg_per_gene": 59.85883245632846,
  "min_cell": 33,
  "max_cell": 16159,
  "total_counts": 3628822,
  "overdispersion": 2.355547939971655
}
