{"ncells": 482, "ngenes": 60623, "nvals": 1145766, "density": 0.03921132051890252, "avg_per_cell": 6932.566390041494, "avg_per_gene": 55.11929465714333, "min_cell": 2124, "max_cell": 16159, "total_count": 3341497, "overdispersion": 0.2298899538832303, "s_index": 482}