{
	"numRecords": 111508925,
	"numReads": 347587205,
	"numBarcodes": 3836602,
	"medianReadsPerBarcode": 3.000000,
	"meanReadsPerBarcode": 90.597671,
	"numUMIs": 1048575,
	"numBarcodeUMIs": 70791984,
	"medianUMIsPerBarcode": 1.000000,
	"meanUMIsPerBarcode": 18.451740,
	"gtRecords": 41149005,
	"numTargets": 183692,
	"medianTargetsPerSet": 3.000000,
	"meanTargetsPerSet": 3.854282,
	"numSingleton": 125822655,
	"gtTargets": 6376,
	"numBarcodesOnWhitelist": 351127,
	"percentageBarcodesOnWhitelist": 9.152031,
	"numReadsOnWhitelist": 282665043,
	"percentageReadsOnWhitelist": 81.322051
}
