{
  "ncells": 16881,
  "ngenes": 60623,
  "nvals": 18287785,
  "density": 0.01787003953400889,
  "avg_per_cell": 3044.339138676619,
  "avg_per_gene": 847.7226300249081,
  "min_cell": 158,
  "max_cell": 28410,
  "total_counts": 51391489,
  "overdispersion": 1.8337867961304806
}
