{"ncells": 11594, "ngenes": 60623, "nvals": 16197970, "density": 0.023045698196044906, "avg_counts_per_cell": 4105.111781956184, "avg_counts_per_gene": 785.0925556307012, "avg_nnzero_per_cell": 1397.0993617388303, "avg_nnzero_per_gene": 267.19182488494465, "min_cell": 1503, "max_cell": 28410, "total_counts": 47594666, "overdispersion": 1.390636541885679, "s_index": 4070}