{
	"numRecords": 12754462,
	"numReads": 80985020,
	"numBarcodes": 292332,
	"medianReadsPerBarcode": 1.000000,
	"meanReadsPerBarcode": 277.030978,
	"numUMIs": 1005569,
	"numBarcodeUMIs": 5411171,
	"medianUMIsPerBarcode": 1.000000,
	"meanUMIsPerBarcode": 18.510362,
	"gtRecords": 6309770,
	"numBarcodesOnWhitelist": 105434,
	"percentageBarcodesOnWhitelist": 36.066527,
	"numReadsOnWhitelist": 77803567,
	"percentageReadsOnWhitelist": 96.071554
}
