{
  "ncells": 10520,
  "ngenes": 63140,
  "nvals": 6840312,
  "density": 0.010298064172681627,
  "avg_counts_per_cell": 1533.240019011407,
  "avg_counts_per_gene": 255.45905923344947,
  "avg_nnzero_per_cell": 650.2197718631179,
  "avg_nnzero_per_gene": 108.3356350966107,
  "min_cell": 0,
  "max_cell": 11697,
  "total_counts": 16129685,
  "overdispersion": 1.371480955737925,
  "s_index": 2286
}
