{
  "ncells": 263871,
  "ngenes": 63140,
  "nvals": 13245438,
  "density": 0.0007950054092612111,
  "avg_counts_per_cell": 97.87583705674363,
  "avg_counts_per_gene": 409.03698131137156,
  "avg_nnzero_per_cell": 50.196641540752864,
  "avg_nnzero_per_gene": 209.77887234716502,
  "min_cell": 0,
  "max_cell": 11697,
  "total_counts": 25826595,
  "overdispersion": 20.106828352148717,
  "s_index": 2286
}
