{
  "ncells": 3518,
  "ngenes": 63140,
  "nvals": 7990486,
  "density": 0.035972678993935525,
  "avg_counts_per_cell": 9983.179363274588,
  "avg_counts_per_gene": 556.2373297434273,
  "avg_nnzero_per_cell": 2271.314951677089,
  "avg_nnzero_per_gene": 126.55188470066518,
  "min_cell": 207,
  "max_cell": 108655,
  "total_counts": 35120825,
  "overdispersion": 6.2881583097232605,
  "s_index": 2901
}
