{
  "ncells": 370828,
  "ngenes": 63140,
  "nvals": 9466801,
  "density": 0.00040432086301685433,
  "avg_counts_per_cell": 99.29551436245376,
  "avg_counts_per_gene": 583.1732182451694,
  "avg_nnzero_per_cell": 25.528819290884183,
  "avg_nnzero_per_gene": 149.93349699081406,
  "min_cell": 0,
  "max_cell": 108655,
  "total_counts": 36821557,
  "overdispersion": 703.1336116617418,
  "s_index": 2901
}
