{
  "ncells": 224342,
  "ngenes": 63140,
  "nvals": 4147482,
  "density": 0.00029279883543115355,
  "avg_counts_per_cell": 53.419373099999106,
  "avg_counts_per_gene": 189.80375356350967,
  "avg_nnzero_per_cell": 18.487318469123036,
  "avg_nnzero_per_gene": 65.68707633829585,
  "min_cell": 0,
  "max_cell": 30964,
  "total_counts": 11984209,
  "overdispersion": 142.6444372820908,
  "s_index": 1883
}
