{
  "ncells": 2170,
  "ngenes": 63140,
  "nvals": 3436283,
  "density": 0.025079831374649853,
  "avg_counts_per_cell": 5170.078341013825,
  "avg_counts_per_gene": 177.68561925878998,
  "avg_nnzero_per_cell": 1583.5405529953916,
  "avg_nnzero_per_gene": 54.42323408299018,
  "min_cell": 315,
  "max_cell": 30964,
  "total_counts": 11219070,
  "overdispersion": 0.5626881653374621,
  "s_index": 1883
}
