{
	"numRecords": 100162293,
	"numReads": 215960880,
	"numBarcodes": 1525883,
	"medianReadsPerBarcode": 3.000000,
	"meanReadsPerBarcode": 141.531743,
	"numUMIs": 1048567,
	"numBarcodeUMIs": 64671089,
	"medianUMIsPerBarcode": 1.000000,
	"meanUMIsPerBarcode": 42.382731,
	"gtRecords": 43873171,
	"numBarcodesOnWhitelist": 449388,
	"percentageBarcodesOnWhitelist": 29.451013,
	"numReadsOnWhitelist": 207719686,
	"percentageReadsOnWhitelist": 96.183941
}
