{
	"numRecords": 70605789,
	"numReads": 200704148,
	"numBarcodes": 855125,
	"medianReadsPerBarcode": 4.000000,
	"meanReadsPerBarcode": 234.707380,
	"numUMIs": 1048576,
	"numBarcodeUMIs": 40126170,
	"medianUMIsPerBarcode": 1.000000,
	"meanUMIsPerBarcode": 46.924333,
	"gtRecords": 25476415,
	"numBarcodesOnWhitelist": 262991,
	"percentageBarcodesOnWhitelist": 30.754685,
	"numReadsOnWhitelist": 194840427,
	"percentageReadsOnWhitelist": 97.078426
}
