{"ncells": 3462, "ngenes": 60623, "nvals": 12657332, "density": 0.06030838297506939, "avg_counts_per_cell": 8893.977180820335, "avg_counts_per_gene": 507.9086980189037, "avg_nnzero_per_cell": 3656.0751010976314, "avg_nnzero_per_gene": 208.7876218596902, "min_cell": 2581, "max_cell": 29904, "total_counts": 30790949, "overdispersion": 0.31674048467741167, "s_index": 3403}