{
	"numRecords": 31360599,
	"numReads": 42962276,
	"numBarcodes": 817788,
	"medianReadsPerBarcode": 1.000000,
	"meanReadsPerBarcode": 52.534735,
	"numUMIs": 1048575,
	"numBarcodeUMIs": 25035197,
	"medianUMIsPerBarcode": 1.000000,
	"meanUMIsPerBarcode": 30.613309,
	"gtRecords": 19085241,
	"numBarcodesOnWhitelist": 307407,
	"percentageBarcodesOnWhitelist": 37.590060,
	"numReadsOnWhitelist": 41384159,
	"percentageReadsOnWhitelist": 96.326738
}
