{"ncells": 5273, "ngenes": 60623, "nvals": 6762616, "density": 0.021155316749503314, "avg_counts_per_cell": 2832.855490233264, "avg_counts_per_gene": 246.4023060554575, "avg_nnzero_per_cell": 1282.4987673051394, "avg_nnzero_per_gene": 111.55198522013097, "min_cell": 1086, "max_cell": 45801, "total_counts": 14937647, "overdispersion": 0.3729798281900756, "s_index": 2291}