{
  "ncells": 3217,
  "ngenes": 63140,
  "nvals": 2249943,
  "density": 0.011076839867866199,
  "avg_counts_per_cell": 1464.661485856388,
  "avg_counts_per_gene": 74.62489705416534,
  "avg_nnzero_per_cell": 699.3916692570718,
  "avg_nnzero_per_gene": 35.63419385492556,
  "min_cell": 81,
  "max_cell": 15059,
  "total_counts": 4711816,
  "overdispersion": 1.8455093371842213,
  "s_index": 1183
}
