{
  "ncells": 227669,
  "ngenes": 63140,
  "nvals": 2840967,
  "density": 0.00019763220291608264,
  "avg_counts_per_cell": 23.452854802366595,
  "avg_counts_per_gene": 84.56585365853658,
  "avg_nnzero_per_cell": 12.478497292121457,
  "avg_nnzero_per_gene": 44.994726005701615,
  "min_cell": 0,
  "max_cell": 15059,
  "total_counts": 5339488,
  "overdispersion": 158.70781581286937,
  "s_index": 1183
}
