{
	"numRecords": 101164916,
	"numReads": 265940782,
	"numBarcodes": 1051154,
	"medianReadsPerBarcode": 3.000000,
	"meanReadsPerBarcode": 252.998877,
	"numUMIs": 1048576,
	"numBarcodeUMIs": 45070846,
	"medianUMIsPerBarcode": 1.000000,
	"meanUMIsPerBarcode": 42.877491,
	"gtRecords": 41293108,
	"numTargets": 179416,
	"medianTargetsPerSet": 4.000000,
	"meanTargetsPerSet": 4.990742,
	"numSingleton": 39331295,
	"gtTargets": 6090,
	"numBarcodesOnWhitelist": 308790,
	"percentageBarcodesOnWhitelist": 29.376285,
	"numReadsOnWhitelist": 258716359,
	"percentageReadsOnWhitelist": 97.283447
}
