{
	"numRecords": 85028362,
	"numReads": 116567801,
	"numBarcodes": 1564871,
	"medianReadsPerBarcode": 1.000000,
	"meanReadsPerBarcode": 74.490358,
	"numUMIs": 1048576,
	"numBarcodeUMIs": 65461163,
	"medianUMIsPerBarcode": 1.000000,
	"meanUMIsPerBarcode": 41.831667,
	"gtRecords": 53063176,
	"numTargets": 180919,
	"medianTargetsPerSet": 4.000000,
	"meanTargetsPerSet": 5.072054,
	"numSingleton": 23870582,
	"gtTargets": 5561,
	"numBarcodesOnWhitelist": 479194,
	"percentageBarcodesOnWhitelist": 30.621949,
	"numReadsOnWhitelist": 112306995,
	"percentageReadsOnWhitelist": 96.344783
}
