{
  "ncells": 3826,
  "ngenes": 60623,
  "nvals": 9028074,
  "density": 0.038923574859781214,
  "avg_per_cell": 10445.262676424465,
  "avg_per_gene": 659.2147369810139,
  "min_cell": 247,
  "max_cell": 104611,
  "total_counts": 39963575,
  "overdispersion": 1.6447128805332736
}
