{"ncells": 3999, "ngenes": 60623, "nvals": 9057548, "density": 0.03736128595268425, "avg_per_cell": 10003.969492373093, "avg_per_gene": 659.9124754631081, "min_cell": 243, "max_cell": 104611, "total_count": 40005874, "overdispersion": 1.762985993976307, "s_index": 1826}