{
  "ncells": 2633,
  "ngenes": 63140,
  "nvals": 954981,
  "density": 0.005744328851143854,
  "avg_counts_per_cell": 773.1549563235852,
  "avg_counts_per_gene": 32.241320874247705,
  "avg_nnzero_per_cell": 362.69692366122297,
  "avg_nnzero_per_gene": 15.124817865061768,
  "min_cell": 97,
  "max_cell": 9460,
  "total_counts": 2035717,
  "overdispersion": 3.1227965517774097,
  "s_index": 810
}
