{
  "ncells": 267217,
  "ngenes": 63140,
  "nvals": 2867594,
  "density": 0.00016996089192642338,
  "avg_counts_per_cell": 16.122054360313903,
  "avg_counts_per_gene": 68.23070953436807,
  "avg_nnzero_per_cell": 10.731330716234371,
  "avg_nnzero_per_gene": 45.41643965790307,
  "min_cell": 0,
  "max_cell": 9460,
  "total_counts": 4308087,
  "overdispersion": 236.03937250577428,
  "s_index": 810
}
