{"ncells": 10976, "ngenes": 60623, "nvals": 2486206, "density": 0.003736419136594762, "avg_counts_per_cell": 786.7480867346939, "avg_counts_per_gene": 142.44341256618776, "avg_nnzero_per_cell": 226.51293731778426, "avg_nnzero_per_gene": 41.01093644326411, "min_cell": 27, "max_cell": 86953, "total_counts": 8635347, "overdispersion": 12.938706154447543, "s_index": 1225}