{
  "ncells": 296877,
  "ngenes": 63140,
  "nvals": 1635914,
  "density": 0.000087272886207355,
  "avg_counts_per_cell": 17.905509689197885,
  "avg_counts_per_gene": 84.18964206525182,
  "avg_nnzero_per_cell": 5.510410035132395,
  "avg_nnzero_per_gene": 25.909312638580932,
  "min_cell": 0,
  "max_cell": 25169,
  "total_counts": 5315734,
  "overdispersion": 68.50038331369578,
  "s_index": 1039
}
