{
  "ncells": 3466,
  "ngenes": 63140,
  "nvals": 1104305,
  "density": 0.00504610057866078,
  "avg_counts_per_cell": 1271.4042123485285,
  "avg_counts_per_gene": 69.7923186569528,
  "avg_nnzero_per_cell": 318.6107905366417,
  "avg_nnzero_per_gene": 17.489784605638263,
  "min_cell": 0,
  "max_cell": 25169,
  "total_counts": 4406687,
  "overdispersion": 0.4691249042497303,
  "s_index": 1039
}
