{
	"numRecords": 165916055,
	"numReads": 224660001,
	"numBarcodes": 1367137,
	"medianReadsPerBarcode": 2.000000,
	"meanReadsPerBarcode": 164.328813,
	"numUMIs": 16021966,
	"numBarcodeUMIs": 144629925,
	"medianUMIsPerBarcode": 1.000000,
	"meanUMIsPerBarcode": 105.790367,
	"gtRecords": 108738139,
	"numBarcodesOnWhitelist": 39732,
	"percentageBarcodesOnWhitelist": 2.906219,
	"numReadsOnWhitelist": 20873544,
	"percentageReadsOnWhitelist": 9.291171
}
