{"ncells": 516, "ngenes": 60623, "nvals": 846789, "density": 0.027069989170584962, "avg_counts_per_cell": 27085.672480620156, "avg_counts_per_gene": 230.5429787374429, "avg_nnzero_per_cell": 1641.0639534883721, "avg_nnzero_per_gene": 13.96811441202184, "min_cell": 484, "max_cell": 267511, "total_counts": 13976207, "overdispersion": 1.8465345673954237, "s_index": 502}