{
  "ncells": 10029,
  "ngenes": 63140,
  "nvals": 16799783,
  "density": 0.02653025737556209,
  "avg_counts_per_cell": 6544.4562767972875,
  "avg_counts_per_gene": 1039.5050997782705,
  "avg_nnzero_per_cell": 1675.1204506929903,
  "avg_nnzero_per_gene": 266.0719512195122,
  "min_cell": 0,
  "max_cell": 59204,
  "total_counts": 65634352,
  "overdispersion": 1.809311500483559,
  "s_index": 4675
}
