{
  "ncells": 449973,
  "ngenes": 63140,
  "nvals": 24312517,
  "density": 0.0008557342004909834,
  "avg_counts_per_cell": 168.6198438572981,
  "avg_counts_per_gene": 1201.684779854292,
  "avg_nnzero_per_cell": 54.031057419000696,
  "avg_nnzero_per_gene": 385.0572853975293,
  "min_cell": 0,
  "max_cell": 59204,
  "total_counts": 75874377,
  "overdispersion": 90.33147662002042,
  "s_index": 4675
}
