{"ncells": 2789, "ngenes": 60623, "nvals": 1146289, "density": 0.0067796642448331714, "avg_counts_per_cell": 681.0803155252779, "avg_counts_per_gene": 31.333536776470975, "avg_nnzero_per_cell": 411.0035855145213, "avg_nnzero_per_gene": 18.908483578839714, "min_cell": 249, "max_cell": 5778, "total_counts": 1899533, "overdispersion": 2.495229684171771, "s_index": 776}