{
  "ncells": 169,
  "ngenes": 63140,
  "nvals": 440199,
  "density": 0.04125321207872803,
  "avg_counts_per_cell": 8423.8224852071,
  "avg_counts_per_gene": 22.547133354450427,
  "avg_nnzero_per_cell": 2604.7278106508875,
  "avg_nnzero_per_gene": 6.971792841305036,
  "min_cell": 382,
  "max_cell": 28799,
  "total_counts": 1423626,
  "overdispersion": 0.8046789166517493,
  "s_index": 169
}
