{
  "ncells": 179680,
  "ngenes": 63140,
  "nvals": 1158743,
  "density": 0.00010213693171064542,
  "avg_counts_per_cell": 12.459611531611754,
  "avg_counts_per_gene": 35.45681026290782,
  "avg_nnzero_per_cell": 6.448925868210152,
  "avg_nnzero_per_gene": 18.35196388976877,
  "min_cell": 0,
  "max_cell": 28799,
  "total_counts": 2238743,
  "overdispersion": 118.12879899203186,
  "s_index": 243
}
