{
	"numRecords": 112432520,
	"numReads": 321567091,
	"numBarcodes": 1198730,
	"medianReadsPerBarcode": 4.000000,
	"meanReadsPerBarcode": 268.256481,
	"numUMIs": 1048576,
	"numBarcodeUMIs": 66348432,
	"medianUMIsPerBarcode": 1.000000,
	"meanUMIsPerBarcode": 55.348938,
	"gtRecords": 31914574,
	"numTargets": 189362,
	"medianTargetsPerSet": 4.000000,
	"meanTargetsPerSet": 4.950544,
	"numSingleton": 54483930,
	"gtTargets": 6678,
	"numBarcodesOnWhitelist": 441298,
	"percentageBarcodesOnWhitelist": 36.813795,
	"numReadsOnWhitelist": 313082735,
	"percentageReadsOnWhitelist": 97.361560
}
