{
	"numRecords": 320030015,
	"numReads": 1090394037,
	"numBarcodes": 5759282,
	"medianReadsPerBarcode": 2.000000,
	"meanReadsPerBarcode": 189.328121,
	"numUMIs": 16730420,
	"numBarcodeUMIs": 225144218,
	"medianUMIsPerBarcode": 1.000000,
	"meanUMIsPerBarcode": 39.092411,
	"gtRecords": 94435479,
	"numBarcodesOnWhitelist": 1907487,
	"percentageBarcodesOnWhitelist": 33.120222,
	"numReadsOnWhitelist": 1055010852,
	"percentageReadsOnWhitelist": 96.755009
}
