{"ncells": 12420, "ngenes": 60623, "nvals": 28920586, "density": 0.038410332669506796, "avg_per_cell": 13120.70958132045, "avg_per_gene": 2688.075697342593, "min_cell": 584, "max_cell": 325467, "total_count": 162959213, "overdispersion": 3.2244141114767215, "s_index": 4357}