{
  "ncells": 331494,
  "ngenes": 63140,
  "nvals": 7061339,
  "density": 0.00033737027245131794,
  "avg_counts_per_cell": 66.94310002594315,
  "avg_counts_per_gene": 351.46081723154896,
  "avg_nnzero_per_cell": 21.301559002576216,
  "avg_nnzero_per_gene": 111.8362210959772,
  "min_cell": 0,
  "max_cell": 56611,
  "total_counts": 22191236,
  "overdispersion": 711.0825877106962,
  "s_index": 2903
}
