{
  "ncells": 5537,
  "ngenes": 63140,
  "nvals": 5430024,
  "density": 0.015531830701619748,
  "avg_counts_per_cell": 3638.098428752032,
  "avg_counts_per_gene": 319.0394520114032,
  "avg_nnzero_per_cell": 980.6797905002709,
  "avg_nnzero_per_gene": 85.99974659486854,
  "min_cell": 154,
  "max_cell": 56611,
  "total_counts": 20144151,
  "overdispersion": 14.543716504566932,
  "s_index": 2903
}
