{
  "ncells": 3009,
  "ngenes": 60623,
  "nvals": 640573,
  "density": 0.003511632157834816,
  "avg_per_cell": 324.88168826852774,
  "avg_per_gene": 16.12538145588308,
  "min_cell": 1,
  "max_cell": 2090,
  "total_counts": 977569,
  "overdispersion": 2.728759268449387
}
