{"ncells": 3059, "ngenes": 60623, "nvals": 647158, "density": 0.0034897428254451785, "avg_per_cell": 322.3000980712651, "avg_per_gene": 16.263068472361976, "min_cell": 101, "max_cell": 2090, "total_count": 985916, "overdispersion": 2.77136025144259, "s_index": 456}