{
  "ncells": 5235,
  "ngenes": 60623,
  "nvals": 5700776,
  "density": 0.017963041221096182,
  "avg_per_cell": 3208.937153772684,
  "avg_per_gene": 277.10251884598256,
  "min_cell": 408,
  "max_cell": 30525,
  "total_counts": 16798786,
  "overdispersion": 0.2340334479663011
}
