{"ncells": 1304, "ngenes": 60623, "nvals": 2037146, "density": 0.025769568111234382, "avg_per_cell": 5672.119631901841, "avg_per_gene": 122.00722498061792, "min_cell": 3795, "max_cell": 30525, "total_count": 7396444, "overdispersion": 0.2468600629714136, "s_index": 1304}