{
  "ncells": 71092,
  "ngenes": 60623,
  "nvals": 3304788,
  "density": 0.0007668059050606254,
  "avg_per_cell": 147.2048472401958,
  "avg_per_gene": 172.62568662058953,
  "min_cell": 12,
  "max_cell": 51274,
  "total_counts": 10465087,
  "overdispersion": 9.104873203143574
}
