{"ncells": 4996, "ngenes": 60623, "nvals": 1269689, "density": 0.0041921566549051065, "avg_per_cell": 1390.2572057646116, "avg_per_gene": 114.57243950315886, "min_cell": 477, "max_cell": 51274, "total_count": 6945725, "overdispersion": 0.3723139118240367, "s_index": 1316}