{
  "ncells": 71720,
  "ngenes": 60623,
  "nvals": 14954743,
  "density": 0.003439547005507666,
  "avg_per_cell": 910.3900864472951,
  "avg_per_gene": 1077.0363888293223,
  "min_cell": 332,
  "max_cell": 12414,
  "total_counts": 65293177,
  "overdispersion": 0.1659690719802714
}
