{"ncells": 71720, "ngenes": 60623, "nvals": 14954743, "density": 0.003439547005507666, "avg_counts_per_cell": 910.3900864472951, "avg_counts_per_gene": 1077.0363888293223, "avg_nnzero_per_cell": 208.51565811489124, "avg_nnzero_per_gene": 246.6843112350098, "min_cell": 332, "max_cell": 12414, "total_counts": 65293177, "overdispersion": 0.1659690719802714, "s_index": 2157}