{
  "ncells": 1289,
  "ngenes": 60623,
  "nvals": 721209,
  "density": 0.009229343206952244,
  "avg_per_cell": 1564.8944918541506,
  "avg_per_gene": 33.27365851244577,
  "min_cell": 46,
  "max_cell": 54628,
  "total_counts": 2017149,
  "overdispersion": 3.596804457076734
}
