{
  "ncells": 3378,
  "ngenes": 63140,
  "nvals": 9037575,
  "density": 0.04237285155601665,
  "avg_counts_per_cell": 12942.670219064536,
  "avg_counts_per_gene": 692.4349065568578,
  "avg_nnzero_per_cell": 2675.4218472468915,
  "avg_nnzero_per_gene": 143.13549255622425,
  "min_cell": 4,
  "max_cell": 128090,
  "total_counts": 43720340,
  "overdispersion": 2.1122670135925663,
  "s_index": 2740
}
