{
  "ncells": 364165,
  "ngenes": 63140,
  "nvals": 10546161,
  "density": 0.0004586607915606798,
  "avg_counts_per_cell": 125.04275259841006,
  "avg_counts_per_gene": 721.1940766550523,
  "avg_nnzero_per_cell": 28.959842379141325,
  "avg_nnzero_per_gene": 167.02820715869495,
  "min_cell": 0,
  "max_cell": 128090,
  "total_counts": 45536194,
  "overdispersion": 305.90451581471734,
  "s_index": 2740
}
