{
  "ncells": 278386,
  "ngenes": 63140,
  "nvals": 6953139,
  "density": 0.00039557509678834465,
  "avg_counts_per_cell": 72.66450899111305,
  "avg_counts_per_gene": 320.379822616408,
  "avg_nnzero_per_cell": 24.976611611216082,
  "avg_nnzero_per_gene": 110.12256889452011,
  "min_cell": 0,
  "max_cell": 61741,
  "total_counts": 20228782,
  "overdispersion": 306.08869222313353,
  "s_index": 2022
}
