{
  "ncells": 3547,
  "ngenes": 63140,
  "nvals": 4586130,
  "density": 0.020477672602106166,
  "avg_counts_per_cell": 4943.768536791655,
  "avg_counts_per_gene": 277.7248495407032,
  "avg_nnzero_per_cell": 1292.9602480969834,
  "avg_nnzero_per_gene": 72.63430471967057,
  "min_cell": 248,
  "max_cell": 61741,
  "total_counts": 17535547,
  "overdispersion": 4.240021100472184,
  "s_index": 2022
}
