{
  "ncells": 289981,
  "ngenes": 63140,
  "nvals": 7294764,
  "density": 0.0003984163251957164,
  "avg_counts_per_cell": 82.22333877047117,
  "avg_counts_per_gene": 377.62442191954386,
  "avg_nnzero_per_cell": 25.15600677285753,
  "avg_nnzero_per_gene": 115.53316439657902,
  "min_cell": 0,
  "max_cell": 37249,
  "total_counts": 23843206,
  "overdispersion": 343.9032436834088,
  "s_index": 2406
}
