{
  "ncells": 6943,
  "ngenes": 63140,
  "nvals": 5683592,
  "density": 0.012964959112509023,
  "avg_counts_per_cell": 3152.276969609679,
  "avg_counts_per_gene": 346.6306461830852,
  "avg_nnzero_per_cell": 818.6075183638196,
  "avg_nnzero_per_gene": 90.01571111815014,
  "min_cell": 154,
  "max_cell": 37249,
  "total_counts": 21886259,
  "overdispersion": 9.31936466683658,
  "s_index": 2406
}
