{
  "ncells": 246662,
  "ngenes": 63140,
  "nvals": 1707937,
  "density": 0.00010966423689096821,
  "avg_counts_per_cell": 10.139328311616707,
  "avg_counts_per_gene": 39.61018371872031,
  "avg_nnzero_per_cell": 6.9241999172957325,
  "avg_nnzero_per_gene": 27.05,
  "min_cell": 0,
  "max_cell": 8869,
  "total_counts": 2500987,
  "overdispersion": 313.6879798149998,
  "s_index": 765
}
