{
  "ncells": 1511,
  "ngenes": 63140,
  "nvals": 785890,
  "density": 0.008237448658103693,
  "avg_counts_per_cell": 994.3567174056916,
  "avg_counts_per_gene": 23.79589800443459,
  "avg_nnzero_per_cell": 520.1125082726671,
  "avg_nnzero_per_gene": 12.446784922394679,
  "min_cell": 89,
  "max_cell": 8869,
  "total_counts": 1502473,
  "overdispersion": 1.65427950679229,
  "s_index": 765
}
