{
  "ncells": 918,
  "ngenes": 60623,
  "nvals": 303801,
  "density": 0.005458949713751085,
  "avg_per_cell": 609.5675381263617,
  "avg_per_gene": 9.230539564191808,
  "min_cell": 8,
  "max_cell": 5328,
  "total_counts": 559583,
  "overdispersion": 3.3012321646654206
}
