{"ncells": 1062, "ngenes": 60623, "nvals": 326343, "density": 0.005068884094353255, "avg_per_cell": 559.0386064030132, "avg_per_gene": 9.793296273691503, "min_cell": 147, "max_cell": 5328, "total_count": 593699, "overdispersion": 3.921119400295601, "s_index": 486}