{
  "ncells": 403834,
  "ngenes": 63140,
  "nvals": 3315438,
  "density": 0.00013002697305967533,
  "avg_counts_per_cell": 11.223435867212766,
  "avg_counts_per_gene": 71.78341780171048,
  "avg_nnzero_per_cell": 8.209903078987901,
  "avg_nnzero_per_gene": 52.50931263858093,
  "min_cell": 0,
  "max_cell": 35601,
  "total_counts": 4532405,
  "overdispersion": 540.909914772145,
  "s_index": 801
}
