{
  "ncells": 1541,
  "ngenes": 63140,
  "nvals": 1401866,
  "density": 0.014407853585770998,
  "avg_counts_per_cell": 1581.9312134977288,
  "avg_counts_per_gene": 38.60874247703516,
  "avg_nnzero_per_cell": 909.7118754055808,
  "avg_nnzero_per_gene": 22.202502375673106,
  "min_cell": 152,
  "max_cell": 35618,
  "total_counts": 2437756,
  "overdispersion": 3.854050775507896,
  "s_index": 801
}
