{
  "ncells": 2574,
  "ngenes": 63140,
  "nvals": 2007875,
  "density": 0.01235445387330088,
  "avg_counts_per_cell": 1710.0835275835275,
  "avg_counts_per_gene": 69.71420652518214,
  "avg_nnzero_per_cell": 780.0602175602176,
  "avg_nnzero_per_gene": 31.800364269876464,
  "min_cell": 144,
  "max_cell": 10532,
  "total_counts": 4401755,
  "overdispersion": 0.22782865409733055,
  "s_index": 1499
}
