{
  "ncells": 128609,
  "ngenes": 63140,
  "nvals": 2490266,
  "density": 0.0003066689457411648,
  "avg_counts_per_cell": 38.30759900162508,
  "avg_counts_per_gene": 78.02822299651568,
  "avg_nnzero_per_cell": 19.363077234097148,
  "avg_nnzero_per_gene": 39.44038644282547,
  "min_cell": 0,
  "max_cell": 10532,
  "total_counts": 4926702,
  "overdispersion": 55.43809530345289,
  "s_index": 1501
}
