{
  "ncells": 3821,
  "ngenes": 63140,
  "nvals": 7121257,
  "density": 0.029517192263185204,
  "avg_counts_per_cell": 6768.388641716828,
  "avg_counts_per_gene": 409.59792524548624,
  "avg_nnzero_per_cell": 1863.7155194975137,
  "avg_nnzero_per_gene": 112.78519163763066,
  "min_cell": 0,
  "max_cell": 37357,
  "total_counts": 25862013,
  "overdispersion": 2.5678653025818337,
  "s_index": 2249
}
