{
  "ncells": 353707,
  "ngenes": 63140,
  "nvals": 11338206,
  "density": 0.0005076870796099478,
  "avg_counts_per_cell": 88.05288558043804,
  "avg_counts_per_gene": 493.26769084573965,
  "avg_nnzero_per_cell": 32.055362206572106,
  "avg_nnzero_per_gene": 179.57247386759582,
  "min_cell": 0,
  "max_cell": 37357,
  "total_counts": 31144922,
  "overdispersion": 259.6571301338132,
  "s_index": 2249
}
