{
  "ncells": 9797,
  "ngenes": 60623,
  "nvals": 989566,
  "density": 0.0016661505199732523,
  "avg_per_cell": 198.29386546902114,
  "avg_per_gene": 32.04534582584168,
  "min_cell": 1,
  "max_cell": 4404,
  "total_counts": 1942685,
  "overdispersion": 2.3260334206746487
}
