{"ncells": 4081, "ngenes": 60623, "nvals": 568904, "density": 0.002299508230845705, "avg_per_cell": 296.8693947561872, "avg_per_gene": 19.98456031539185, "min_cell": 177, "max_cell": 4404, "total_count": 1211524, "overdispersion": 1.4169852368894458, "s_index": 450}