{"ncells": 4081, "ngenes": 60623, "nvals": 568904, "density": 0.002299508230845705, "avg_counts_per_cell": 296.8693947561872, "avg_counts_per_gene": 19.98456031539185, "avg_nnzero_per_cell": 139.40308747855917, "avg_nnzero_per_gene": 9.384293090081322, "min_cell": 177, "max_cell": 4404, "total_counts": 1211524, "overdispersion": 1.4169852368894458, "s_index": 450}