{
  "ncells": 1090,
  "ngenes": 63140,
  "nvals": 1355228,
  "density": 0.01969161292947375,
  "avg_counts_per_cell": 3458.6743119266057,
  "avg_counts_per_gene": 59.70787139689579,
  "avg_nnzero_per_cell": 1243.3284403669725,
  "avg_nnzero_per_gene": 21.463858093126387,
  "min_cell": 84,
  "max_cell": 15890,
  "total_counts": 3769955,
  "overdispersion": 0.6870447708128846,
  "s_index": 847
}
