{
  "ncells": 297854,
  "ngenes": 63140,
  "nvals": 3274795,
  "density": 0.00017413100408665268,
  "avg_counts_per_cell": 19.662247275510822,
  "avg_counts_per_gene": 92.75386442825467,
  "avg_nnzero_per_cell": 10.99463159803125,
  "avg_nnzero_per_gene": 51.865616091225846,
  "min_cell": 0,
  "max_cell": 15890,
  "total_counts": 5856479,
  "overdispersion": 228.84020033693332,
  "s_index": 847
}
