{
  "ncells": 3599,
  "ngenes": 60623,
  "nvals": 4698317,
  "density": 0.021533917502344842,
  "avg_per_cell": 4829.889135871075,
  "avg_per_gene": 286.73557890569583,
  "min_cell": 2466,
  "max_cell": 27529,
  "total_counts": 17382771,
  "overdispersion": 0.7710903021459111
}
