{
  "ncells": 1353,
  "ngenes": 63140,
  "nvals": 911144,
  "density": 0.010665584122941756,
  "avg_counts_per_cell": 2286.1234294161122,
  "avg_counts_per_gene": 48.98835920177384,
  "avg_nnzero_per_cell": 673.4249815225425,
  "avg_nnzero_per_gene": 14.430535318340196,
  "min_cell": 5,
  "max_cell": 35978,
  "total_counts": 3093125,
  "overdispersion": 0.6665663819908494,
  "s_index": 886
}
