{
  "ncells": 393304,
  "ngenes": 63140,
  "nvals": 2545238,
  "density": 0.00010249329557598765,
  "avg_counts_per_cell": 12.962331936619002,
  "avg_counts_per_gene": 80.74337979094076,
  "avg_nnzero_per_cell": 6.47142668266786,
  "avg_nnzero_per_gene": 40.31102312321825,
  "min_cell": 0,
  "max_cell": 35978,
  "total_counts": 5098137,
  "overdispersion": 235.24583254812498,
  "s_index": 886
}
