{
  "ncells": 4425,
  "ngenes": 63140,
  "nvals": 15764565,
  "density": 0.05642403483246807,
  "avg_counts_per_cell": 9105.697627118645,
  "avg_counts_per_gene": 638.1487488121635,
  "avg_nnzero_per_cell": 3562.613559322034,
  "avg_nnzero_per_gene": 249.6763541336712,
  "min_cell": 164,
  "max_cell": 34473,
  "total_counts": 40292712,
  "overdispersion": 0.4613392360427384,
  "s_index": 3967
}
