{
  "ncells": 376357,
  "ngenes": 63140,
  "nvals": 16989840,
  "density": 0.0007149648868263595,
  "avg_counts_per_cell": 110.52197780299025,
  "avg_counts_per_gene": 658.7855559075072,
  "avg_nnzero_per_cell": 45.14288295421634,
  "avg_nnzero_per_gene": 269.0820399113082,
  "min_cell": 0,
  "max_cell": 34473,
  "total_counts": 41595720,
  "overdispersion": 114.95670173306074,
  "s_index": 3967
}
