{
	"numRecords": 89956779,
	"numReads": 261858133,
	"numBarcodes": 873982,
	"medianReadsPerBarcode": 5.000000,
	"meanReadsPerBarcode": 299.615018,
	"numUMIs": 1048569,
	"numBarcodeUMIs": 42526488,
	"medianUMIsPerBarcode": 1.000000,
	"meanUMIsPerBarcode": 48.658311,
	"gtRecords": 33433679,
	"numBarcodesOnWhitelist": 331958,
	"percentageBarcodesOnWhitelist": 37.982247,
	"numReadsOnWhitelist": 255319885,
	"percentageReadsOnWhitelist": 97.503134
}
