{"ncells": 5193, "ngenes": 60623, "nvals": 8184013, "density": 0.02599624156059358, "avg_per_cell": 6244.842865395725, "avg_per_gene": 534.9367236857298, "min_cell": 56, "max_cell": 82726, "total_count": 32429469, "overdispersion": 7.5116638480599125, "s_index": 2884}