{
  "ncells": 143945,
  "ngenes": 63140,
  "nvals": 706301,
  "density": 0.00007771210260474029,
  "avg_counts_per_cell": 8.262801764562854,
  "avg_counts_per_gene": 18.837329743427304,
  "avg_nnzero_per_cell": 4.9067421584633015,
  "avg_nnzero_per_gene": 11.186268609439342,
  "min_cell": 0,
  "max_cell": 23310,
  "total_counts": 1189389,
  "overdispersion": 487.1377420158967,
  "s_index": 413
}
