{
  "ncells": 598,
  "ngenes": 63140,
  "nvals": 355297,
  "density": 0.009409916700478737,
  "avg_counts_per_cell": 1321.6003344481605,
  "avg_counts_per_gene": 12.516898954703834,
  "avg_nnzero_per_cell": 594.1421404682275,
  "avg_nnzero_per_gene": 5.627130186886284,
  "min_cell": 102,
  "max_cell": 23311,
  "total_counts": 790317,
  "overdispersion": 1.607656150847558,
  "s_index": 412
}
