{"ncells": 77083, "ngenes": 60623, "nvals": 20464392, "density": 0.004379281005034829, "avg_counts_per_cell": 1025.7876444871113, "avg_counts_per_gene": 1304.303465681342, "avg_nnzero_per_cell": 265.48515236822647, "avg_nnzero_per_gene": 337.5681177110998, "min_cell": 11, "max_cell": 94061, "total_counts": 79070789, "overdispersion": 29.5019283235428, "s_index": 4205}