{"ncells": 13328, "ngenes": 60623, "nvals": 20374804, "density": 0.02521686140104393, "avg_counts_per_cell": 7086.179696878751, "avg_counts_per_gene": 1557.9005163056925, "avg_nnzero_per_cell": 1528.7217887154861, "avg_nnzero_per_gene": 336.0903287531135, "min_cell": 155, "max_cell": 77315, "total_counts": 94444603, "overdispersion": 4.396649840883914, "s_index": 4791}