{"ncells": 13328, "ngenes": 60623, "nvals": 20374804, "density": 0.02521686140104393, "avg_per_cell": 7086.179696878751, "avg_per_gene": 1557.9005163056925, "min_cell": 155, "max_cell": 77315, "total_count": 94444603, "overdispersion": 4.396649840883914, "s_index": 4791}