{
  "ncells": 47,
  "ngenes": 63140,
  "nvals": 84451,
  "density": 0.0284578680271467,
  "avg_counts_per_cell": 8593.425531914894,
  "avg_counts_per_gene": 6.396753246753247,
  "avg_nnzero_per_cell": 1796.8297872340424,
  "avg_nnzero_per_gene": 1.3375197972758948,
  "min_cell": 672,
  "max_cell": 62553,
  "total_counts": 403891,
  "overdispersion": 1.4729340023892878,
  "s_index": 47
}
