{
  "ncells": 27811,
  "ngenes": 63140,
  "nvals": 198649,
  "density": 0.0001131267213471921,
  "avg_counts_per_cell": 19.848477221243392,
  "avg_counts_per_gene": 8.742572062084257,
  "avg_nnzero_per_cell": 7.14282118586171,
  "avg_nnzero_per_gene": 3.1461672473867597,
  "min_cell": 0,
  "max_cell": 62553,
  "total_counts": 552006,
  "overdispersion": 580.7547997475467,
  "s_index": 180
}
