{
	"numRecords": 21377956,
	"numReads": 64784151,
	"numBarcodes": 794452,
	"medianReadsPerBarcode": 2.000000,
	"meanReadsPerBarcode": 81.545708,
	"numUMIs": 1046813,
	"numBarcodeUMIs": 15130340,
	"medianUMIsPerBarcode": 1.000000,
	"meanUMIsPerBarcode": 19.045002,
	"gtRecords": 7025354,
	"numTargets": 79739,
	"medianTargetsPerSet": 3.000000,
	"meanTargetsPerSet": 4.121587,
	"numSingleton": 11743812,
	"gtTargets": 2885,
	"numBarcodesOnWhitelist": 257243,
	"percentageBarcodesOnWhitelist": 32.379930,
	"numReadsOnWhitelist": 62224154,
	"percentageReadsOnWhitelist": 96.048421
}
