{"ncells": 7310, "ngenes": 60623, "nvals": 3215208, "density": 0.007255281587920663, "avg_per_cell": 1313.3673050615596, "avg_per_gene": 158.3675337743101, "min_cell": 96, "max_cell": 9511, "total_count": 9600715, "overdispersion": 1.000181572956074, "s_index": 1987}