{"ncells": 19962, "ngenes": 60623, "nvals": 15286385, "density": 0.012631744074360192, "avg_per_cell": 2306.8378418996094, "avg_per_gene": 759.5977929168797, "min_cell": 206, "max_cell": 132763, "total_count": 46049097, "overdispersion": 17.235999568695572, "s_index": 2610}