{
  "ncells": 52670,
  "ngenes": 63140,
  "nvals": 424319,
  "density": 0.00012759233431435408,
  "avg_counts_per_cell": 14.154357319157015,
  "avg_counts_per_gene": 11.807253721887868,
  "avg_nnzero_per_cell": 8.056179988608315,
  "avg_nnzero_per_gene": 6.720288248337029,
  "min_cell": 0,
  "max_cell": 1464,
  "total_counts": 745510,
  "overdispersion": 140.35152420131826,
  "s_index": 355
}
