{
  "ncells": 2171,
  "ngenes": 63140,
  "nvals": 231154,
  "density": 0.0016863084337890822,
  "avg_counts_per_cell": 215.0087517273146,
  "avg_counts_per_gene": 7.392841305036427,
  "avg_nnzero_per_cell": 106.47351450944265,
  "avg_nnzero_per_gene": 3.6609756097560977,
  "min_cell": 42,
  "max_cell": 1464,
  "total_counts": 466784,
  "overdispersion": 7.916992014227228,
  "s_index": 339
}
