{
	"numRecords": 10351513,
	"numReads": 23535873,
	"numBarcodes": 359458,
	"medianReadsPerBarcode": 3.000000,
	"meanReadsPerBarcode": 65.476003,
	"numUMIs": 1024290,
	"numBarcodeUMIs": 7045636,
	"medianUMIsPerBarcode": 1.000000,
	"meanUMIsPerBarcode": 19.600721,
	"gtRecords": 4287069,
	"numTargets": 143341,
	"medianTargetsPerSet": 3.000000,
	"meanTargetsPerSet": 4.242682,
	"numSingleton": 5392621,
	"gtTargets": 11119,
	"numBarcodesOnWhitelist": 169756,
	"percentageBarcodesOnWhitelist": 47.225545,
	"numReadsOnWhitelist": 22771934,
	"percentageReadsOnWhitelist": 96.754151
}
