{
  "ncells": 7040,
  "ngenes": 60623,
  "nvals": 2921683,
  "density": 0.006845781135422649,
  "avg_per_cell": 794.2488636363636,
  "avg_per_gene": 92.2341685498903,
  "min_cell": 55,
  "max_cell": 4568,
  "total_counts": 5591512,
  "overdispersion": 0.3101887981942053
}
