{"ncells": 5344, "ngenes": 60623, "nvals": 2646995, "density": 0.008170511532894819, "avg_counts_per_cell": 971.3386976047905, "avg_counts_per_gene": 85.62482886033354, "avg_nnzero_per_cell": 495.3209206586826, "avg_nnzero_per_gene": 43.663213631789915, "min_cell": 427, "max_cell": 4568, "total_counts": 5190834, "overdispersion": 0.20372739487753003, "s_index": 1209}