{"ncells": 6601, "ngenes": 60623, "nvals": 16511484, "density": 0.041260924169179945, "avg_counts_per_cell": 12503.699287986668, "avg_counts_per_gene": 1361.4786302228526, "avg_nnzero_per_cell": 2501.3610059081957, "avg_nnzero_per_gene": 272.3633604407568, "min_cell": 381, "max_cell": 75368, "total_counts": 82536919, "overdispersion": 3.316162814256514, "s_index": 4354}