{
  "ncells": 102,
  "ngenes": 63140,
  "nvals": 231931,
  "density": 0.036012564671101255,
  "avg_counts_per_cell": 5921.254901960784,
  "avg_counts_per_gene": 9.565536902122268,
  "avg_nnzero_per_cell": 2273.8333333333335,
  "avg_nnzero_per_gene": 3.673281596452328,
  "min_cell": 510,
  "max_cell": 37596,
  "total_counts": 603968,
  "overdispersion": 69.36375101196518,
  "s_index": 102
}
