{
  "ncells": 62014,
  "ngenes": 63140,
  "nvals": 343296,
  "density": 0.00008767472668228359,
  "avg_counts_per_cell": 11.744654432869996,
  "avg_counts_per_gene": 11.535207475451378,
  "avg_nnzero_per_cell": 5.535782242719386,
  "avg_nnzero_per_gene": 5.437060500475135,
  "min_cell": 0,
  "max_cell": 37596,
  "total_counts": 728333,
  "overdispersion": 32011.039101792627,
  "s_index": 144
}
