{
	"numRecords": 49682609,
	"numReads": 222815001,
	"numBarcodes": 1018331,
	"medianReadsPerBarcode": 3.000000,
	"meanReadsPerBarcode": 218.804103,
	"numUMIs": 1048475,
	"numBarcodeUMIs": 26811687,
	"medianUMIsPerBarcode": 1.000000,
	"meanUMIsPerBarcode": 26.329049,
	"gtRecords": 14093133,
	"numTargets": 179647,
	"medianTargetsPerSet": 4.000000,
	"meanTargetsPerSet": 4.558622,
	"numSingleton": 46589664,
	"gtTargets": 7849,
	"numBarcodesOnWhitelist": 359326,
	"percentageBarcodesOnWhitelist": 35.285776,
	"numReadsOnWhitelist": 214773463,
	"percentageReadsOnWhitelist": 96.390935
}
