{
  "ncells": 112015,
  "ngenes": 60623,
  "nvals": 8679998,
  "density": 0.0012782212043429616,
  "avg_per_cell": 177.45377851180646,
  "avg_per_gene": 327.8868581231546,
  "min_cell": 12,
  "max_cell": 117660,
  "total_counts": 19877485,
  "overdispersion": 82.85295825365573
}
