{"ncells": 9986, "ngenes": 60623, "nvals": 5566406, "density": 0.00919487635691304, "avg_per_cell": 1647.6142599639495, "avg_per_gene": 271.39989772858485, "min_cell": 104, "max_cell": 117660, "total_count": 16453076, "overdispersion": 8.88721434819384, "s_index": 1880}