{
  "ncells": 2614,
  "ngenes": 60623,
  "nvals": 7878218,
  "density": 0.04971471873764305,
  "avg_per_cell": 6928.73947972456,
  "avg_per_gene": 298.7599590914339,
  "min_cell": 3061,
  "max_cell": 26985,
  "total_counts": 18111725,
  "overdispersion": 0.3089384240074169
}
