{"ncells": 4530, "ngenes": 60623, "nvals": 8548873, "density": 0.031129578421903926, "avg_per_cell": 4245.906843267108, "avg_per_gene": 317.27162957953254, "min_cell": 48, "max_cell": 26985, "total_count": 19233958, "overdispersion": 0.9507761325775899, "s_index": 2701}