{
	"numRecords": 81721686,
	"numReads": 545614314,
	"numBarcodes": 1216290,
	"medianReadsPerBarcode": 2.000000,
	"meanReadsPerBarcode": 448.588999,
	"numUMIs": 1048571,
	"numBarcodeUMIs": 31484235,
	"medianUMIsPerBarcode": 1.000000,
	"meanUMIsPerBarcode": 25.885467,
	"gtRecords": 32656530,
	"numTargets": 178321,
	"medianTargetsPerSet": 4.000000,
	"meanTargetsPerSet": 4.792834,
	"numSingleton": 98918716,
	"gtTargets": 5841,
	"numBarcodesOnWhitelist": 276930,
	"percentageBarcodesOnWhitelist": 22.768419,
	"numReadsOnWhitelist": 526634546,
	"percentageReadsOnWhitelist": 96.521395
}
