{
  "ncells": 38,
  "ngenes": 63140,
  "nvals": 27502,
  "density": 0.011462414350732707,
  "avg_counts_per_cell": 2759.7368421052633,
  "avg_counts_per_gene": 1.660912258473234,
  "avg_nnzero_per_cell": 723.7368421052631,
  "avg_nnzero_per_gene": 0.4355717453278429,
  "min_cell": 345,
  "max_cell": 11874,
  "total_counts": 104870,
  "overdispersion": 0.4444209411692641,
  "s_index": 38
}
