{
  "ncells": 19730,
  "ngenes": 63140,
  "nvals": 77217,
  "density": 0.00006198423731461201,
  "avg_counts_per_cell": 8.721084642676129,
  "avg_counts_per_gene": 2.7251662971175166,
  "avg_nnzero_per_cell": 3.9136847440446023,
  "avg_nnzero_per_gene": 1.2229490022172949,
  "min_cell": 0,
  "max_cell": 11874,
  "total_counts": 172067,
  "overdispersion": 315.5398127503152,
  "s_index": 92
}
