{
  "ncells": 94246,
  "ngenes": 60623,
  "nvals": 8698748,
  "density": 0.001522496835497804,
  "avg_per_cell": 180.30213483861385,
  "avg_per_gene": 280.3021130593999,
  "min_cell": 17,
  "max_cell": 27446,
  "total_counts": 16992755,
  "overdispersion": 19.227457213064714
}
