{"ncells": 10570, "ngenes": 60623, "nvals": 5537056, "density": 0.008641049727263482, "avg_counts_per_cell": 1260.703500473037, "avg_counts_per_gene": 219.81155666991077, "avg_nnzero_per_cell": 523.846357615894, "avg_nnzero_per_gene": 91.335895617175, "min_cell": 116, "max_cell": 27446, "total_counts": 13325636, "overdispersion": 1.6160891553841155, "s_index": 1989}