{"ncells": 10570, "ngenes": 60623, "nvals": 5537056, "density": 0.008641049727263482, "avg_per_cell": 1260.703500473037, "avg_per_gene": 219.81155666991077, "min_cell": 116, "max_cell": 27446, "total_count": 13325636, "overdispersion": 1.6160891553841155, "s_index": 1989}