{
  "ncells": 5407,
  "ngenes": 63140,
  "nvals": 9087786,
  "density": 0.02661933149106506,
  "avg_counts_per_cell": 3900.356759755872,
  "avg_counts_per_gene": 334.00742793791574,
  "avg_nnzero_per_cell": 1680.7445903458479,
  "avg_nnzero_per_gene": 143.9307253721888,
  "min_cell": 258,
  "max_cell": 43807,
  "total_counts": 21089229,
  "overdispersion": 0.9826023787082511,
  "s_index": 2895
}
