{
  "ncells": 967639,
  "ngenes": 63140,
  "nvals": 13240560,
  "density": 0.0002167147205287437,
  "avg_counts_per_cell": 31.56389934676052,
  "avg_counts_per_gene": 483.72600570161546,
  "avg_nnzero_per_cell": 13.683367454184877,
  "avg_nnzero_per_gene": 209.70161545771302,
  "min_cell": 0,
  "max_cell": 43793,
  "total_counts": 30542460,
  "overdispersion": 28.698769212641395,
  "s_index": 2895
}
