{
  "ncells": 8609,
  "ngenes": 60623,
  "nvals": 3755218,
  "density": 0.0071952356501861275,
  "avg_per_cell": 2745.4937855732373,
  "avg_per_gene": 389.8843013377761,
  "min_cell": 627,
  "max_cell": 58068,
  "total_counts": 23635956,
  "overdispersion": 0.8937280358216283
}
