{"ncells": 8609, "ngenes": 60623, "nvals": 3755218, "density": 0.0071952356501861275, "avg_counts_per_cell": 2745.4937855732373, "avg_counts_per_gene": 389.8843013377761, "avg_nnzero_per_cell": 436.1967708212336, "avg_nnzero_per_gene": 61.94378371245237, "min_cell": 627, "max_cell": 58068, "total_counts": 23635956, "overdispersion": 0.8937280358216283, "s_index": 2968}