{
  "ncells": 3325,
  "ngenes": 60623,
  "nvals": 4661604,
  "density": 0.02312630792625792,
  "avg_per_cell": 3635.283007518797,
  "avg_per_gene": 199.38498589644195,
  "min_cell": 483,
  "max_cell": 28043,
  "total_counts": 12087316,
  "overdispersion": 0.5845683601097829
}
