{"ncells": 3322, "ngenes": 60623, "nvals": 4660722, "density": 0.023142813040708764, "avg_per_cell": 3638.1282360024084, "avg_per_gene": 199.3610016000528, "min_cell": 487, "max_cell": 28043, "total_count": 12085862, "overdispersion": 0.5834578889143665, "s_index": 2204}