{"ncells": 4529, "ngenes": 60623, "nvals": 4727813, "density": 0.01721950035344896, "avg_per_cell": 3234.6266283947893, "avg_per_gene": 241.6512544743744, "min_cell": 1204, "max_cell": 23124, "total_count": 14649624, "overdispersion": 0.1314098455999817, "s_index": 2723}