{
	"numRecords": 100331098,
	"numReads": 244711790,
	"numBarcodes": 1386781,
	"medianReadsPerBarcode": 3.000000,
	"meanReadsPerBarcode": 176.460299,
	"numUMIs": 1048576,
	"numBarcodeUMIs": 60365631,
	"medianUMIsPerBarcode": 1.000000,
	"meanUMIsPerBarcode": 43.529318,
	"gtRecords": 38519746,
	"numTargets": 189108,
	"medianTargetsPerSet": 4.000000,
	"meanTargetsPerSet": 4.931141,
	"numSingleton": 43082252,
	"gtTargets": 7060,
	"numBarcodesOnWhitelist": 482593,
	"percentageBarcodesOnWhitelist": 34.799511,
	"numReadsOnWhitelist": 235432435,
	"percentageReadsOnWhitelist": 96.208047
}
