{
  "ncells": 8181,
  "ngenes": 60623,
  "nvals": 12951927,
  "density": 0.02611503253157574,
  "avg_per_cell": 5263.000488937782,
  "avg_per_gene": 710.2355046764429,
  "min_cell": 119,
  "max_cell": 73997,
  "total_counts": 43056607,
  "overdispersion": 0.9839122897356531
}
