{"ncells": 8181, "ngenes": 60623, "nvals": 12951927, "density": 0.02611503253157574, "avg_counts_per_cell": 5263.000488937782, "avg_counts_per_gene": 710.2355046764429, "avg_nnzero_per_cell": 1583.171617161716, "avg_nnzero_per_gene": 213.64708114082114, "min_cell": 119, "max_cell": 73997, "total_counts": 43056607, "overdispersion": 0.9839122897356531, "s_index": 3416}