{
  "ncells": 8029,
  "ngenes": 63140,
  "nvals": 5824737,
  "density": 0.011489742224821464,
  "avg_counts_per_cell": 1496.3122431186948,
  "avg_counts_per_gene": 190.2738517579981,
  "avg_nnzero_per_cell": 725.4623240752273,
  "avg_nnzero_per_gene": 92.25114032309155,
  "min_cell": 0,
  "max_cell": 7209,
  "total_counts": 12013891,
  "overdispersion": 0.8136692172026417,
  "s_index": 1830
}
