{
  "ncells": 237506,
  "ngenes": 63140,
  "nvals": 6245713,
  "density": 0.0004164883528701398,
  "avg_counts_per_cell": 52.6758945037178,
  "avg_counts_per_gene": 198.14445676274946,
  "avg_nnzero_per_cell": 26.297074600220625,
  "avg_nnzero_per_gene": 98.91848273677542,
  "min_cell": 0,
  "max_cell": 7209,
  "total_counts": 12510841,
  "overdispersion": 47.57432913775678,
  "s_index": 1830
}
