{
  "ncells": 374837,
  "ngenes": 63140,
  "nvals": 5662965,
  "density": 0.00023927473645943143,
  "avg_counts_per_cell": 23.612535582133034,
  "avg_counts_per_gene": 140.17820715869496,
  "avg_nnzero_per_cell": 15.107806860048502,
  "avg_nnzero_per_gene": 89.6890243902439,
  "min_cell": 0,
  "max_cell": 8341,
  "total_counts": 8850852,
  "overdispersion": 162.24988207073542,
  "s_index": 1626
}
