{
  "ncells": 4472,
  "ngenes": 63140,
  "nvals": 3689417,
  "density": 0.013066262296976989,
  "avg_counts_per_cell": 1507.9584078711985,
  "avg_counts_per_gene": 106.80376940133037,
  "avg_nnzero_per_cell": 825.003801431127,
  "avg_nnzero_per_gene": 58.43232499208109,
  "min_cell": 186,
  "max_cell": 8341,
  "total_counts": 6743590,
  "overdispersion": 1.2478231053125066,
  "s_index": 1626
}
