{
	"numRecords": 180835312,
	"numReads": 274214060,
	"numBarcodes": 1815411,
	"medianReadsPerBarcode": 2.000000,
	"meanReadsPerBarcode": 151.047922,
	"numUMIs": 1048576,
	"numBarcodeUMIs": 129715316,
	"medianUMIsPerBarcode": 1.000000,
	"meanUMIsPerBarcode": 71.452314,
	"gtRecords": 97277496,
	"numTargets": 187592,
	"medianTargetsPerSet": 4.000000,
	"meanTargetsPerSet": 4.883641,
	"numSingleton": 33847453,
	"gtTargets": 6208,
	"numBarcodesOnWhitelist": 543666,
	"percentageBarcodesOnWhitelist": 29.947268,
	"numReadsOnWhitelist": 263263845,
	"percentageReadsOnWhitelist": 96.006691
}
