{
  "ncells": 448,
  "ngenes": 63140,
  "nvals": 789499,
  "density": 0.02791058843160324,
  "avg_counts_per_cell": 62232.74553571428,
  "avg_counts_per_gene": 441.56271777003485,
  "avg_nnzero_per_cell": 1762.2745535714287,
  "avg_nnzero_per_gene": 12.503943617358251,
  "min_cell": 1,
  "max_cell": 453393,
  "total_counts": 27880270,
  "overdispersion": 1.8497817775189693,
  "s_index": 441
}
