{
  "ncells": 107981,
  "ngenes": 63140,
  "nvals": 1493595,
  "density": 0.00021906900132541004,
  "avg_counts_per_cell": 286.4980691047499,
  "avg_counts_per_gene": 489.9643332277479,
  "avg_nnzero_per_cell": 13.83201674368639,
  "avg_nnzero_per_gene": 23.6552898321191,
  "min_cell": 0,
  "max_cell": 453259,
  "total_counts": 30936348,
  "overdispersion": 593.1998892397968,
  "s_index": 577
}
