{
  "ncells": 1270,
  "ngenes": 60623,
  "nvals": 1529029,
  "density": 0.019859786591222558,
  "avg_per_cell": 2637.140157480315,
  "avg_per_gene": 55.245830790294114,
  "min_cell": 741,
  "max_cell": 20020,
  "total_counts": 3349168,
  "overdispersion": 0.6335197720329935
}
