{
  "ncells": 213887,
  "ngenes": 63140,
  "nvals": 2346157,
  "density": 0.00017372731366227133,
  "avg_counts_per_cell": 15.432948239023409,
  "avg_counts_per_gene": 52.27917326575863,
  "avg_nnzero_per_cell": 10.969142584635811,
  "avg_nnzero_per_gene": 37.15801393728223,
  "min_cell": 0,
  "max_cell": 21618,
  "total_counts": 3300907,
  "overdispersion": 172.40482415523942,
  "s_index": 791
}
