{
  "ncells": 2621,
  "ngenes": 63140,
  "nvals": 1201992,
  "density": 0.007263233040026481,
  "avg_counts_per_cell": 791.3220144982831,
  "avg_counts_per_gene": 32.84851124485271,
  "avg_nnzero_per_cell": 458.600534147272,
  "avg_nnzero_per_gene": 19.03693379790941,
  "min_cell": 111,
  "max_cell": 21618,
  "total_counts": 2074055,
  "overdispersion": 1.7392160406569523,
  "s_index": 791
}
