{"ncells": 592, "ngenes": 60623, "nvals": 1350323, "density": 0.037625175486424516, "avg_counts_per_cell": 9949.234797297297, "avg_counts_per_gene": 97.15697012684954, "avg_nnzero_per_cell": 2280.9510135135133, "avg_nnzero_per_gene": 22.274103887963314, "min_cell": 5284, "max_cell": 41413, "total_counts": 5889947, "overdispersion": 4.353848658001451, "s_index": 592}