{
  "ncells": 17075,
  "ngenes": 60623,
  "nvals": 10345060,
  "density": 0.009993897188898222,
  "avg_per_cell": 1611.544421669107,
  "avg_per_gene": 453.90562987644955,
  "min_cell": 87,
  "max_cell": 20858,
  "total_counts": 27517121,
  "overdispersion": 5.984860227360191
}
