{"ncells": 17075, "ngenes": 60623, "nvals": 10345060, "density": 0.009993897188898222, "avg_counts_per_cell": 1611.544421669107, "avg_counts_per_gene": 453.90562987644955, "avg_nnzero_per_cell": 605.8600292825769, "avg_nnzero_per_gene": 170.64579450043712, "min_cell": 87, "max_cell": 20858, "total_counts": 27517121, "overdispersion": 5.984860227360191, "s_index": 3354}