{
  "ncells": 7831,
  "ngenes": 63140,
  "nvals": 3232184,
  "density": 0.006536936625297144,
  "avg_counts_per_cell": 605.0545268803473,
  "avg_counts_per_gene": 75.04247703515996,
  "avg_nnzero_per_cell": 412.7421785212617,
  "avg_nnzero_per_gene": 51.190750712701934,
  "min_cell": 111,
  "max_cell": 10184,
  "total_counts": 4738182,
  "overdispersion": 1.0468000123150702,
  "s_index": 1052
}
