{
  "ncells": 569453,
  "ngenes": 63140,
  "nvals": 5058024,
  "density": 0.00014067548557750173,
  "avg_counts_per_cell": 11.858191984237505,
  "avg_counts_per_gene": 106.94778270509978,
  "avg_nnzero_per_cell": 8.88225015936346,
  "avg_nnzero_per_gene": 80.1080772885651,
  "min_cell": 0,
  "max_cell": 10184,
  "total_counts": 6752683,
  "overdispersion": 91.464123600545,
  "s_index": 1052
}
