{"ncells": 850, "ngenes": 60623, "nvals": 2755351, "density": 0.05347128007133771, "avg_counts_per_cell": 11318.404705882353, "avg_counts_per_gene": 158.6962703924253, "avg_nnzero_per_cell": 3241.589411764706, "avg_nnzero_per_gene": 45.45058806063705, "min_cell": 1988, "max_cell": 49473, "total_counts": 9620644, "overdispersion": 0.5726704095064022, "s_index": 850}