{
	"numRecords": 49219710,
	"numReads": 205316009,
	"numBarcodes": 1207910,
	"medianReadsPerBarcode": 4.000000,
	"meanReadsPerBarcode": 169.976247,
	"numUMIs": 1048549,
	"numBarcodeUMIs": 30337214,
	"medianUMIsPerBarcode": 1.000000,
	"meanUMIsPerBarcode": 25.115459,
	"gtRecords": 14444688,
	"numBarcodesOnWhitelist": 8012,
	"percentageBarcodesOnWhitelist": 0.663294,
	"numReadsOnWhitelist": 2725731,
	"percentageReadsOnWhitelist": 1.327578
}
