{
  "ncells": 60,
  "ngenes": 60623,
  "nvals": 73763,
  "density": 0.020279156975625313,
  "avg_per_cell": 4435.1,
  "avg_per_gene": 4.389522128565066,
  "min_cell": 475,
  "max_cell": 32222,
  "total_counts": 266106,
  "overdispersion": 1.192123920914673
}
