{"ncells": 441, "ngenes": 60623, "nvals": 110879, "density": 0.004147374822342597, "avg_counts_per_cell": 769.530612244898, "avg_counts_per_gene": 5.597924879996041, "avg_nnzero_per_cell": 251.42630385487527, "avg_nnzero_per_gene": 1.8289922966530854, "min_cell": 81, "max_cell": 32222, "total_counts": 339363, "overdispersion": 6.193898238048966, "s_index": 181}