{"ncells": 441, "ngenes": 60623, "nvals": 110879, "density": 0.004147374822342597, "avg_per_cell": 769.530612244898, "avg_per_gene": 5.597924879996041, "min_cell": 81, "max_cell": 32222, "total_count": 339363, "overdispersion": 6.193898238048966, "s_index": 181}