{
  "ncells": 5975,
  "ngenes": 63140,
  "nvals": 5500105,
  "density": 0.014579025424009606,
  "avg_counts_per_cell": 4906.148619246862,
  "avg_counts_per_gene": 464.2736458663288,
  "avg_nnzero_per_cell": 920.5196652719666,
  "avg_nnzero_per_gene": 87.1096769084574,
  "min_cell": 180,
  "max_cell": 52695,
  "total_counts": 29314238,
  "overdispersion": 2.4611973020704356,
  "s_index": 3155
}
