{
  "ncells": 351002,
  "ngenes": 63140,
  "nvals": 7470334,
  "density": 0.00033707446276563737,
  "avg_counts_per_cell": 91.18240636805488,
  "avg_counts_per_gene": 506.8927304402914,
  "avg_nnzero_per_cell": 21.28288157902234,
  "avg_nnzero_per_gene": 118.31381057966423,
  "min_cell": 0,
  "max_cell": 52695,
  "total_counts": 32005207,
  "overdispersion": 174.22228692556033,
  "s_index": 3155
}
