{
	"numRecords": 91030477,
	"numReads": 352155877,
	"numBarcodes": 1599218,
	"medianReadsPerBarcode": 2.000000,
	"meanReadsPerBarcode": 220.205048,
	"numUMIs": 1048576,
	"numBarcodeUMIs": 57444533,
	"medianUMIsPerBarcode": 1.000000,
	"meanUMIsPerBarcode": 35.920389,
	"gtRecords": 36606329,
	"numBarcodesOnWhitelist": 378201,
	"percentageBarcodesOnWhitelist": 23.649121,
	"numReadsOnWhitelist": 336436645,
	"percentageReadsOnWhitelist": 95.536286
}
