{
  "ncells": 4476,
  "ngenes": 63140,
  "nvals": 3139162,
  "density": 0.011107570365073798,
  "avg_counts_per_cell": 2371.48145665773,
  "avg_counts_per_gene": 168.11452328159646,
  "avg_nnzero_per_cell": 701.3319928507597,
  "avg_nnzero_per_gene": 49.71748495407032,
  "min_cell": 149,
  "max_cell": 38175,
  "total_counts": 10614751,
  "overdispersion": 9.89900191543215,
  "s_index": 1934
}
