{
  "ncells": 247916,
  "ngenes": 63140,
  "nvals": 4144077,
  "density": 0.00026473946239354587,
  "avg_counts_per_cell": 47.83755788250859,
  "avg_counts_per_gene": 187.8317389927146,
  "avg_nnzero_per_cell": 16.715649655528484,
  "avg_nnzero_per_gene": 65.63314855875832,
  "min_cell": 0,
  "max_cell": 38175,
  "total_counts": 11859696,
  "overdispersion": 414.9583682902309,
  "s_index": 1934
}
