{
  "ncells": 2444576,
  "ngenes": 63140,
  "nvals": 46055834,
  "density": 0.00029838468585629847,
  "avg_counts_per_cell": 73.25415982158052,
  "avg_counts_per_gene": 2836.1634621476087,
  "avg_nnzero_per_cell": 18.840009064966686,
  "avg_nnzero_per_gene": 729.4240418118467,
  "min_cell": 0,
  "max_cell": 320638,
  "total_counts": 179075361,
  "overdispersion": 664.1907842127043,
  "s_index": 4317
}
