{
  "ncells": 6125,
  "ngenes": 63140,
  "nvals": 22033478,
  "density": 0.05697343254058038,
  "avg_counts_per_cell": 23995.810775510203,
  "avg_counts_per_gene": 2327.7532625910676,
  "avg_nnzero_per_cell": 3597.302530612245,
  "avg_nnzero_per_gene": 348.9622743110548,
  "min_cell": 0,
  "max_cell": 320638,
  "total_counts": 146974341,
  "overdispersion": 1.190669692243006,
  "s_index": 4317
}
