{
  "ncells": 324668,
  "ngenes": 63140,
  "nvals": 8853658,
  "density": 0.0004318954996600333,
  "avg_counts_per_cell": 66.59740719750637,
  "avg_counts_per_gene": 342.4461038961039,
  "avg_nnzero_per_cell": 27.269881848534503,
  "avg_nnzero_per_gene": 140.22264808362368,
  "min_cell": 0,
  "max_cell": 21873,
  "total_counts": 21622047,
  "overdispersion": 29.85591179864894,
  "s_index": 1976
}
