{
  "ncells": 12289,
  "ngenes": 63140,
  "nvals": 7210355,
  "density": 0.009292563250693563,
  "avg_counts_per_cell": 1524.8575962242655,
  "avg_counts_per_gene": 296.7845264491606,
  "avg_nnzero_per_cell": 586.7324436487916,
  "avg_nnzero_per_gene": 114.1963097877732,
  "min_cell": 4,
  "max_cell": 21873,
  "total_counts": 18738975,
  "overdispersion": 1.4151130272783001,
  "s_index": 1976
}
