{
	"numRecords": 80699094,
	"numReads": 360314352,
	"numBarcodes": 981787,
	"medianReadsPerBarcode": 4.000000,
	"meanReadsPerBarcode": 366.998496,
	"numUMIs": 1048576,
	"numBarcodeUMIs": 33630955,
	"medianUMIsPerBarcode": 1.000000,
	"meanUMIsPerBarcode": 34.254838,
	"gtRecords": 28451502,
	"numTargets": 173573,
	"medianTargetsPerSet": 4.000000,
	"meanTargetsPerSet": 4.829297,
	"numSingleton": 59265549,
	"gtTargets": 6427,
	"numBarcodesOnWhitelist": 279249,
	"percentageBarcodesOnWhitelist": 28.442931,
	"numReadsOnWhitelist": 350251213,
	"percentageReadsOnWhitelist": 97.207122
}
