{
	"numRecords": 27918933,
	"numReads": 43486733,
	"numBarcodes": 937909,
	"medianReadsPerBarcode": 2.000000,
	"meanReadsPerBarcode": 46.365621,
	"numUMIs": 1048573,
	"numBarcodeUMIs": 23730940,
	"medianUMIsPerBarcode": 1.000000,
	"meanUMIsPerBarcode": 25.301964,
	"gtRecords": 13978977,
	"numTargets": 163061,
	"medianTargetsPerSet": 4.000000,
	"meanTargetsPerSet": 4.406347,
	"numSingleton": 8622524,
	"gtTargets": 9601,
	"numBarcodesOnWhitelist": 368315,
	"percentageBarcodesOnWhitelist": 39.269801,
	"numReadsOnWhitelist": 42117033,
	"percentageReadsOnWhitelist": 96.850304
}
