{"ncells": 70373, "ngenes": 60623, "nvals": 10623887, "density": 0.0024902328233743485, "avg_counts_per_cell": 277.10911855399087, "avg_counts_per_gene": 321.67659139270575, "avg_nnzero_per_cell": 150.96538445142312, "avg_nnzero_per_gene": 175.24515447932302, "min_cell": 66, "max_cell": 47456, "total_counts": 19501000, "overdispersion": 10.542956757565303, "s_index": 2158}