{
	"numRecords": 62863768,
	"numReads": 158017499,
	"numBarcodes": 867475,
	"medianReadsPerBarcode": 3.000000,
	"meanReadsPerBarcode": 182.157986,
	"numUMIs": 1048576,
	"numBarcodeUMIs": 36611239,
	"medianUMIsPerBarcode": 1.000000,
	"meanUMIsPerBarcode": 42.204374,
	"gtRecords": 24204034,
	"numTargets": 167125,
	"medianTargetsPerSet": 3.000000,
	"meanTargetsPerSet": 4.625187,
	"numSingleton": 20092618,
	"gtTargets": 7567,
	"numBarcodesOnWhitelist": 278001,
	"percentageBarcodesOnWhitelist": 32.047148,
	"numReadsOnWhitelist": 153343160,
	"percentageReadsOnWhitelist": 97.041885
}
