{"ncells": 5893, "ngenes": 60623, "nvals": 5667813, "density": 0.015865057401506337, "avg_counts_per_cell": 4211.781605294417, "avg_counts_per_gene": 409.41604671494315, "avg_nnzero_per_cell": 961.7873748515187, "avg_nnzero_per_gene": 93.49278326707685, "min_cell": 203, "max_cell": 54819, "total_counts": 24820029, "overdispersion": 4.592656831178821, "s_index": 3068}