{
  "ncells": 651776,
  "ngenes": 63140,
  "nvals": 43285067,
  "density": 0.0010518048084317297,
  "avg_counts_per_cell": 217.1839205493912,
  "avg_counts_per_gene": 2241.9269401330375,
  "avg_nnzero_per_cell": 66.41095560437942,
  "avg_nnzero_per_gene": 685.5411308203991,
  "min_cell": 0,
  "max_cell": 107719,
  "total_counts": 141555267,
  "overdispersion": 145.5243457328149,
  "s_index": 4939
}
