{
  "ncells": 12411,
  "ngenes": 63140,
  "nvals": 23585359,
  "density": 0.030097549541650073,
  "avg_counts_per_cell": 9064.441543791798,
  "avg_counts_per_gene": 1781.735571745328,
  "avg_nnzero_per_cell": 1900.3592780597858,
  "avg_nnzero_per_gene": 373.5406873614191,
  "min_cell": 424,
  "max_cell": 107719,
  "total_counts": 112498784,
  "overdispersion": 2.9372507345329373,
  "s_index": 4939
}
