{
  "ncells": 7877,
  "ngenes": 63140,
  "nvals": 1336590,
  "density": 0.002687402918703061,
  "avg_counts_per_cell": 757.1396470737591,
  "avg_counts_per_gene": 94.4565885334178,
  "avg_nnzero_per_cell": 169.68262028691126,
  "avg_nnzero_per_gene": 21.16867279062401,
  "min_cell": 174,
  "max_cell": 28989,
  "total_counts": 5963989,
  "overdispersion": 0.6023288236725262,
  "s_index": 1129
}
