{
  "ncells": 449852,
  "ngenes": 63140,
  "nvals": 3471841,
  "density": 0.0001222321903915178,
  "avg_counts_per_cell": 36.02312538345945,
  "avg_counts_per_gene": 256.65307253721886,
  "avg_nnzero_per_cell": 7.717740501320434,
  "avg_nnzero_per_gene": 54.986395312005065,
  "min_cell": 0,
  "max_cell": 28989,
  "total_counts": 16205075,
  "overdispersion": 11.29689374358751,
  "s_index": 1129
}
