{
	"numRecords": 36354141,
	"numReads": 135985693,
	"numBarcodes": 554039,
	"medianReadsPerBarcode": 5.000000,
	"meanReadsPerBarcode": 245.444261,
	"numUMIs": 1048550,
	"numBarcodeUMIs": 18050065,
	"medianUMIsPerBarcode": 1.000000,
	"meanUMIsPerBarcode": 32.579051,
	"gtRecords": 10406809,
	"numBarcodesOnWhitelist": 223683,
	"percentageBarcodesOnWhitelist": 40.373151,
	"numReadsOnWhitelist": 132792374,
	"percentageReadsOnWhitelist": 97.651724
}
