{"ncells": 16987, "ngenes": 60623, "nvals": 3600229, "density": 0.003496036956687501, "avg_counts_per_cell": 783.6621534114323, "avg_counts_per_gene": 219.58776372004024, "avg_nnzero_per_cell": 211.9402484252664, "avg_nnzero_per_gene": 59.38717978325058, "min_cell": 39, "max_cell": 129404, "total_counts": 13312069, "overdispersion": 28.889361553557972, "s_index": 1349}