{
  "ncells": 4661,
  "ngenes": 63140,
  "nvals": 13089252,
  "density": 0.044476555777909516,
  "avg_counts_per_cell": 17680.00193091611,
  "avg_counts_per_gene": 1305.1391986062717,
  "avg_nnzero_per_cell": 2808.249731817207,
  "avg_nnzero_per_gene": 207.30522648083624,
  "min_cell": 332,
  "max_cell": 87936,
  "total_counts": 82406489,
  "overdispersion": 1.3728165007062405,
  "s_index": 3735
}
