{
  "ncells": 581095,
  "ngenes": 63140,
  "nvals": 19258780,
  "density": 0.0005249005839774445,
  "avg_counts_per_cell": 155.4154036775398,
  "avg_counts_per_gene": 1430.3312321824517,
  "avg_nnzero_per_cell": 33.14222287233585,
  "avg_nnzero_per_gene": 305.0171048463731,
  "min_cell": 0,
  "max_cell": 87936,
  "total_counts": 90311114,
  "overdispersion": 231.77309126486415,
  "s_index": 3735
}
