{
  "ncells": 1940,
  "ngenes": 63140,
  "nvals": 5786441,
  "density": 0.04723949234069928,
  "avg_counts_per_cell": 10910.419587628867,
  "avg_counts_per_gene": 335.22670256572695,
  "avg_nnzero_per_cell": 2982.701546391753,
  "avg_nnzero_per_gene": 91.6446151409566,
  "min_cell": 507,
  "max_cell": 43420,
  "total_counts": 21166214,
  "overdispersion": 0.3984401490143056,
  "s_index": 1879
}
