{
  "ncells": 315844,
  "ngenes": 63140,
  "nvals": 7824131,
  "density": 0.0003923366726468659,
  "avg_counts_per_cell": 74.08613429414521,
  "avg_counts_per_gene": 370.5996357301235,
  "avg_nnzero_per_cell": 24.772137510923113,
  "avg_nnzero_per_gene": 123.91718403547672,
  "min_cell": 0,
  "max_cell": 43420,
  "total_counts": 23399661,
  "overdispersion": 181.83168570807493,
  "s_index": 1879
}
