{
	"numRecords": 16640139,
	"numReads": 68133690,
	"numBarcodes": 460433,
	"medianReadsPerBarcode": 1.000000,
	"meanReadsPerBarcode": 147.977426,
	"numUMIs": 1039456,
	"numBarcodeUMIs": 8058409,
	"medianUMIsPerBarcode": 1.000000,
	"meanUMIsPerBarcode": 17.501806,
	"gtRecords": 8554189,
	"numTargets": 146149,
	"medianTargetsPerSet": 4.000000,
	"meanTargetsPerSet": 4.718701,
	"numSingleton": 13672285,
	"gtTargets": 6555,
	"numBarcodesOnWhitelist": 128371,
	"percentageBarcodesOnWhitelist": 27.880495,
	"numReadsOnWhitelist": 64662527,
	"percentageReadsOnWhitelist": 94.905365
}
