{
	"numRecords": 50347149,
	"numReads": 248224370,
	"numBarcodes": 946553,
	"medianReadsPerBarcode": 2.000000,
	"meanReadsPerBarcode": 262.240329,
	"numUMIs": 1048557,
	"numBarcodeUMIs": 21298976,
	"medianUMIsPerBarcode": 1.000000,
	"meanUMIsPerBarcode": 22.501620,
	"gtRecords": 15764231,
	"numBarcodesOnWhitelist": 215008,
	"percentageBarcodesOnWhitelist": 22.714840,
	"numReadsOnWhitelist": 241033620,
	"percentageReadsOnWhitelist": 97.103125
}
