{
  "ncells": 3867,
  "ngenes": 60623,
  "nvals": 3845312,
  "density": 0.016402875442861432,
  "avg_per_cell": 3025.70468063098,
  "avg_per_gene": 193.00265575771573,
  "min_cell": 207,
  "max_cell": 57966,
  "total_counts": 11700400,
  "overdispersion": 5.142003657913051
}
