{"ncells": 8288, "ngenes": 60623, "nvals": 4304631, "density": 0.008567394445588366, "avg_per_cell": 1493.08819980695, "avg_per_gene": 204.12574435445293, "min_cell": 78, "max_cell": 57966, "total_count": 12374715, "overdispersion": 11.380040397514861, "s_index": 2159}