{
	"numRecords": 127910716,
	"numReads": 253330317,
	"numBarcodes": 1427562,
	"medianReadsPerBarcode": 3.000000,
	"meanReadsPerBarcode": 177.456613,
	"numUMIs": 1048576,
	"numBarcodeUMIs": 78972827,
	"medianUMIsPerBarcode": 1.000000,
	"meanUMIsPerBarcode": 55.320068,
	"gtRecords": 55564222,
	"numBarcodesOnWhitelist": 481189,
	"percentageBarcodesOnWhitelist": 33.707047,
	"numReadsOnWhitelist": 244189559,
	"percentageReadsOnWhitelist": 96.391763
}
