{"ncells": 7791, "ngenes": 60623, "nvals": 17897449, "density": 0.0378931322041658, "avg_counts_per_cell": 7521.757797458606, "avg_counts_per_gene": 966.663065173284, "avg_nnzero_per_cell": 2297.195353613143, "avg_nnzero_per_gene": 295.2253930026558, "min_cell": 184, "max_cell": 43029, "total_counts": 58602015, "overdispersion": 0.676682773499112, "s_index": 5239}