{
  "ncells": 2193,
  "ngenes": 63140,
  "nvals": 4678890,
  "density": 0.03379088963487215,
  "avg_counts_per_cell": 9929.241678066575,
  "avg_counts_per_gene": 344.86580614507443,
  "avg_nnzero_per_cell": 2133.556771545828,
  "avg_nnzero_per_gene": 74.10342096927462,
  "min_cell": 230,
  "max_cell": 35829,
  "total_counts": 21774827,
  "overdispersion": 0.24495141031443046,
  "s_index": 2113
}
