{
  "ncells": 291630,
  "ngenes": 63140,
  "nvals": 8632485,
  "density": 0.00046881236416840754,
  "avg_counts_per_cell": 89.88743270582587,
  "avg_counts_per_gene": 415.17060500475134,
  "avg_nnzero_per_cell": 29.60081267359325,
  "avg_nnzero_per_gene": 136.71974976243268,
  "min_cell": 0,
  "max_cell": 35829,
  "total_counts": 26213872,
  "overdispersion": 113.04756864053891,
  "s_index": 2113
}
