{
	"numRecords": 36290132,
	"numReads": 325923564,
	"numBarcodes": 974223,
	"medianReadsPerBarcode": 2.000000,
	"meanReadsPerBarcode": 334.547187,
	"numUMIs": 1047219,
	"numBarcodeUMIs": 20144388,
	"medianUMIsPerBarcode": 1.000000,
	"meanUMIsPerBarcode": 20.677389,
	"gtRecords": 13868096,
	"numBarcodesOnWhitelist": 170093,
	"percentageBarcodesOnWhitelist": 17.459350,
	"numReadsOnWhitelist": 310875663,
	"percentageReadsOnWhitelist": 95.382997
}
