{"ncells": 10491, "ngenes": 60623, "nvals": 1575701, "density": 0.0024775332943855976, "avg_counts_per_cell": 238.5581927366314, "avg_counts_per_gene": 41.28324233376771, "avg_nnzero_per_cell": 150.19550090553807, "avg_nnzero_per_gene": 25.991801791399304, "min_cell": 84, "max_cell": 3488, "total_counts": 2502714, "overdispersion": 3.549702273545008, "s_index": 534}