{
	"numRecords": 1640123,
	"numReads": 20531408,
	"numBarcodes": 291054,
	"medianReadsPerBarcode": 1.000000,
	"meanReadsPerBarcode": 70.541576,
	"numUMIs": 603795,
	"numBarcodeUMIs": 1163849,
	"medianUMIsPerBarcode": 1.000000,
	"meanUMIsPerBarcode": 3.998739,
	"gtRecords": 1084265,
	"numTargets": 120873,
	"medianTargetsPerSet": 1.000000,
	"meanTargetsPerSet": 1.136696,
	"numSingleton": 19612117,
	"gtTargets": 15417,
	"numBarcodesOnWhitelist": 36924,
	"percentageBarcodesOnWhitelist": 12.686306,
	"numReadsOnWhitelist": 19606869,
	"percentageReadsOnWhitelist": 95.496953
}
