{
  "ncells": 1987,
  "ngenes": 60623,
  "nvals": 271153,
  "density": 0.002251018801996226,
  "avg_per_cell": 224.66431806743836,
  "avg_per_gene": 7.363673853158042,
  "min_cell": 104,
  "max_cell": 1823,
  "total_counts": 446408,
  "overdispersion": 3.965342155940234
}
