{
	"numRecords": 6968826,
	"numReads": 16276665,
	"numBarcodes": 1345846,
	"medianReadsPerBarcode": 3.000000,
	"meanReadsPerBarcode": 12.094003,
	"numUMIs": 1033314,
	"numBarcodeUMIs": 6038193,
	"medianUMIsPerBarcode": 1.000000,
	"meanUMIsPerBarcode": 4.486541,
	"gtRecords": 3189700,
	"numBarcodesOnWhitelist": 141962,
	"percentageBarcodesOnWhitelist": 10.548161,
	"numReadsOnWhitelist": 8887439,
	"percentageReadsOnWhitelist": 54.602334
}
