{
	"numRecords": 38291566,
	"numReads": 47765372,
	"numBarcodes": 1385818,
	"medianReadsPerBarcode": 1.000000,
	"meanReadsPerBarcode": 34.467276,
	"numUMIs": 1048574,
	"numBarcodeUMIs": 34141397,
	"medianUMIsPerBarcode": 1.000000,
	"meanUMIsPerBarcode": 24.636278,
	"gtRecords": 26125690,
	"numBarcodesOnWhitelist": 387475,
	"percentageBarcodesOnWhitelist": 27.960021,
	"numReadsOnWhitelist": 45714394,
	"percentageReadsOnWhitelist": 95.706140
}
