{"ncells": 8802, "ngenes": 60623, "nvals": 9094883, "density": 0.017044266972643586, "avg_counts_per_cell": 1999.982390365826, "avg_counts_per_gene": 290.3822806525576, "avg_nnzero_per_cell": 1033.274596682572, "avg_nnzero_per_gene": 150.02363789320884, "min_cell": 365, "max_cell": 25558, "total_counts": 17603845, "overdispersion": 1.3125954368696537, "s_index": 2288}