{
	"numRecords": 78894770,
	"numReads": 213550665,
	"numBarcodes": 1033683,
	"medianReadsPerBarcode": 4.000000,
	"meanReadsPerBarcode": 206.592026,
	"numUMIs": 1048576,
	"numBarcodeUMIs": 38664063,
	"medianUMIsPerBarcode": 1.000000,
	"meanUMIsPerBarcode": 37.404178,
	"gtRecords": 30461028,
	"numBarcodesOnWhitelist": 304608,
	"percentageBarcodesOnWhitelist": 29.468222,
	"numReadsOnWhitelist": 206587071,
	"percentageReadsOnWhitelist": 96.739137
}
