{"ncells": 869, "ngenes": 60623, "nvals": 1461625, "density": 0.027744618796767824, "avg_per_cell": 8385.983889528194, "avg_per_gene": 120.20883163155898, "min_cell": 5118, "max_cell": 51417, "total_count": 7287420, "overdispersion": 2.1472434899870576, "s_index": 869}