{"ncells": 869, "ngenes": 60623, "nvals": 1461625, "density": 0.027744618796767824, "avg_counts_per_cell": 8385.983889528194, "avg_counts_per_gene": 120.20883163155898, "avg_nnzero_per_cell": 1681.9620253164558, "avg_nnzero_per_gene": 24.11007373439124, "min_cell": 5118, "max_cell": 51417, "total_counts": 7287420, "overdispersion": 2.1472434899870576, "s_index": 869}