{
	"numRecords": 55496006,
	"numReads": 139377841,
	"numBarcodes": 982763,
	"medianReadsPerBarcode": 3.000000,
	"meanReadsPerBarcode": 141.822434,
	"numUMIs": 1048576,
	"numBarcodeUMIs": 35369309,
	"medianUMIsPerBarcode": 1.000000,
	"meanUMIsPerBarcode": 35.989663,
	"gtRecords": 21703200,
	"numBarcodesOnWhitelist": 229807,
	"percentageBarcodesOnWhitelist": 23.383766,
	"numReadsOnWhitelist": 135899397,
	"percentageReadsOnWhitelist": 97.504306
}
