{
  "ncells": 418699,
  "ngenes": 63140,
  "nvals": 2679764,
  "density": 0.00010136547207622016,
  "avg_counts_per_cell": 10.421890188416977,
  "avg_counts_per_gene": 69.11046879949319,
  "avg_nnzero_per_cell": 6.400215906892541,
  "avg_nnzero_per_gene": 42.4416217928413,
  "min_cell": 0,
  "max_cell": 24956,
  "total_counts": 4363635,
  "overdispersion": 236.33456060553286,
  "s_index": 989
}
