{
  "ncells": 2766,
  "ngenes": 63140,
  "nvals": 1606829,
  "density": 0.009200531317085996,
  "avg_counts_per_cell": 1085.4880694143167,
  "avg_counts_per_gene": 47.55242318656953,
  "avg_nnzero_per_cell": 580.9215473608099,
  "avg_nnzero_per_gene": 25.448669623059867,
  "min_cell": 149,
  "max_cell": 24975,
  "total_counts": 3002460,
  "overdispersion": 1.9731442878404588,
  "s_index": 989
}
