{
  "ncells": 2045,
  "ngenes": 63140,
  "nvals": 2715533,
  "density": 0.02103086787385195,
  "avg_counts_per_cell": 3709.4929095354523,
  "avg_counts_per_gene": 120.14433006018372,
  "avg_nnzero_per_cell": 1327.8889975550123,
  "avg_nnzero_per_gene": 43.00812480202724,
  "min_cell": 150,
  "max_cell": 41827,
  "total_counts": 7585913,
  "overdispersion": 2.331245646479104,
  "s_index": 1406
}
