{
  "ncells": 263084,
  "ngenes": 63140,
  "nvals": 4711794,
  "density": 0.0002836529345080263,
  "avg_counts_per_cell": 38.17227197397029,
  "avg_counts_per_gene": 159.05153626860945,
  "avg_nnzero_per_cell": 17.90984628483678,
  "avg_nnzero_per_gene": 74.6245486221096,
  "min_cell": 0,
  "max_cell": 41827,
  "total_counts": 10042514,
  "overdispersion": 241.82631429701865,
  "s_index": 1406
}
