{
  "ncells": 351254,
  "ngenes": 63140,
  "nvals": 3177473,
  "density": 0.0001432702480356551,
  "avg_counts_per_cell": 13.572016261736522,
  "avg_counts_per_gene": 75.50245486221095,
  "avg_nnzero_per_cell": 9.046083460971262,
  "avg_nnzero_per_gene": 50.324247703515994,
  "min_cell": 0,
  "max_cell": 7325,
  "total_counts": 4767225,
  "overdispersion": 195.6431235224209,
  "s_index": 889
}
