{
  "ncells": 3824,
  "ngenes": 63140,
  "nvals": 1247720,
  "density": 0.005167668845084908,
  "avg_counts_per_cell": 683.7455543933054,
  "avg_counts_per_gene": 41.410247070003166,
  "avg_nnzero_per_cell": 326.28661087866107,
  "avg_nnzero_per_gene": 19.76116566360469,
  "min_cell": 78,
  "max_cell": 7325,
  "total_counts": 2614643,
  "overdispersion": 2.1094476897473298,
  "s_index": 889
}
