{
  "ncells": 4822,
  "ngenes": 60623,
  "nvals": 8883306,
  "density": 0.03038855098730722,
  "avg_per_cell": 5595.877644131066,
  "avg_per_gene": 445.1004074361216,
  "min_cell": 623,
  "max_cell": 57735,
  "total_counts": 26983322,
  "overdispersion": 1.1114499523748538
}
