{"ncells": 2582, "ngenes": 60623, "nvals": 6815869, "density": 0.04354392494160779, "avg_per_cell": 8882.728892331526, "avg_per_gene": 378.32515711858537, "min_cell": 3497, "max_cell": 57735, "total_count": 22935206, "overdispersion": 0.654952253384367, "s_index": 2582}