{
	"numRecords": 191639604,
	"numReads": 295860156,
	"numBarcodes": 1747707,
	"medianReadsPerBarcode": 2.000000,
	"meanReadsPerBarcode": 169.284758,
	"numUMIs": 1048576,
	"numBarcodeUMIs": 133029142,
	"medianUMIsPerBarcode": 1.000000,
	"meanUMIsPerBarcode": 76.116387,
	"gtRecords": 103464708,
	"numTargets": 189013,
	"medianTargetsPerSet": 4.000000,
	"meanTargetsPerSet": 6.426190,
	"numSingleton": 42952272,
	"gtTargets": 6987,
	"numBarcodesOnWhitelist": 556524,
	"percentageBarcodesOnWhitelist": 31.843095,
	"numReadsOnWhitelist": 284116102,
	"percentageReadsOnWhitelist": 96.030539
}
