{
  "ncells": 3462,
  "ngenes": 60623,
  "nvals": 12657332,
  "density": 0.06030838297506939,
  "avg_per_cell": 8893.977180820335,
  "avg_per_gene": 507.9086980189037,
  "min_cell": 2581,
  "max_cell": 29904,
  "total_counts": 30790949,
  "overdispersion": 0.31674048467741167
}
