{
	"numRecords": 92008887,
	"numReads": 283851890,
	"numBarcodes": 1399794,
	"medianReadsPerBarcode": 4.000000,
	"meanReadsPerBarcode": 202.781188,
	"numUMIs": 1048572,
	"numBarcodeUMIs": 47560136,
	"medianUMIsPerBarcode": 1.000000,
	"meanUMIsPerBarcode": 33.976525,
	"gtRecords": 30192189,
	"numBarcodesOnWhitelist": 385632,
	"percentageBarcodesOnWhitelist": 27.549197,
	"numReadsOnWhitelist": 275212316,
	"percentageReadsOnWhitelist": 96.956309
}
