{"ncells": 2398, "ngenes": 60623, "nvals": 6247159, "density": 0.04297302802949145, "avg_counts_per_cell": 10963.125521267722, "avg_counts_per_gene": 433.65678042986985, "avg_nnzero_per_cell": 2605.15387823186, "avg_nnzero_per_gene": 103.04932121472048, "min_cell": 104, "max_cell": 57736, "total_counts": 26289575, "overdispersion": 1.3764562825639506, "s_index": 1515}