{
  "ncells": 79,
  "ngenes": 60623,
  "nvals": 8383,
  "density": 0.001750390512687147,
  "avg_per_cell": 197.29113924050634,
  "avg_per_gene": 0.257097141348993,
  "min_cell": 63,
  "max_cell": 456,
  "total_counts": 15586,
  "overdispersion": 0.7268874143963728
}
