{"ncells": 6, "ngenes": 60623, "nvals": 1241, "density": 0.003411796402905388, "avg_per_cell": 383.8333333333333, "avg_per_gene": 0.037988882107450966, "min_cell": 341, "max_cell": 456, "total_count": 2303, "overdispersion": 0.38616228858301815, "s_index": 6}