{
	"numRecords": 71631684,
	"numReads": 514174905,
	"numBarcodes": 1311349,
	"medianReadsPerBarcode": 2.000000,
	"meanReadsPerBarcode": 392.096158,
	"numUMIs": 1048563,
	"numBarcodeUMIs": 24997451,
	"medianUMIsPerBarcode": 1.000000,
	"meanUMIsPerBarcode": 19.062394,
	"gtRecords": 25559570,
	"numTargets": 181326,
	"medianTargetsPerSet": 4.000000,
	"meanTargetsPerSet": 5.248843,
	"numSingleton": 85637916,
	"gtTargets": 5948,
	"numBarcodesOnWhitelist": 186740,
	"percentageBarcodesOnWhitelist": 14.240298,
	"numReadsOnWhitelist": 499033808,
	"percentageReadsOnWhitelist": 97.055263
}
