{
	"numRecords": 75778067,
	"numReads": 273849054,
	"numBarcodes": 886404,
	"medianReadsPerBarcode": 6.000000,
	"meanReadsPerBarcode": 308.943838,
	"numUMIs": 1048516,
	"numBarcodeUMIs": 30626540,
	"medianUMIsPerBarcode": 1.000000,
	"meanUMIsPerBarcode": 34.551446,
	"gtRecords": 26711669,
	"numBarcodesOnWhitelist": 288226,
	"percentageBarcodesOnWhitelist": 32.516324,
	"numReadsOnWhitelist": 264469591,
	"percentageReadsOnWhitelist": 96.574951
}
