{
  "ncells": 4495,
  "ngenes": 60623,
  "nvals": 6045171,
  "density": 0.022184082418819334,
  "avg_per_cell": 4468.23426028921,
  "avg_per_gene": 331.30516470646455,
  "min_cell": 55,
  "max_cell": 29133,
  "total_counts": 20084713,
  "overdispersion": 0.9947298295640489
}
