{"ncells": 4495, "ngenes": 60623, "nvals": 6045171, "density": 0.022184082418819334, "avg_counts_per_cell": 4468.23426028921, "avg_counts_per_gene": 331.30516470646455, "avg_nnzero_per_cell": 1344.8656284760846, "avg_nnzero_per_gene": 99.71745047259292, "min_cell": 55, "max_cell": 29133, "total_counts": 20084713, "overdispersion": 0.9947298295640489, "s_index": 2990}