{
  "ncells": 99092,
  "ngenes": 63140,
  "nvals": 1257733,
  "density": 0.0002010227845076564,
  "avg_counts_per_cell": 18.113611593266864,
  "avg_counts_per_gene": 28.427526132404182,
  "avg_nnzero_per_cell": 12.692578613813426,
  "avg_nnzero_per_gene": 19.91974976243269,
  "min_cell": 0,
  "max_cell": 27762,
  "total_counts": 1794914,
  "overdispersion": 226.9001190003297,
  "s_index": 417
}
