{
  "ncells": 308,
  "ngenes": 63140,
  "nvals": 251795,
  "density": 0.012947675542702467,
  "avg_counts_per_cell": 2237.590909090909,
  "avg_counts_per_gene": 10.915077605321509,
  "avg_nnzero_per_cell": 817.5162337662338,
  "avg_nnzero_per_gene": 3.98788406715236,
  "min_cell": 329,
  "max_cell": 27762,
  "total_counts": 689178,
  "overdispersion": 0.3127703265344326,
  "s_index": 308
}
