{
  "ncells": 488121,
  "ngenes": 63140,
  "nvals": 17207404,
  "density": 0.0005583201286925489,
  "avg_counts_per_cell": 114.27550545868749,
  "avg_counts_per_gene": 883.4379790940767,
  "avg_nnzero_per_cell": 35.252332925647536,
  "avg_nnzero_per_gene": 272.52777953753565,
  "min_cell": 0,
  "max_cell": 53601,
  "total_counts": 55780274,
  "overdispersion": 147.71665050968244,
  "s_index": 4051
}
