{
  "ncells": 5724,
  "ngenes": 63140,
  "nvals": 13421445,
  "density": 0.037135995747362524,
  "avg_counts_per_cell": 9023.857966457022,
  "avg_counts_per_gene": 818.0640323091543,
  "avg_nnzero_per_cell": 2344.7667714884697,
  "avg_nnzero_per_gene": 212.56643965790306,
  "min_cell": 278,
  "max_cell": 53601,
  "total_counts": 51652563,
  "overdispersion": 0.9999259469094173,
  "s_index": 4051
}
