{
  "ncells": 8197,
  "ngenes": 63140,
  "nvals": 6603849,
  "density": 0.012759616505633044,
  "avg_counts_per_cell": 2180.2165426375504,
  "avg_counts_per_gene": 283.041415901172,
  "avg_nnzero_per_cell": 805.6421861656704,
  "avg_nnzero_per_gene": 104.59057649667406,
  "min_cell": 155,
  "max_cell": 99095,
  "total_counts": 17871235,
  "overdispersion": 3.3442781811412665,
  "s_index": 2352
}
