{
  "ncells": 335494,
  "ngenes": 63140,
  "nvals": 14448700,
  "density": 0.0006820864759947528,
  "avg_counts_per_cell": 81.9495639266276,
  "avg_counts_per_gene": 435.43850174216027,
  "avg_nnzero_per_cell": 43.06694009430869,
  "avg_nnzero_per_gene": 228.8359201773836,
  "min_cell": 0,
  "max_cell": 99095,
  "total_counts": 27493587,
  "overdispersion": 96.9923859767732,
  "s_index": 2352
}
