{
  "ncells": 114204,
  "ngenes": 63140,
  "nvals": 565697,
  "density": 0.00007845090947344425,
  "avg_counts_per_cell": 6.787529333473434,
  "avg_counts_per_gene": 12.276892619575547,
  "avg_nnzero_per_cell": 4.95339042415327,
  "avg_nnzero_per_gene": 8.959407665505227,
  "min_cell": 0,
  "max_cell": 4973,
  "total_counts": 775163,
  "overdispersion": 123.98989270623605,
  "s_index": 376
}
