{
  "ncells": 1358,
  "ngenes": 63140,
  "nvals": 281943,
  "density": 0.0032881904904966076,
  "avg_counts_per_cell": 348.24153166421206,
  "avg_counts_per_gene": 7.489895470383275,
  "avg_nnzero_per_cell": 207.61634756995582,
  "avg_nnzero_per_gene": 4.465362686094394,
  "min_cell": 71,
  "max_cell": 4973,
  "total_counts": 472912,
  "overdispersion": 1.4402647380700144,
  "s_index": 376
}
