{
  "ncells": 8013,
  "ngenes": 60623,
  "nvals": 836519,
  "density": 0.0017220400301335545,
  "avg_per_cell": 148.30063646574317,
  "avg_per_gene": 19.60201573660162,
  "min_cell": 1,
  "max_cell": 1174,
  "total_counts": 1188333,
  "overdispersion": 3.646050570601454
}
