{"ncells": 8884, "ngenes": 60623, "nvals": 900290, "density": 0.0016716157415272129, "avg_per_cell": 142.70565060783431, "avg_per_gene": 20.912805370898834, "min_cell": 81, "max_cell": 1174, "total_count": 1267797, "overdispersion": 3.8722111019081167, "s_index": 310}