{
	"numRecords": 73157123,
	"numReads": 95070250,
	"numBarcodes": 1188319,
	"medianReadsPerBarcode": 2.000000,
	"meanReadsPerBarcode": 80.003980,
	"numUMIs": 1048576,
	"numBarcodeUMIs": 65416942,
	"medianUMIsPerBarcode": 1.000000,
	"meanUMIsPerBarcode": 55.049984,
	"gtRecords": 46415021,
	"numBarcodesOnWhitelist": 416750,
	"percentageBarcodesOnWhitelist": 35.070549,
	"numReadsOnWhitelist": 92366388,
	"percentageReadsOnWhitelist": 97.155933
}
