{
  "ncells": 5598,
  "ngenes": 63140,
  "nvals": 3209391,
  "density": 0.00907998557790731,
  "avg_counts_per_cell": 1094.7902822436583,
  "avg_counts_per_gene": 97.06423820082357,
  "avg_nnzero_per_cell": 573.3102893890675,
  "avg_nnzero_per_gene": 50.82975926512512,
  "min_cell": 122,
  "max_cell": 8673,
  "total_counts": 6128636,
  "overdispersion": 0.6171854517013058,
  "s_index": 1411
}
