{
  "ncells": 223396,
  "ngenes": 63140,
  "nvals": 3932717,
  "density": 0.00027881281120634274,
  "avg_counts_per_cell": 31.134545828931582,
  "avg_counts_per_gene": 110.15731707317073,
  "avg_nnzero_per_cell": 17.60424089956848,
  "avg_nnzero_per_gene": 62.285666772252135,
  "min_cell": 0,
  "max_cell": 8673,
  "total_counts": 6955333,
  "overdispersion": 51.61159184709286,
  "s_index": 1411
}
