{
	"numRecords": 6833602,
	"numReads": 6967051,
	"numBarcodes": 234460,
	"medianReadsPerBarcode": 1.000000,
	"meanReadsPerBarcode": 29.715308,
	"numUMIs": 1041722,
	"numBarcodeUMIs": 6743065,
	"medianUMIsPerBarcode": 1.000000,
	"meanUMIsPerBarcode": 28.759980,
	"gtRecords": 6579476,
	"numTargets": 138716,
	"medianTargetsPerSet": 4.000000,
	"meanTargetsPerSet": 4.882507,
	"numSingleton": 1094021,
	"gtTargets": 14006,
	"numBarcodesOnWhitelist": 110341,
	"percentageBarcodesOnWhitelist": 47.061759,
	"numReadsOnWhitelist": 6804361,
	"percentageReadsOnWhitelist": 97.664866
}
