{
  "ncells": 152,
  "ngenes": 63140,
  "nvals": 374065,
  "density": 0.03897614740843239,
  "avg_counts_per_cell": 10115.868421052632,
  "avg_counts_per_gene": 24.352423186569528,
  "avg_nnzero_per_cell": 2460.9539473684213,
  "avg_nnzero_per_gene": 5.924374406081723,
  "min_cell": 585,
  "max_cell": 90247,
  "total_counts": 1537612,
  "overdispersion": 5.767709904760935,
  "s_index": 152
}
