{
  "ncells": 66406,
  "ngenes": 63140,
  "nvals": 576042,
  "density": 0.00013738592778982165,
  "avg_counts_per_cell": 26.618392916302742,
  "avg_counts_per_gene": 27.995264491605955,
  "avg_nnzero_per_cell": 8.67454748064934,
  "avg_nnzero_per_gene": 9.123249920810897,
  "min_cell": 0,
  "max_cell": 90247,
  "total_counts": 1767621,
  "overdispersion": 2120.4308272958733,
  "s_index": 186
}
