{
	"numRecords": 16820898,
	"numReads": 26611520,
	"numBarcodes": 520537,
	"medianReadsPerBarcode": 2.000000,
	"meanReadsPerBarcode": 51.123205,
	"numUMIs": 1046006,
	"numBarcodeUMIs": 13474818,
	"medianUMIsPerBarcode": 1.000000,
	"meanUMIsPerBarcode": 25.886379,
	"gtRecords": 8801462,
	"numTargets": 168167,
	"medianTargetsPerSet": 3.000000,
	"meanTargetsPerSet": 4.260377,
	"numSingleton": 5898753,
	"gtTargets": 10283,
	"numBarcodesOnWhitelist": 239968,
	"percentageBarcodesOnWhitelist": 46.100085,
	"numReadsOnWhitelist": 25530406,
	"percentageReadsOnWhitelist": 95.937421
}
