{
  "ncells": 3683,
  "ngenes": 60623,
  "nvals": 4463600,
  "density": 0.0199915342776546,
  "avg_per_cell": 2664.058104805865,
  "avg_per_gene": 161.84824241624466,
  "min_cell": 68,
  "max_cell": 13557,
  "total_counts": 9811726,
  "overdispersion": 0.4707786416923646
}
