{
	"numRecords": 5515336,
	"numReads": 13702492,
	"numBarcodes": 1153468,
	"medianReadsPerBarcode": 3.000000,
	"meanReadsPerBarcode": 11.879386,
	"numUMIs": 1013008,
	"numBarcodeUMIs": 4784153,
	"medianUMIsPerBarcode": 1.000000,
	"meanUMIsPerBarcode": 4.147625,
	"gtRecords": 2334636,
	"numBarcodesOnWhitelist": 115172,
	"percentageBarcodesOnWhitelist": 9.984846,
	"numReadsOnWhitelist": 7433651,
	"percentageReadsOnWhitelist": 54.250358
}
