{"ncells": 1378, "ngenes": 60623, "nvals": 592378, "density": 0.007091078275842512, "avg_counts_per_cell": 901.1894049346879, "avg_counts_per_gene": 20.484618049255232, "avg_nnzero_per_cell": 429.88243831640057, "avg_nnzero_per_gene": 9.771505864110981, "min_cell": 596, "max_cell": 6268, "total_counts": 1241839, "overdispersion": 2.073272399589211, "s_index": 751}