{
  "ncells": 6109,
  "ngenes": 63140,
  "nvals": 24438121,
  "density": 0.06335678163868479,
  "avg_counts_per_cell": 28113.60648223932,
  "avg_counts_per_gene": 2720.082705099778,
  "avg_nnzero_per_cell": 4000.3471926665575,
  "avg_nnzero_per_gene": 387.04657903072535,
  "min_cell": 0,
  "max_cell": 261195,
  "total_counts": 171746022,
  "overdispersion": 0.826539163788546,
  "s_index": 4756
}
