{
  "ncells": 2558492,
  "ngenes": 63140,
  "nvals": 41962849,
  "density": 0.0002597624222350914,
  "avg_counts_per_cell": 76.35275935981039,
  "avg_counts_per_gene": 3093.8853975293,
  "avg_nnzero_per_cell": 16.401399339923675,
  "avg_nnzero_per_gene": 664.6000791891036,
  "min_cell": 0,
  "max_cell": 261145,
  "total_counts": 195347924,
  "overdispersion": 584.9472307799225,
  "s_index": 4756
}
