{
  "ncells": 251536,
  "ngenes": 63140,
  "nvals": 4499176,
  "density": 0.00028328804965151253,
  "avg_counts_per_cell": 56.789238916099485,
  "avg_counts_per_gene": 226.23595185302503,
  "avg_nnzero_per_cell": 17.8868074549965,
  "avg_nnzero_per_gene": 71.25714285714285,
  "min_cell": 0,
  "max_cell": 169860,
  "total_counts": 14284538,
  "overdispersion": 333.64080192246865,
  "s_index": 1306
}
