{
  "ncells": 1987,
  "ngenes": 63140,
  "nvals": 2552339,
  "density": 0.0203439796115358,
  "avg_counts_per_cell": 5901.837443381983,
  "avg_counts_per_gene": 185.7293474817865,
  "avg_nnzero_per_cell": 1284.5188726723704,
  "avg_nnzero_per_gene": 40.42348748812164,
  "min_cell": 128,
  "max_cell": 169860,
  "total_counts": 11726951,
  "overdispersion": 4.03690099199867,
  "s_index": 1305
}
