{
  "ncells": 4321,
  "ngenes": 63140,
  "nvals": 4162420,
  "density": 0.015256575261316711,
  "avg_counts_per_cell": 2914.707012265679,
  "avg_counts_per_gene": 199.46862527716186,
  "avg_nnzero_per_cell": 963.3001619995372,
  "avg_nnzero_per_gene": 65.92366170414951,
  "min_cell": 224,
  "max_cell": 35601,
  "total_counts": 12594449,
  "overdispersion": 0.35981441689303173,
  "s_index": 2453
}
