{
  "ncells": 451588,
  "ngenes": 63140,
  "nvals": 6065034,
  "density": 0.00021270919760412772,
  "avg_counts_per_cell": 32.36029079603532,
  "avg_counts_per_gene": 231.4462939499525,
  "avg_nnzero_per_cell": 13.430458736724626,
  "avg_nnzero_per_gene": 96.05692112765284,
  "min_cell": 0,
  "max_cell": 35601,
  "total_counts": 14613519,
  "overdispersion": 118.90436354943908,
  "s_index": 2453
}
