{
	"numRecords": 13010915,
	"numReads": 67894264,
	"numBarcodes": 1791602,
	"medianReadsPerBarcode": 4.000000,
	"meanReadsPerBarcode": 37.895841,
	"numUMIs": 1046126,
	"numBarcodeUMIs": 10929326,
	"medianUMIsPerBarcode": 1.000000,
	"meanUMIsPerBarcode": 6.100309,
	"gtRecords": 5336145,
	"numBarcodesOnWhitelist": 150458,
	"percentageBarcodesOnWhitelist": 8.397959,
	"numReadsOnWhitelist": 38043722,
	"percentageReadsOnWhitelist": 56.033779
}
