{
	"numRecords": 50701829,
	"numReads": 102107011,
	"numBarcodes": 790935,
	"medianReadsPerBarcode": 2.000000,
	"meanReadsPerBarcode": 129.096589,
	"numUMIs": 1048575,
	"numBarcodeUMIs": 33044441,
	"medianUMIsPerBarcode": 1.000000,
	"meanUMIsPerBarcode": 41.778959,
	"gtRecords": 22750117,
	"numTargets": 175136,
	"medianTargetsPerSet": 4.000000,
	"meanTargetsPerSet": 5.037231,
	"numSingleton": 16007959,
	"gtTargets": 8368,
	"numBarcodesOnWhitelist": 229806,
	"percentageBarcodesOnWhitelist": 29.054979,
	"numReadsOnWhitelist": 98908353,
	"percentageReadsOnWhitelist": 96.867347
}
