{
  "ncells": 22537,
  "ngenes": 63140,
  "nvals": 35697619,
  "density": 0.02508641299664625,
  "avg_counts_per_cell": 6437.970759195989,
  "avg_counts_per_gene": 2297.9497465948684,
  "avg_nnzero_per_cell": 1583.9561166082442,
  "avg_nnzero_per_gene": 565.3724897054166,
  "min_cell": 0,
  "max_cell": 66979,
  "total_counts": 145092547,
  "overdispersion": 3.6288019970906924,
  "s_index": 7353
}
