{
  "ncells": 612086,
  "ngenes": 63140,
  "nvals": 39784479,
  "density": 0.0010294295992332367,
  "avg_counts_per_cell": 248.0891394346546,
  "avg_counts_per_gene": 2405.0029933481155,
  "avg_nnzero_per_cell": 64.99818489558656,
  "avg_nnzero_per_gene": 630.099445676275,
  "min_cell": 0,
  "max_cell": 66979,
  "total_counts": 151851889,
  "overdispersion": 114.47831299207246,
  "s_index": 7353
}
