{
	"numRecords": 221062654,
	"numReads": 371539198,
	"numBarcodes": 3125313,
	"medianReadsPerBarcode": 2.000000,
	"meanReadsPerBarcode": 118.880636,
	"numUMIs": 1048576,
	"numBarcodeUMIs": 140028234,
	"medianUMIsPerBarcode": 1.000000,
	"meanUMIsPerBarcode": 44.804547,
	"gtRecords": 117756990,
	"numTargets": 189600,
	"medianTargetsPerSet": 4.000000,
	"meanTargetsPerSet": 5.466076,
	"numSingleton": 69658246,
	"gtTargets": 5166,
	"numBarcodesOnWhitelist": 614242,
	"percentageBarcodesOnWhitelist": 19.653775,
	"numReadsOnWhitelist": 358774304,
	"percentageReadsOnWhitelist": 96.564321
}
