{
  "ncells": 629150,
  "ngenes": 63140,
  "nvals": 6147442,
  "density": 0.00015475178297259194,
  "avg_counts_per_cell": 14.053122466820312,
  "avg_counts_per_gene": 140.0304402914159,
  "avg_nnzero_per_cell": 9.771027576889454,
  "avg_nnzero_per_gene": 97.3620842572062,
  "min_cell": 0,
  "max_cell": 13118,
  "total_counts": 8841522,
  "overdispersion": 117.24540952494553,
  "s_index": 1233
}
