{
  "ncells": 5507,
  "ngenes": 63140,
  "nvals": 3340420,
  "density": 0.009606859102179913,
  "avg_counts_per_cell": 998.3188668966769,
  "avg_counts_per_gene": 87.0722521381058,
  "avg_nnzero_per_cell": 606.5770837116397,
  "avg_nnzero_per_gene": 52.90497307570478,
  "min_cell": 167,
  "max_cell": 13120,
  "total_counts": 5497742,
  "overdispersion": 1.419410089422141,
  "s_index": 1234
}
