{
  "ncells": 198873,
  "ngenes": 63140,
  "nvals": 1988216,
  "density": 0.00015833727329714534,
  "avg_counts_per_cell": 21.757282285679807,
  "avg_counts_per_gene": 68.52923661704149,
  "avg_nnzero_per_cell": 9.997415435981758,
  "avg_nnzero_per_gene": 31.489008552423186,
  "min_cell": 0,
  "max_cell": 12045,
  "total_counts": 4326936,
  "overdispersion": 769.3875056131778,
  "s_index": 1020
}
