{
  "ncells": 3771,
  "ngenes": 63140,
  "nvals": 1163783,
  "density": 0.004887771547646977,
  "avg_counts_per_cell": 855.5123309466985,
  "avg_counts_per_gene": 51.09497941083307,
  "avg_nnzero_per_cell": 308.6138955184301,
  "avg_nnzero_per_gene": 18.43178650617675,
  "min_cell": 82,
  "max_cell": 12045,
  "total_counts": 3226137,
  "overdispersion": 18.15968847150972,
  "s_index": 1020
}
