{"ncells": 2893, "ngenes": 60623, "nvals": 13505179, "density": 0.0770042130638935, "avg_counts_per_cell": 12023.957137919115, "avg_counts_per_gene": 573.7972056810122, "avg_nnzero_per_cell": 4668.226408572416, "avg_nnzero_per_gene": 222.77318839384392, "min_cell": 8210, "max_cell": 35002, "total_counts": 34785308, "overdispersion": 0.2926961077492409, "s_index": 2893}