{"ncells": 2893, "ngenes": 60623, "nvals": 13505179, "density": 0.0770042130638935, "avg_per_cell": 12023.957137919115, "avg_per_gene": 573.7972056810122, "min_cell": 8210, "max_cell": 35002, "total_count": 34785308, "overdispersion": 0.2926961077492409, "s_index": 2893}