{
	"numRecords": 72482204,
	"numReads": 236305640,
	"numBarcodes": 1385199,
	"medianReadsPerBarcode": 2.000000,
	"meanReadsPerBarcode": 170.593279,
	"numUMIs": 1048576,
	"numBarcodeUMIs": 35247136,
	"medianUMIsPerBarcode": 1.000000,
	"meanUMIsPerBarcode": 25.445540,
	"gtRecords": 24987408,
	"numBarcodesOnWhitelist": 292107,
	"percentageBarcodesOnWhitelist": 21.087728,
	"numReadsOnWhitelist": 230311346,
	"percentageReadsOnWhitelist": 97.463330
}
