{
  "ncells": 8509,
  "ngenes": 60623,
  "nvals": 7093949,
  "density": 0.013752197922450566,
  "avg_per_cell": 2161.343636149959,
  "avg_per_gene": 303.3646140903617,
  "min_cell": 276,
  "max_cell": 84412,
  "total_counts": 18390873,
  "overdispersion": 1.6185837313153493
}
