{"ncells": 14907, "ngenes": 60623, "nvals": 8269996, "density": 0.009151191084917285, "avg_per_cell": 1342.66250754679, "avg_per_gene": 330.15637629282617, "min_cell": 205, "max_cell": 84412, "total_count": 20015070, "overdispersion": 3.420935745663825, "s_index": 2410}