{
  "ncells": 12906,
  "ngenes": 63140,
  "nvals": 666023,
  "density": 0.0008173216230160816,
  "avg_counts_per_cell": 373.16170773283744,
  "avg_counts_per_gene": 76.2753405131454,
  "avg_nnzero_per_cell": 51.6056872772354,
  "avg_nnzero_per_gene": 10.54835286664555,
  "min_cell": 133,
  "max_cell": 47241,
  "total_counts": 4816025,
  "overdispersion": 1.5001841921475736,
  "s_index": 755
}
