{
  "ncells": 367400,
  "ngenes": 63140,
  "nvals": 1954353,
  "density": 0.00008424793802265024,
  "avg_counts_per_cell": 28.19063418617311,
  "avg_counts_per_gene": 164.03609439341147,
  "avg_nnzero_per_cell": 5.319414806750136,
  "avg_nnzero_per_gene": 30.952692429521697,
  "min_cell": 0,
  "max_cell": 47241,
  "total_counts": 10357239,
  "overdispersion": 13.528520717120706,
  "s_index": 755
}
