{
  "ncells": 971,
  "ngenes": 63140,
  "nvals": 3237909,
  "density": 0.052812999213491536,
  "avg_counts_per_cell": 21182.70133882595,
  "avg_counts_per_gene": 325.7586791257523,
  "avg_nnzero_per_cell": 3334.6127703398556,
  "avg_nnzero_per_gene": 51.28142223630029,
  "min_cell": 488,
  "max_cell": 121108,
  "total_counts": 20568403,
  "overdispersion": 0.8762264465048478,
  "s_index": 921
}
