{
  "ncells": 231065,
  "ngenes": 63140,
  "nvals": 4331807,
  "density": 0.0002969137802858438,
  "avg_counts_per_cell": 94.26424166360115,
  "avg_counts_per_gene": 344.9662179284131,
  "avg_nnzero_per_cell": 18.747136087248176,
  "avg_nnzero_per_gene": 68.6063826417485,
  "min_cell": 0,
  "max_cell": 121108,
  "total_counts": 21781167,
  "overdispersion": 398.98096279331617,
  "s_index": 921
}
