{
	"numRecords": 85023179,
	"numReads": 327790522,
	"numBarcodes": 855787,
	"medianReadsPerBarcode": 7.000000,
	"meanReadsPerBarcode": 383.028162,
	"numUMIs": 1048559,
	"numBarcodeUMIs": 37712881,
	"medianUMIsPerBarcode": 1.000000,
	"meanUMIsPerBarcode": 44.068070,
	"gtRecords": 22760401,
	"numTargets": 177449,
	"medianTargetsPerSet": 4.000000,
	"meanTargetsPerSet": 5.144404,
	"numSingleton": 47473969,
	"gtTargets": 7335,
	"numBarcodesOnWhitelist": 345370,
	"percentageBarcodesOnWhitelist": 40.357005,
	"numReadsOnWhitelist": 318652636,
	"percentageReadsOnWhitelist": 97.212279
}
