{
  "ncells": 2109,
  "ngenes": 63140,
  "nvals": 615719,
  "density": 0.004623825098793007,
  "avg_counts_per_cell": 562.9800853485063,
  "avg_counts_per_gene": 18.80464048146975,
  "avg_nnzero_per_cell": 291.94831673779044,
  "avg_nnzero_per_gene": 9.751647133354451,
  "min_cell": 88,
  "max_cell": 6343,
  "total_counts": 1187325,
  "overdispersion": 2.5645331551256083,
  "s_index": 595
}
