{
  "ncells": 150995,
  "ngenes": 63140,
  "nvals": 1777568,
  "density": 0.00018644857971632643,
  "avg_counts_per_cell": 16.444968376436307,
  "avg_counts_per_gene": 39.327019322141275,
  "avg_nnzero_per_cell": 11.77236332328885,
  "avg_nnzero_per_gene": 28.152803294266707,
  "min_cell": 0,
  "max_cell": 6343,
  "total_counts": 2483108,
  "overdispersion": 125.90081774805972,
  "s_index": 595
}
