{"ncells": 1279, "ngenes": 60623, "nvals": 853478, "density": 0.011007390205352382, "avg_counts_per_cell": 2759.4347146207974, "avg_counts_per_gene": 58.21745872028768, "avg_nnzero_per_cell": 667.3010164190774, "avg_nnzero_per_gene": 14.078452072645696, "min_cell": 382, "max_cell": 23866, "total_counts": 3529317, "overdispersion": 4.115736065274149, "s_index": 1094}