{
  "ncells": 3941,
  "ngenes": 63140,
  "nvals": 1848143,
  "density": 0.007427190431689723,
  "avg_counts_per_cell": 977.6853590459274,
  "avg_counts_per_gene": 61.02404181184669,
  "avg_nnzero_per_cell": 468.9528038568891,
  "avg_nnzero_per_gene": 29.2705574912892,
  "min_cell": 131,
  "max_cell": 10798,
  "total_counts": 3853058,
  "overdispersion": 1.8524191841188478,
  "s_index": 1050
}
