{
  "ncells": 245528,
  "ngenes": 63140,
  "nvals": 3705900,
  "density": 0.0002390496391081293,
  "avg_counts_per_cell": 24.35669251572122,
  "avg_counts_per_gene": 94.71412733607856,
  "avg_nnzero_per_cell": 15.093594213287282,
  "avg_nnzero_per_gene": 58.69337979094077,
  "min_cell": 0,
  "max_cell": 10798,
  "total_counts": 5980250,
  "overdispersion": 144.8502409580472,
  "s_index": 1050
}
