{
  "ncells": 169887,
  "ngenes": 63140,
  "nvals": 1066093,
  "density": 0.00009938717971618463,
  "avg_counts_per_cell": 12.419773143324681,
  "avg_counts_per_gene": 33.41713652201457,
  "avg_nnzero_per_cell": 6.275306527279898,
  "avg_nnzero_per_gene": 16.884589800443457,
  "min_cell": 0,
  "max_cell": 95357,
  "total_counts": 2109958,
  "overdispersion": 191.96511906068108,
  "s_index": 217
}
