{
  "ncells": 160,
  "ngenes": 63140,
  "nvals": 407111,
  "density": 0.040298443934114664,
  "avg_counts_per_cell": 8597.775,
  "avg_counts_per_gene": 21.787203040861577,
  "avg_nnzero_per_cell": 2544.44375,
  "avg_nnzero_per_gene": 6.447751029458346,
  "min_cell": 2,
  "max_cell": 95357,
  "total_counts": 1375644,
  "overdispersion": 1.4272166443124659,
  "s_index": 159
}
