{
  "ncells": 544609,
  "ngenes": 63140,
  "nvals": 17619242,
  "density": 0.0005123866773143996,
  "avg_counts_per_cell": 88.69042560809682,
  "avg_counts_per_gene": 764.9921444409249,
  "avg_nnzero_per_cell": 32.3520948056312,
  "avg_nnzero_per_gene": 279.0503959455179,
  "min_cell": 0,
  "max_cell": 100061,
  "total_counts": 48301604,
  "overdispersion": 94.56574695011992,
  "s_index": 3913
}
