{
  "ncells": 9941,
  "ngenes": 63140,
  "nvals": 14163274,
  "density": 0.022564670995044344,
  "avg_counts_per_cell": 4459.7540488884415,
  "avg_counts_per_gene": 702.1605163129553,
  "avg_nnzero_per_cell": 1424.7333266270998,
  "avg_nnzero_per_gene": 224.31539436173583,
  "min_cell": 284,
  "max_cell": 100061,
  "total_counts": 44334415,
  "overdispersion": 1.056659135298658,
  "s_index": 3913
}
