{
  "ncells": 181702,
  "ngenes": 63140,
  "nvals": 1959381,
  "density": 0.00017078692029851676,
  "avg_counts_per_cell": 15.13301999977986,
  "avg_counts_per_gene": 43.54925562242635,
  "avg_nnzero_per_cell": 10.783486147648347,
  "avg_nnzero_per_gene": 31.03232499208109,
  "min_cell": 0,
  "max_cell": 3915,
  "total_counts": 2749700,
  "overdispersion": 77.53640774361011,
  "s_index": 760
}
