{
  "ncells": 3572,
  "ngenes": 63140,
  "nvals": 1050848,
  "density": 0.0046593343291237484,
  "avg_counts_per_cell": 491.6273796192609,
  "avg_counts_per_gene": 27.81268609439341,
  "avg_nnzero_per_cell": 294.19036954087346,
  "avg_nnzero_per_gene": 16.64314222363003,
  "min_cell": 82,
  "max_cell": 3915,
  "total_counts": 1756093,
  "overdispersion": 1.2097234468486338,
  "s_index": 760
}
