{
	"numRecords": 7403817,
	"numReads": 14925855,
	"numBarcodes": 204495,
	"medianReadsPerBarcode": 2.000000,
	"meanReadsPerBarcode": 72.988851,
	"numUMIs": 1028940,
	"numBarcodeUMIs": 5178752,
	"medianUMIsPerBarcode": 1.000000,
	"meanUMIsPerBarcode": 25.324590,
	"gtRecords": 2882277,
	"numTargets": 98511,
	"medianTargetsPerSet": 3.000000,
	"meanTargetsPerSet": 4.052372,
	"numSingleton": 1382620,
	"gtTargets": 12487,
	"numBarcodesOnWhitelist": 121312,
	"percentageBarcodesOnWhitelist": 59.322722,
	"numReadsOnWhitelist": 14523611,
	"percentageReadsOnWhitelist": 97.305052
}
