{"ncells": 1864, "ngenes": 60623, "nvals": 625715, "density": 0.005537238554270433, "avg_counts_per_cell": 1995.5289699570815, "avg_counts_per_gene": 61.357339623575214, "avg_nnzero_per_cell": 335.6840128755365, "avg_nnzero_per_gene": 10.321412665160087, "min_cell": 372, "max_cell": 14047, "total_counts": 3719666, "overdispersion": 1.7934969192939834, "s_index": 1041}