{"ncells": 8884, "ngenes": 60623, "nvals": 900290, "density": 0.0016716157415272129, "avg_counts_per_cell": 142.70565060783431, "avg_counts_per_gene": 20.912805370898834, "avg_nnzero_per_cell": 101.33836109860424, "avg_nnzero_per_gene": 14.85063424772776, "min_cell": 81, "max_cell": 1174, "total_counts": 1267797, "overdispersion": 3.8722111019081167, "s_index": 310}