{
  "ncells": 3505,
  "ngenes": 60623,
  "nvals": 15041956,
  "density": 0.07079113370694488,
  "avg_per_cell": 24238.259058487874,
  "avg_per_gene": 1401.3674348019729,
  "min_cell": 7075,
  "max_cell": 82522,
  "total_counts": 84955098,
  "overdispersion": 0.9821439540618178
}
