{"ncells": 3488, "ngenes": 60623, "nvals": 15005526, "density": 0.07096387517257734, "avg_per_cell": 24321.641628440368, "avg_per_gene": 1399.3679956452172, "min_cell": 7169, "max_cell": 82522, "total_count": 84833886, "overdispersion": 0.9762946883193303, "s_index": 3488}