{"ncells": 7310, "ngenes": 60623, "nvals": 3215208, "density": 0.007255281587920663, "avg_counts_per_cell": 1313.3673050615596, "avg_counts_per_gene": 158.3675337743101, "avg_nnzero_per_cell": 439.83693570451436, "avg_nnzero_per_gene": 53.03610840770005, "min_cell": 96, "max_cell": 9511, "total_counts": 9600715, "overdispersion": 1.000181572956074, "s_index": 1987}