{
  "ncells": 3687,
  "ngenes": 63140,
  "nvals": 5760971,
  "density": 0.024746738770632874,
  "avg_counts_per_cell": 6338.71250339029,
  "avg_counts_per_gene": 370.14306303452645,
  "avg_nnzero_per_cell": 1562.5090859777597,
  "avg_nnzero_per_gene": 91.2412258473234,
  "min_cell": 165,
  "max_cell": 140962,
  "total_counts": 23370833,
  "overdispersion": 4.188897903329556,
  "s_index": 2394
}
