{
  "ncells": 370168,
  "ngenes": 63140,
  "nvals": 8551357,
  "density": 0.00036587403298879326,
  "avg_counts_per_cell": 72.15432182144323,
  "avg_counts_per_gene": 423.01585365853657,
  "avg_nnzero_per_cell": 23.101286442912407,
  "avg_nnzero_per_gene": 135.43485904339562,
  "min_cell": 0,
  "max_cell": 140962,
  "total_counts": 26709221,
  "overdispersion": 377.7985697040949,
  "s_index": 2394
}
