{
	"numRecords": 23953575,
	"numReads": 136374084,
	"numBarcodes": 3062064,
	"medianReadsPerBarcode": 4.000000,
	"meanReadsPerBarcode": 44.536654,
	"numUMIs": 1048282,
	"numBarcodeUMIs": 19198105,
	"medianUMIsPerBarcode": 1.000000,
	"meanUMIsPerBarcode": 6.269662,
	"gtRecords": 9859909,
	"numBarcodesOnWhitelist": 168624,
	"percentageBarcodesOnWhitelist": 5.506874,
	"numReadsOnWhitelist": 66667968,
	"percentageReadsOnWhitelist": 48.886098
}
