{
  "ncells": 3750,
  "ngenes": 60623,
  "nvals": 3230332,
  "density": 0.014209489247755253,
  "avg_per_cell": 2641.266666666667,
  "avg_per_gene": 163.38270953268562,
  "min_cell": 24,
  "max_cell": 18811,
  "total_counts": 9904750,
  "overdispersion": 2.3826080263120346
}
