{"ncells": 4162, "ngenes": 60623, "nvals": 3307678, "density": 0.013109427457553245, "avg_per_cell": 2446.114848630466, "avg_per_gene": 167.93510713755506, "min_cell": 465, "max_cell": 18811, "total_count": 10180730, "overdispersion": 2.622451083316731, "s_index": 2067}