{
  "ncells": 193187,
  "ngenes": 63140,
  "nvals": 2245273,
  "density": 0.00018407155363550577,
  "avg_counts_per_cell": 23.233141981603318,
  "avg_counts_per_gene": 71.08554006968642,
  "avg_nnzero_per_cell": 11.622277896545834,
  "avg_nnzero_per_gene": 35.56023123218245,
  "min_cell": 0,
  "max_cell": 21095,
  "total_counts": 4488341,
  "overdispersion": 830.855081407109,
  "s_index": 1082
}
