{
  "ncells": 1647,
  "ngenes": 63140,
  "nvals": 1335549,
  "density": 0.012842857085160165,
  "avg_counts_per_cell": 2064.4207650273224,
  "avg_counts_per_gene": 53.85019005384859,
  "avg_nnzero_per_cell": 810.8979963570127,
  "avg_nnzero_per_gene": 21.15218561925879,
  "min_cell": 130,
  "max_cell": 21095,
  "total_counts": 3400101,
  "overdispersion": 28.520726954770307,
  "s_index": 1082
}
