{"ncells": 10860, "ngenes": 60623, "nvals": 17093085, "density": 0.025962900137367406, "avg_counts_per_cell": 3678.4665745856355, "avg_counts_per_gene": 658.960246111212, "avg_nnzero_per_cell": 1573.9488950276243, "avg_nnzero_per_gene": 281.95709549181004, "min_cell": 178, "max_cell": 92232, "total_counts": 39948147, "overdispersion": 2.784845863359759, "s_index": 3846}