{
  "ncells": 123,
  "ngenes": 63140,
  "nvals": 220141,
  "density": 0.028345964961075016,
  "avg_counts_per_cell": 4279.1869918699185,
  "avg_counts_per_gene": 8.33607855559075,
  "avg_nnzero_per_cell": 1789.7642276422764,
  "avg_nnzero_per_gene": 3.4865536902122267,
  "min_cell": 451,
  "max_cell": 21433,
  "total_counts": 526340,
  "overdispersion": 0.27873134575537384,
  "s_index": 123
}
