{
  "ncells": 74667,
  "ngenes": 63140,
  "nvals": 387181,
  "density": 0.00008212601634712882,
  "avg_counts_per_cell": 13.437984651854233,
  "avg_counts_per_gene": 15.89125752296484,
  "avg_nnzero_per_cell": 5.185436672157714,
  "avg_nnzero_per_gene": 6.132103262591068,
  "min_cell": 0,
  "max_cell": 21433,
  "total_counts": 1003374,
  "overdispersion": 60.790899198356925,
  "s_index": 394
}
