{
  "ncells": 640998,
  "ngenes": 63140,
  "nvals": 29180025,
  "density": 0.0007209819756607505,
  "avg_counts_per_cell": 150.1467539680311,
  "avg_counts_per_gene": 1524.2915584415584,
  "avg_nnzero_per_cell": 45.52280194321979,
  "avg_nnzero_per_gene": 462.1480044345898,
  "min_cell": 0,
  "max_cell": 87656,
  "total_counts": 96243769,
  "overdispersion": 25.95590926621652,
  "s_index": 4278
}
