{
  "ncells": 14977,
  "ngenes": 63140,
  "nvals": 17779111,
  "density": 0.018800986346100237,
  "avg_counts_per_cell": 4983.152901115043,
  "avg_counts_per_gene": 1182.0190212226798,
  "avg_nnzero_per_cell": 1187.094277892769,
  "avg_nnzero_per_gene": 281.5823725055432,
  "min_cell": 569,
  "max_cell": 87656,
  "total_counts": 74632681,
  "overdispersion": 0.48491619509550754,
  "s_index": 4278
}
