{
  "ncells": 357385,
  "ngenes": 63140,
  "nvals": 4356446,
  "density": 0.0001930596155584784,
  "avg_counts_per_cell": 34.61962589364411,
  "avg_counts_per_gene": 195.9539911308204,
  "avg_nnzero_per_cell": 12.189784126362326,
  "avg_nnzero_per_gene": 68.99661070636681,
  "min_cell": 0,
  "max_cell": 89492,
  "total_counts": 12372535,
  "overdispersion": 38.75057442105945,
  "s_index": 1468
}
