{
  "ncells": 2701,
  "ngenes": 63140,
  "nvals": 2243467,
  "density": 0.01315499005108093,
  "avg_counts_per_cell": 2750.830803406146,
  "avg_counts_per_gene": 117.67491289198607,
  "avg_nnzero_per_cell": 830.60607182525,
  "avg_nnzero_per_gene": 35.53162812796959,
  "min_cell": 325,
  "max_cell": 89492,
  "total_counts": 7429994,
  "overdispersion": 1.512067100724801,
  "s_index": 1468
}
