{
  "ncells": 8923,
  "ngenes": 63140,
  "nvals": 5922706,
  "density": 0.010512468427749026,
  "avg_counts_per_cell": 2940.7556875490304,
  "avg_counts_per_gene": 415.59016471333547,
  "avg_nnzero_per_cell": 663.7572565280735,
  "avg_nnzero_per_gene": 93.80275578080456,
  "min_cell": 155,
  "max_cell": 40367,
  "total_counts": 26240363,
  "overdispersion": 3.821437367344207,
  "s_index": 2701
}
