{
  "ncells": 329446,
  "ngenes": 63140,
  "nvals": 7301426,
  "density": 0.00035100950067139426,
  "avg_counts_per_cell": 85.20538115502995,
  "avg_counts_per_gene": 444.57668672790624,
  "avg_nnzero_per_cell": 22.162739872391832,
  "avg_nnzero_per_gene": 115.63867595818816,
  "min_cell": 0,
  "max_cell": 40367,
  "total_counts": 28070572,
  "overdispersion": 160.92809505429435,
  "s_index": 2701
}
