{
  "ncells": 330012,
  "ngenes": 63140,
  "nvals": 7494082,
  "density": 0.0003596533675927685,
  "avg_counts_per_cell": 69.4422202828988,
  "avg_counts_per_gene": 362.95163129553373,
  "avg_nnzero_per_cell": 22.708513629807403,
  "avg_nnzero_per_gene": 118.6899271460247,
  "min_cell": 0,
  "max_cell": 44283,
  "total_counts": 22916766,
  "overdispersion": 345.44362618961037,
  "s_index": 2507
}
