{
  "ncells": 6549,
  "ngenes": 63140,
  "nvals": 5994832,
  "density": 0.014497644592725204,
  "avg_counts_per_cell": 3213.051916323103,
  "avg_counts_per_gene": 333.26381057966427,
  "avg_nnzero_per_cell": 915.3812795846694,
  "avg_nnzero_per_gene": 94.94507443775737,
  "min_cell": 194,
  "max_cell": 44283,
  "total_counts": 21042277,
  "overdispersion": 7.160871146373846,
  "s_index": 2507
}
