{
  "ncells": 2621,
  "ngenes": 63140,
  "nvals": 7466382,
  "density": 0.04511683308363034,
  "avg_counts_per_cell": 14645.437619229302,
  "avg_counts_per_gene": 607.945707950586,
  "avg_nnzero_per_cell": 2848.67684090042,
  "avg_nnzero_per_gene": 118.25121951219512,
  "min_cell": 514,
  "max_cell": 52527,
  "total_counts": 38385692,
  "overdispersion": 0.2344963579697641,
  "s_index": 2508
}
