{
  "ncells": 360515,
  "ngenes": 63140,
  "nvals": 10469390,
  "density": 0.0004599318248187092,
  "avg_counts_per_cell": 115.5271653051884,
  "avg_counts_per_gene": 659.6337662337662,
  "avg_nnzero_per_cell": 29.040095419053298,
  "avg_nnzero_per_gene": 165.81232182451694,
  "min_cell": 0,
  "max_cell": 52527,
  "total_counts": 41649276,
  "overdispersion": 144.58771339536776,
  "s_index": 2508
}
