{
  "ncells": 10515,
  "ngenes": 60623,
  "nvals": 16725281,
  "density": 0.02623775798744137,
  "avg_per_cell": 5864.541892534475,
  "avg_per_gene": 1017.1990498655625,
  "min_cell": 130,
  "max_cell": 133389,
  "total_counts": 61665658,
  "overdispersion": 2.8776865281834647
}
