{"ncells": 10515, "ngenes": 60623, "nvals": 16725281, "density": 0.02623775798744137, "avg_counts_per_cell": 5864.541892534475, "avg_counts_per_gene": 1017.1990498655625, "avg_nnzero_per_cell": 1590.6116024726582, "avg_nnzero_per_gene": 275.890025237946, "min_cell": 130, "max_cell": 133389, "total_counts": 61665658, "overdispersion": 2.8776865281834647, "s_index": 4697}