{
  "ncells": 187215,
  "ngenes": 63140,
  "nvals": 1066407,
  "density": 0.000090214795161436,
  "avg_counts_per_cell": 11.883203803114066,
  "avg_counts_per_gene": 35.23462147608489,
  "avg_nnzero_per_cell": 5.696162166493069,
  "avg_nnzero_per_gene": 16.889562876148243,
  "min_cell": 0,
  "max_cell": 37988,
  "total_counts": 2224714,
  "overdispersion": 3112.221639990185,
  "s_index": 701
}
