{
  "ncells": 1282,
  "ngenes": 63140,
  "nvals": 723353,
  "density": 0.008936298852017433,
  "avg_counts_per_cell": 1428.7207488299532,
  "avg_counts_per_gene": 29.008869179600886,
  "avg_nnzero_per_cell": 564.2379095163807,
  "avg_nnzero_per_gene": 11.456335128286348,
  "min_cell": 22,
  "max_cell": 37988,
  "total_counts": 1831620,
  "overdispersion": 29.39463869424365,
  "s_index": 701
}
