{
  "ncells": 9260,
  "ngenes": 60623,
  "nvals": 10790291,
  "density": 0.01922138804320823,
  "avg_per_cell": 2350.5778617710585,
  "avg_per_gene": 359.04443857941703,
  "min_cell": 450,
  "max_cell": 21596,
  "total_counts": 21766351,
  "overdispersion": 2.152614871387764
}
