{
  "ncells": 498322,
  "ngenes": 63140,
  "nvals": 16858230,
  "density": 0.0005357933712075578,
  "avg_counts_per_cell": 94.2943297707105,
  "avg_counts_per_gene": 744.2023915109281,
  "avg_nnzero_per_cell": 33.8299934580452,
  "avg_nnzero_per_gene": 266.9976243268926,
  "min_cell": 0,
  "max_cell": 53736,
  "total_counts": 46988939,
  "overdispersion": 196.9841780637654,
  "s_index": 2610
}
