{
  "ncells": 3087,
  "ngenes": 63140,
  "nvals": 8876678,
  "density": 0.04554170220813185,
  "avg_counts_per_cell": 12204.78846776806,
  "avg_counts_per_gene": 596.7086157744694,
  "avg_nnzero_per_cell": 2875.5030774214447,
  "avg_nnzero_per_gene": 140.58723471650302,
  "min_cell": 233,
  "max_cell": 53736,
  "total_counts": 37676182,
  "overdispersion": 0.5197369382737338,
  "s_index": 2610
}
