{
	"numRecords": 9809732,
	"numReads": 93413672,
	"numBarcodes": 285803,
	"medianReadsPerBarcode": 3.000000,
	"meanReadsPerBarcode": 326.846366,
	"numUMIs": 1004198,
	"numBarcodeUMIs": 4633317,
	"medianUMIsPerBarcode": 1.000000,
	"meanUMIsPerBarcode": 16.211576,
	"gtRecords": 2720732,
	"numBarcodesOnWhitelist": 124912,
	"percentageBarcodesOnWhitelist": 43.705629,
	"numReadsOnWhitelist": 90976761,
	"percentageReadsOnWhitelist": 97.391269
}
