{
	"numRecords": 157589505,
	"numReads": 296235491,
	"numBarcodes": 2802459,
	"medianReadsPerBarcode": 2.000000,
	"meanReadsPerBarcode": 105.705558,
	"numUMIs": 1048576,
	"numBarcodeUMIs": 104281925,
	"medianUMIsPerBarcode": 1.000000,
	"meanUMIsPerBarcode": 37.210866,
	"gtRecords": 69817565,
	"numTargets": 186080,
	"medianTargetsPerSet": 4.000000,
	"meanTargetsPerSet": 4.972974,
	"numSingleton": 44632024,
	"gtTargets": 6590,
	"numBarcodesOnWhitelist": 607778,
	"percentageBarcodesOnWhitelist": 21.687311,
	"numReadsOnWhitelist": 287052902,
	"percentageReadsOnWhitelist": 96.900240
}
