{"ncells": 2733, "ngenes": 60623, "nvals": 8307144, "density": 0.050138886291051135, "avg_counts_per_cell": 14486.623490669594, "avg_counts_per_gene": 653.0845058806063, "avg_nnzero_per_cell": 3039.569703622393, "avg_nnzero_per_gene": 137.02957623344275, "min_cell": 281, "max_cell": 50888, "total_counts": 39591942, "overdispersion": 0.3893990944218996, "s_index": 2518}