{
	"numRecords": 57380521,
	"numReads": 80812384,
	"numBarcodes": 1258907,
	"medianReadsPerBarcode": 2.000000,
	"meanReadsPerBarcode": 64.192497,
	"numUMIs": 1048576,
	"numBarcodeUMIs": 45828664,
	"medianUMIsPerBarcode": 1.000000,
	"meanUMIsPerBarcode": 36.403534,
	"gtRecords": 34267887,
	"numTargets": 183894,
	"medianTargetsPerSet": 3.000000,
	"meanTargetsPerSet": 4.426132,
	"numSingleton": 22000682,
	"gtTargets": 8820,
	"numBarcodesOnWhitelist": 383302,
	"percentageBarcodesOnWhitelist": 30.447205,
	"numReadsOnWhitelist": 77569954,
	"percentageReadsOnWhitelist": 95.987707
}
