{
  "ncells": 16108,
  "ngenes": 60623,
  "nvals": 8637546,
  "density": 0.008845274765817182,
  "avg_per_cell": 2051.2810404767815,
  "avg_per_gene": 545.0412384738465,
  "min_cell": 99,
  "max_cell": 127000,
  "total_counts": 33042035,
  "overdispersion": 4.69264933960192
}
