{"ncells": 15938, "ngenes": 60623, "nvals": 8625859, "density": 0.008927525681405778, "avg_per_cell": 2072.104718283348, "avg_per_gene": 544.7636210679116, "min_cell": 100, "max_cell": 127000, "total_count": 33025205, "overdispersion": 4.639112397542396, "s_index": 3025}