{
  "ncells": 324858,
  "ngenes": 63140,
  "nvals": 3226056,
  "density": 0.00015728009329416264,
  "avg_counts_per_cell": 22.817006199631837,
  "avg_counts_per_gene": 117.39447260057017,
  "avg_nnzero_per_cell": 9.930665090593429,
  "avg_nnzero_per_gene": 51.09369654735509,
  "min_cell": 0,
  "max_cell": 16235,
  "total_counts": 7412287,
  "overdispersion": 92.49282327744667,
  "s_index": 1687
}
