{
  "ncells": 3805,
  "ngenes": 63140,
  "nvals": 2349369,
  "density": 0.009778944814039844,
  "avg_counts_per_cell": 1658.0438896189225,
  "avg_counts_per_gene": 99.91854608805828,
  "avg_nnzero_per_cell": 617.4425755584757,
  "avg_nnzero_per_gene": 37.2088850174216,
  "min_cell": 1,
  "max_cell": 16235,
  "total_counts": 6308857,
  "overdispersion": 0.6721099163567277,
  "s_index": 1687
}
