{
  "ncells": 72840,
  "ngenes": 63140,
  "nvals": 2964742,
  "density": 0.0006446327878199939,
  "avg_counts_per_cell": 47.03529654036244,
  "avg_counts_per_gene": 54.261181501425405,
  "avg_nnzero_per_cell": 40.70211422295442,
  "avg_nnzero_per_gene": 46.955052264808366,
  "min_cell": 2,
  "max_cell": 13318,
  "total_counts": 3426051,
  "overdispersion": 4.416068025873285,
  "s_index": 275
}
