{
  "ncells": 214475,
  "ngenes": 63140,
  "nvals": 4117072,
  "density": 0.0003040235375233769,
  "avg_counts_per_cell": 21.579498776081127,
  "avg_counts_per_gene": 73.3015996198923,
  "avg_nnzero_per_cell": 19.196046159226018,
  "avg_nnzero_per_gene": 65.20544821032625,
  "min_cell": 0,
  "max_cell": 13318,
  "total_counts": 4628263,
  "overdispersion": 10.4356317967117,
  "s_index": 275
}
