{
  "ncells": 56214,
  "ngenes": 63140,
  "nvals": 316560,
  "density": 0.00008918811196171145,
  "avg_counts_per_cell": 10.17026007756075,
  "avg_counts_per_gene": 9.054656319290466,
  "avg_nnzero_per_cell": 5.631337389262462,
  "avg_nnzero_per_gene": 5.013620525815647,
  "min_cell": 0,
  "max_cell": 13224,
  "total_counts": 571711,
  "overdispersion": 1694.7019301465648,
  "s_index": 146
}
