{
  "ncells": 118,
  "ngenes": 63140,
  "nvals": 222338,
  "density": 0.029841943918008408,
  "avg_counts_per_cell": 3971.322033898305,
  "avg_counts_per_gene": 7.4218561925879,
  "avg_nnzero_per_cell": 1884.2203389830509,
  "avg_nnzero_per_gene": 3.521349382324992,
  "min_cell": 706,
  "max_cell": 13224,
  "total_counts": 468616,
  "overdispersion": 4.479299923970757,
  "s_index": 118
}
