{
	"numRecords": 203442132,
	"numReads": 322824907,
	"numBarcodes": 3254878,
	"medianReadsPerBarcode": 2.000000,
	"meanReadsPerBarcode": 99.181876,
	"numUMIs": 1048576,
	"numBarcodeUMIs": 149913101,
	"medianUMIsPerBarcode": 1.000000,
	"meanUMIsPerBarcode": 46.057979,
	"gtRecords": 101091962,
	"numTargets": 193194,
	"medianTargetsPerSet": 5.000000,
	"meanTargetsPerSet": 5.374115,
	"numSingleton": 55800298,
	"gtTargets": 5570,
	"numBarcodesOnWhitelist": 459383,
	"percentageBarcodesOnWhitelist": 14.113678,
	"numReadsOnWhitelist": 299498787,
	"percentageReadsOnWhitelist": 92.774374
}
