{
  "ncells": 3580,
  "ngenes": 63140,
  "nvals": 4039449,
  "density": 0.017870410349971597,
  "avg_counts_per_cell": 4172.457262569832,
  "avg_counts_per_gene": 236.57581564776686,
  "avg_nnzero_per_cell": 1128.3377094972068,
  "avg_nnzero_per_gene": 63.976069052898325,
  "min_cell": 199,
  "max_cell": 165545,
  "total_counts": 14937397,
  "overdispersion": 6.435020995953161,
  "s_index": 1784
}
