{
  "ncells": 400691,
  "ngenes": 63140,
  "nvals": 7882332,
  "density": 0.000311559184106858,
  "avg_counts_per_cell": 48.357232880199454,
  "avg_counts_per_gene": 306.87849223946785,
  "avg_nnzero_per_cell": 19.671846884507016,
  "avg_nnzero_per_gene": 124.83896103896105,
  "min_cell": 0,
  "max_cell": 165545,
  "total_counts": 19376308,
  "overdispersion": 509.1129583468154,
  "s_index": 1784
}
