{
  "ncells": 9041,
  "ngenes": 63140,
  "nvals": 11261338,
  "density": 0.01972735894976312,
  "avg_counts_per_cell": 4294.231279725694,
  "avg_counts_per_gene": 614.8898479569211,
  "avg_nnzero_per_cell": 1245.5854440880435,
  "avg_nnzero_per_gene": 178.35505226480836,
  "min_cell": 216,
  "max_cell": 66547,
  "total_counts": 38824145,
  "overdispersion": 2.37804256919351,
  "s_index": 3551
}
