{
  "ncells": 533517,
  "ngenes": 63140,
  "nvals": 17695996,
  "density": 0.000525317866228712,
  "avg_counts_per_cell": 87.54737712200361,
  "avg_counts_per_gene": 739.7531517263225,
  "avg_nnzero_per_cell": 33.168570073680876,
  "avg_nnzero_per_gene": 280.26601203674375,
  "min_cell": 0,
  "max_cell": 66547,
  "total_counts": 46708014,
  "overdispersion": 122.67648463999339,
  "s_index": 3551
}
