{
  "ncells": 413365,
  "ngenes": 63140,
  "nvals": 5248368,
  "density": 0.00020108792818672737,
  "avg_counts_per_cell": 20.59684540297316,
  "avg_counts_per_gene": 134.84344314222363,
  "avg_nnzero_per_cell": 12.696691785709966,
  "avg_nnzero_per_gene": 83.12271143490656,
  "min_cell": 0,
  "max_cell": 14198,
  "total_counts": 8514015,
  "overdispersion": 162.5064898006205,
  "s_index": 1380
}
