{
  "ncells": 5219,
  "ngenes": 63140,
  "nvals": 2476082,
  "density": 0.0075140338750319165,
  "avg_counts_per_cell": 1024.0057482276297,
  "avg_counts_per_gene": 84.64184352233133,
  "avg_nnzero_per_cell": 474.4360988695152,
  "avg_nnzero_per_gene": 39.21574279379158,
  "min_cell": 98,
  "max_cell": 14198,
  "total_counts": 5344286,
  "overdispersion": 1.666865342567812,
  "s_index": 1380
}
