{
  "ncells": 371730,
  "ngenes": 63140,
  "nvals": 9148785,
  "density": 0.0003897904839481239,
  "avg_counts_per_cell": 80.03027735184139,
  "avg_counts_per_gene": 471.16970224897057,
  "avg_nnzero_per_cell": 24.611371156484545,
  "avg_nnzero_per_gene": 144.8968165980361,
  "min_cell": 0,
  "max_cell": 71191,
  "total_counts": 29749655,
  "overdispersion": 221.71257624462964,
  "s_index": 2930
}
