{
  "ncells": 3429,
  "ngenes": 63140,
  "nvals": 7780578,
  "density": 0.03593683272961168,
  "avg_counts_per_cell": 8249.519976669582,
  "avg_counts_per_gene": 448.0140006335128,
  "avg_nnzero_per_cell": 2269.0516185476818,
  "avg_nnzero_per_gene": 123.22739942983846,
  "min_cell": 292,
  "max_cell": 71191,
  "total_counts": 28287604,
  "overdispersion": 1.1912416196147837,
  "s_index": 2930
}
