{
  "ncells": 354990,
  "ngenes": 63140,
  "nvals": 11374580,
  "density": 0.0005074750239677593,
  "avg_counts_per_cell": 115.45288317980788,
  "avg_counts_per_gene": 649.1070478302186,
  "avg_nnzero_per_cell": 32.041973013324316,
  "avg_nnzero_per_gene": 180.14855875831486,
  "min_cell": 0,
  "max_cell": 50720,
  "total_counts": 40984619,
  "overdispersion": 134.625625401356,
  "s_index": 2424
}
