{
  "ncells": 2534,
  "ngenes": 63140,
  "nvals": 7332437,
  "density": 0.045828659280350424,
  "avg_counts_per_cell": 14398.63733228098,
  "avg_counts_per_gene": 577.8610547988596,
  "avg_nnzero_per_cell": 2893.6215469613257,
  "avg_nnzero_per_gene": 116.12982261640798,
  "min_cell": 420,
  "max_cell": 50720,
  "total_counts": 36486147,
  "overdispersion": 0.20597306042479796,
  "s_index": 2424
}
