{
  "ncells": 133383,
  "ngenes": 63140,
  "nvals": 564036,
  "density": 0.00006697331028164135,
  "avg_counts_per_cell": 7.300930403424724,
  "avg_counts_per_gene": 15.423186569528033,
  "avg_nnzero_per_cell": 4.228694811182835,
  "avg_nnzero_per_gene": 8.933101045296167,
  "min_cell": 0,
  "max_cell": 9517,
  "total_counts": 973820,
  "overdispersion": 701.5349335516793,
  "s_index": 326
}
