{
  "ncells": 350,
  "ngenes": 63140,
  "nvals": 233281,
  "density": 0.010556179012625006,
  "avg_counts_per_cell": 1709.2371428571428,
  "avg_counts_per_gene": 9.474707000316757,
  "avg_nnzero_per_cell": 666.5171428571429,
  "avg_nnzero_per_gene": 3.694662654418752,
  "min_cell": 187,
  "max_cell": 9517,
  "total_counts": 598233,
  "overdispersion": 1.3149990302966432,
  "s_index": 324
}
