{
  "ncells": 54428,
  "ngenes": 63140,
  "nvals": 531483,
  "density": 0.0001546544511562517,
  "avg_counts_per_cell": 29.998713897258764,
  "avg_counts_per_gene": 25.859518530250238,
  "avg_nnzero_per_cell": 9.764882046005733,
  "avg_nnzero_per_gene": 8.417532467532467,
  "min_cell": 0,
  "max_cell": 71173,
  "total_counts": 1632770,
  "overdispersion": 3761.0423453998237,
  "s_index": 255
}
