{
  "ncells": 134,
  "ngenes": 63140,
  "nvals": 302954,
  "density": 0.03580694878474274,
  "avg_counts_per_cell": 10105.694029850747,
  "avg_counts_per_gene": 21.446990814063984,
  "avg_nnzero_per_cell": 2260.8507462686566,
  "avg_nnzero_per_gene": 4.7981311371555275,
  "min_cell": 768,
  "max_cell": 71173,
  "total_counts": 1354163,
  "overdispersion": 12.466981908564316,
  "s_index": 134
}
