{
	"numRecords": 31945121,
	"numReads": 148666872,
	"numBarcodes": 3051685,
	"medianReadsPerBarcode": 7.000000,
	"meanReadsPerBarcode": 48.716323,
	"numUMIs": 1048232,
	"numBarcodeUMIs": 17696566,
	"medianUMIsPerBarcode": 1.000000,
	"meanUMIsPerBarcode": 5.798949,
	"gtRecords": 9353263,
	"numBarcodesOnWhitelist": 27288,
	"percentageBarcodesOnWhitelist": 0.894195,
	"numReadsOnWhitelist": 2251974,
	"percentageReadsOnWhitelist": 1.514779
}
