{
	"numRecords": 168862568,
	"numReads": 287604311,
	"numBarcodes": 3574965,
	"medianReadsPerBarcode": 3.000000,
	"meanReadsPerBarcode": 80.449546,
	"numUMIs": 1048576,
	"numBarcodeUMIs": 120203645,
	"medianUMIsPerBarcode": 1.000000,
	"meanUMIsPerBarcode": 33.623726,
	"gtRecords": 78113906,
	"numTargets": 195342,
	"medianTargetsPerSet": 4.000000,
	"meanTargetsPerSet": 5.365916,
	"numSingleton": 59963717,
	"gtTargets": 4578,
	"numBarcodesOnWhitelist": 491856,
	"percentageBarcodesOnWhitelist": 13.758344,
	"numReadsOnWhitelist": 262164799,
	"percentageReadsOnWhitelist": 91.154683
}
