{"ncells": 3985, "ngenes": 60623, "nvals": 14334152, "density": 0.059334359083022745, "avg_counts_per_cell": 17221.8730238394, "avg_counts_per_gene": 1132.0647938901077, "avg_nnzero_per_cell": 3597.026850690088, "avg_nnzero_per_gene": 236.44742094584564, "min_cell": 7266, "max_cell": 72929, "total_counts": 68629164, "overdispersion": 1.1636634658451919, "s_index": 3985}