{
	"numRecords": 75797417,
	"numReads": 124869645,
	"numBarcodes": 1417079,
	"medianReadsPerBarcode": 2.000000,
	"meanReadsPerBarcode": 88.117631,
	"numUMIs": 1048576,
	"numBarcodeUMIs": 62851717,
	"medianUMIsPerBarcode": 1.000000,
	"meanUMIsPerBarcode": 44.353009,
	"gtRecords": 36177565,
	"numBarcodesOnWhitelist": 360274,
	"percentageBarcodesOnWhitelist": 25.423706,
	"numReadsOnWhitelist": 121963005,
	"percentageReadsOnWhitelist": 97.672261
}
