{
  "ncells": 8333,
  "ngenes": 60623,
  "nvals": 10980622,
  "density": 0.021736425929003246,
  "avg_per_cell": 3852.9320772830915,
  "avg_per_gene": 529.6089438002078,
  "min_cell": 645,
  "max_cell": 56428,
  "total_counts": 32106483,
  "overdispersion": 1.7083748715846316
}
