{"ncells": 11449, "ngenes": 60623, "nvals": 12150126, "density": 0.017505551691271107, "avg_counts_per_cell": 2975.6012752205434, "avg_counts_per_gene": 561.9593058740082, "avg_nnzero_per_cell": 1061.2390601799284, "avg_nnzero_per_gene": 200.4210613133629, "min_cell": 564, "max_cell": 56428, "total_counts": 34067659, "overdispersion": 2.702545261989783, "s_index": 2978}