{"ncells": 11449, "ngenes": 60623, "nvals": 12150126, "density": 0.017505551691271107, "avg_per_cell": 2975.6012752205434, "avg_per_gene": 561.9593058740082, "min_cell": 564, "max_cell": 56428, "total_count": 34067659, "overdispersion": 2.702545261989783, "s_index": 2978}