{
  "ncells": 256842,
  "ngenes": 63140,
  "nvals": 3052361,
  "density": 0.00018821978600895543,
  "avg_counts_per_cell": 19.289847454855515,
  "avg_counts_per_gene": 78.46757998099461,
  "avg_nnzero_per_cell": 11.884197288605446,
  "avg_nnzero_per_gene": 48.34274627811213,
  "min_cell": 0,
  "max_cell": 6317,
  "total_counts": 4954443,
  "overdispersion": 70.36264309896619,
  "s_index": 980
}
