{
  "ncells": 4331,
  "ngenes": 63140,
  "nvals": 1500873,
  "density": 0.005488468596464835,
  "avg_counts_per_cell": 712.6465019625953,
  "avg_counts_per_gene": 48.882990180551154,
  "avg_nnzero_per_cell": 346.5419071807897,
  "avg_nnzero_per_gene": 23.7705574912892,
  "min_cell": 122,
  "max_cell": 6317,
  "total_counts": 3086472,
  "overdispersion": 1.1158396509963748,
  "s_index": 980
}
