{
  "ncells": 1254,
  "ngenes": 60623,
  "nvals": 736826,
  "density": 0.009692369929972994,
  "avg_per_cell": 2132.282296650718,
  "avg_per_gene": 44.106725170314895,
  "min_cell": 244,
  "max_cell": 23471,
  "total_counts": 2673882,
  "overdispersion": 1.978692450055953
}
