{"ncells": 862, "ngenes": 60623, "nvals": 718490, "density": 0.013749155950818938, "avg_counts_per_cell": 2930.174013921114, "avg_counts_per_gene": 41.664219850551774, "avg_nnzero_per_cell": 833.5150812064966, "avg_nnzero_per_gene": 11.851772429605925, "min_cell": 553, "max_cell": 23471, "total_counts": 2525810, "overdispersion": 1.2810300039569311, "s_index": 738}