{"ncells": 862, "ngenes": 60623, "nvals": 718490, "density": 0.013749155950818938, "avg_per_cell": 2930.174013921114, "avg_per_gene": 41.664219850551774, "min_cell": 553, "max_cell": 23471, "total_count": 2525810, "overdispersion": 1.2810300039569311, "s_index": 738}