{"ncells": 12849, "ngenes": 60623, "nvals": 24388011, "density": 0.03130903117108304, "avg_per_cell": 4905.265701611021, "avg_per_gene": 1039.6674364515118, "min_cell": 111, "max_cell": 81906, "total_count": 63027759, "overdispersion": 0.9968302471818383, "s_index": 5284}