{
  "ncells": 188713,
  "ngenes": 63140,
  "nvals": 2339483,
  "density": 0.00019634212969866686,
  "avg_counts_per_cell": 32.62447738099654,
  "avg_counts_per_gene": 97.50812480202724,
  "avg_nnzero_per_cell": 12.397042069173825,
  "avg_nnzero_per_gene": 37.052312321824516,
  "min_cell": 0,
  "max_cell": 32413,
  "total_counts": 6156663,
  "overdispersion": 354.59563939681254,
  "s_index": 1122
}
