{
  "ncells": 1199,
  "ngenes": 63140,
  "nvals": 1048983,
  "density": 0.013856217421180093,
  "avg_counts_per_cell": 3690.329441201001,
  "avg_counts_per_gene": 70.07768451061133,
  "avg_nnzero_per_cell": 874.8815679733111,
  "avg_nnzero_per_gene": 16.613604687994933,
  "min_cell": 309,
  "max_cell": 32413,
  "total_counts": 4424705,
  "overdispersion": 3.594849356445528,
  "s_index": 1116
}
