{
	"numRecords": 66280082,
	"numReads": 298846180,
	"numBarcodes": 1644505,
	"medianReadsPerBarcode": 2.000000,
	"meanReadsPerBarcode": 181.724093,
	"numUMIs": 1048576,
	"numBarcodeUMIs": 37996762,
	"medianUMIsPerBarcode": 1.000000,
	"meanUMIsPerBarcode": 23.105288,
	"gtRecords": 26220878,
	"numBarcodesOnWhitelist": 379095,
	"percentageBarcodesOnWhitelist": 23.052225,
	"numReadsOnWhitelist": 283838344,
	"percentageReadsOnWhitelist": 94.978073
}
