{"ncells": 5484, "ngenes": 60623, "nvals": 9571029, "density": 0.028788813209421314, "avg_counts_per_cell": 3860.3318745441284, "avg_counts_per_gene": 349.2083862560414, "avg_nnzero_per_cell": 1745.2642231947484, "avg_nnzero_per_gene": 157.8778516404665, "min_cell": 195, "max_cell": 24271, "total_counts": 21170060, "overdispersion": 0.4535204596369389, "s_index": 3173}