{
	"numRecords": 47013170,
	"numReads": 153649837,
	"numBarcodes": 766479,
	"medianReadsPerBarcode": 3.000000,
	"meanReadsPerBarcode": 200.461900,
	"numUMIs": 1048526,
	"numBarcodeUMIs": 17287230,
	"medianUMIsPerBarcode": 1.000000,
	"meanUMIsPerBarcode": 22.554082,
	"gtRecords": 18474020,
	"numBarcodesOnWhitelist": 223032,
	"percentageBarcodesOnWhitelist": 29.098253,
	"numReadsOnWhitelist": 149403147,
	"percentageReadsOnWhitelist": 97.236125
}
