{"ncells": 2949, "ngenes": 60623, "nvals": 3741857, "density": 0.02093027765779139, "avg_per_cell": 3585.380807053238, "avg_per_gene": 174.4105042640582, "min_cell": 1877, "max_cell": 26263, "total_count": 10573288, "overdispersion": 0.1475302981696326, "s_index": 2494}