{
  "ncells": 360537,
  "ngenes": 63140,
  "nvals": 9293786,
  "density": 0.00040826133362084307,
  "avg_counts_per_cell": 89.93577080854392,
  "avg_counts_per_gene": 513.5440766550522,
  "avg_nnzero_per_cell": 25.777620604820033,
  "avg_nnzero_per_gene": 147.1933164396579,
  "min_cell": 0,
  "max_cell": 125076,
  "total_counts": 32425173,
  "overdispersion": 258.40515047058466,
  "s_index": 2377
}
