{
  "ncells": 3653,
  "ngenes": 63140,
  "nvals": 5523996,
  "density": 0.023949646395614626,
  "avg_counts_per_cell": 7494.571037503421,
  "avg_counts_per_gene": 433.6025974025974,
  "avg_nnzero_per_cell": 1512.1806734191075,
  "avg_nnzero_per_gene": 87.48805828318024,
  "min_cell": 199,
  "max_cell": 125076,
  "total_counts": 27377668,
  "overdispersion": 3.2831981638139736,
  "s_index": 2377
}
