{
  "ncells": 4373,
  "ngenes": 63140,
  "nvals": 2745479,
  "density": 0.009943380786916228,
  "avg_counts_per_cell": 1081.5490509947404,
  "avg_counts_per_gene": 74.90677858726639,
  "avg_nnzero_per_cell": 627.8250628858907,
  "avg_nnzero_per_gene": 43.48240418118467,
  "min_cell": 141,
  "max_cell": 10772,
  "total_counts": 4729614,
  "overdispersion": 1.1005522195845299,
  "s_index": 1315
}
