{
  "ncells": 410693,
  "ngenes": 63140,
  "nvals": 5174291,
  "density": 0.00019953954216345808,
  "avg_counts_per_cell": 18.00432439802967,
  "avg_counts_per_gene": 117.10880582831803,
  "avg_nnzero_per_cell": 12.598926692200743,
  "avg_nnzero_per_gene": 81.9494931897371,
  "min_cell": 0,
  "max_cell": 10772,
  "total_counts": 7394250,
  "overdispersion": 127.81047409256901,
  "s_index": 1315
}
