{
	"numRecords": 30453548,
	"numReads": 75960407,
	"numBarcodes": 765631,
	"medianReadsPerBarcode": 3.000000,
	"meanReadsPerBarcode": 99.212815,
	"numUMIs": 1048548,
	"numBarcodeUMIs": 18274573,
	"medianUMIsPerBarcode": 1.000000,
	"meanUMIsPerBarcode": 23.868643,
	"gtRecords": 12299034,
	"numTargets": 175593,
	"medianTargetsPerSet": 3.000000,
	"meanTargetsPerSet": 4.427843,
	"numSingleton": 18466786,
	"gtTargets": 8093,
	"numBarcodesOnWhitelist": 287468,
	"percentageBarcodesOnWhitelist": 37.546547,
	"numReadsOnWhitelist": 73558469,
	"percentageReadsOnWhitelist": 96.837908
}
