{"ncells": 6435, "ngenes": 60623, "nvals": 3607623, "density": 0.009247730643900415, "avg_counts_per_cell": 1868.613986013986, "avg_counts_per_gene": 198.34932286425945, "avg_nnzero_per_cell": 560.6251748251748, "avg_nnzero_per_gene": 59.50914669349917, "min_cell": 82, "max_cell": 144797, "total_counts": 12024531, "overdispersion": 5.998151625889245, "s_index": 1603}