{
  "ncells": 10905,
  "ngenes": 63140,
  "nvals": 22040336,
  "density": 0.032010168737783055,
  "avg_counts_per_cell": 7221.613388353966,
  "avg_counts_per_gene": 1247.2552106430155,
  "avg_nnzero_per_cell": 2021.1220541036223,
  "avg_nnzero_per_gene": 349.07089008552424,
  "min_cell": 712,
  "max_cell": 104184,
  "total_counts": 78751694,
  "overdispersion": 40.844361668961675,
  "s_index": 4808
}
