{
  "ncells": 556212,
  "ngenes": 63140,
  "nvals": 25948139,
  "density": 0.0007388585168828813,
  "avg_counts_per_cell": 151.74409937218184,
  "avg_counts_per_gene": 1336.7419860627178,
  "avg_nnzero_per_cell": 46.65152675598513,
  "avg_nnzero_per_gene": 410.9619733924612,
  "min_cell": 0,
  "max_cell": 104184,
  "total_counts": 84401889,
  "overdispersion": 1896.3940274506558,
  "s_index": 4808
}
