{
  "ncells": 25846,
  "ngenes": 63140,
  "nvals": 22375039,
  "density": 0.013710897477079157,
  "avg_counts_per_cell": 3357.9979107018494,
  "avg_counts_per_gene": 1374.5773519163763,
  "avg_nnzero_per_cell": 865.706066702778,
  "avg_nnzero_per_gene": 354.3718561925879,
  "min_cell": 12,
  "max_cell": 44044,
  "total_counts": 86790814,
  "overdispersion": 0.5763803444257871,
  "s_index": 5176
}
