{
  "ncells": 2080850,
  "ngenes": 63140,
  "nvals": 34201031,
  "density": 0.00026031179435129627,
  "avg_counts_per_cell": 54.90835860345532,
  "avg_counts_per_gene": 1809.5669623059866,
  "avg_nnzero_per_cell": 16.436086695340848,
  "avg_nnzero_per_gene": 541.6697972758949,
  "min_cell": 0,
  "max_cell": 44044,
  "total_counts": 114256058,
  "overdispersion": 62.64717019434542,
  "s_index": 5175
}
