{
	"numRecords": 13943673,
	"numReads": 65688053,
	"numBarcodes": 361747,
	"medianReadsPerBarcode": 4.000000,
	"meanReadsPerBarcode": 181.585619,
	"numUMIs": 1027929,
	"numBarcodeUMIs": 7260764,
	"medianUMIsPerBarcode": 1.000000,
	"meanUMIsPerBarcode": 20.071387,
	"gtRecords": 3883125,
	"numTargets": 162122,
	"medianTargetsPerSet": 3.000000,
	"meanTargetsPerSet": 4.202788,
	"numSingleton": 18291785,
	"gtTargets": 8242,
	"numBarcodesOnWhitelist": 176361,
	"percentageBarcodesOnWhitelist": 48.752581,
	"numReadsOnWhitelist": 63175314,
	"percentageReadsOnWhitelist": 96.174740
}
