{
  "ncells": 680,
  "ngenes": 60623,
  "nvals": 1104199,
  "density": 0.02678557740170446,
  "avg_per_cell": 6715.341176470588,
  "avg_per_gene": 75.32507464163766,
  "min_cell": 421,
  "max_cell": 101114,
  "total_counts": 4566432,
  "overdispersion": 1.9941651794651922
}
