{
	"numRecords": 52689652,
	"numReads": 132592793,
	"numBarcodes": 907851,
	"medianReadsPerBarcode": 3.000000,
	"meanReadsPerBarcode": 146.051272,
	"numUMIs": 1048425,
	"numBarcodeUMIs": 26927561,
	"medianUMIsPerBarcode": 1.000000,
	"meanUMIsPerBarcode": 29.660771,
	"gtRecords": 23151862,
	"numBarcodesOnWhitelist": 262936,
	"percentageBarcodesOnWhitelist": 28.962462,
	"numReadsOnWhitelist": 128139242,
	"percentageReadsOnWhitelist": 96.641182
}
