{"ncells": 2536, "ngenes": 60623, "nvals": 4813916, "density": 0.031312073985100344, "avg_counts_per_cell": 6571.0595425867505, "avg_counts_per_gene": 274.8825858172641, "avg_nnzero_per_cell": 1898.2318611987382, "avg_nnzero_per_gene": 79.40741962621448, "min_cell": 2070, "max_cell": 61529, "total_counts": 16664207, "overdispersion": 0.5530190828023102, "s_index": 2387}