{
  "ncells": 3140,
  "ngenes": 60623,
  "nvals": 241579,
  "density": 0.0012690890794112217,
  "avg_per_cell": 128.34012738853502,
  "avg_per_gene": 6.64744403939099,
  "min_cell": 27,
  "max_cell": 1893,
  "total_counts": 402988,
  "overdispersion": 5.26860772860756
}
