{"ncells": 954, "ngenes": 60623, "nvals": 140644, "density": 0.00243184231265223, "avg_per_cell": 248.24633123689728, "avg_per_gene": 3.9065536182636955, "min_cell": 136, "max_cell": 1893, "total_count": 236827, "overdispersion": 3.8650837860295177, "s_index": 266}