{
  "ncells": 77,
  "ngenes": 60623,
  "nvals": 9979,
  "density": 0.0021377596390380316,
  "avg_per_cell": 210.88311688311688,
  "avg_per_gene": 0.26785213532817576,
  "min_cell": 94,
  "max_cell": 405,
  "total_counts": 16238,
  "overdispersion": 0.48814437031770497
}
