{"ncells": 6, "ngenes": 60623, "nvals": 1358, "density": 0.003733456498908555, "avg_counts_per_cell": 380.8333333333333, "avg_counts_per_gene": 0.03769196509575574, "avg_nnzero_per_cell": 226.33333333333334, "avg_nnzero_per_gene": 0.02240073899345133, "min_cell": 345, "max_cell": 405, "total_counts": 2285, "overdispersion": 0.4630053645271898, "s_index": 6}