{"ncells": 6, "ngenes": 60623, "nvals": 1358, "density": 0.003733456498908555, "avg_per_cell": 380.8333333333333, "avg_per_gene": 0.03769196509575574, "min_cell": 345, "max_cell": 405, "total_count": 2285, "overdispersion": 0.4630053645271898, "s_index": 6}