{
  "ncells": 60989,
  "ngenes": 63140,
  "nvals": 370180,
  "density": 0.00009612953930381824,
  "avg_counts_per_cell": 12.427093410287101,
  "avg_counts_per_gene": 12.003737725688945,
  "avg_nnzero_per_cell": 6.0696191116430835,
  "avg_nnzero_per_gene": 5.86284447260057,
  "min_cell": 0,
  "max_cell": 25373,
  "total_counts": 757916,
  "overdispersion": 15035.46462624136,
  "s_index": 146
}
