{
  "ncells": 118,
  "ngenes": 63140,
  "nvals": 264789,
  "density": 0.035539667029952274,
  "avg_counts_per_cell": 5445.567796610169,
  "avg_counts_per_gene": 10.177019322141273,
  "avg_nnzero_per_cell": 2243.9745762711864,
  "avg_nnzero_per_gene": 4.193680709534368,
  "min_cell": 476,
  "max_cell": 25373,
  "total_counts": 642577,
  "overdispersion": 44.12387152614444,
  "s_index": 118
}
