{
  "ncells": 7247,
  "ngenes": 60623,
  "nvals": 11713592,
  "density": 0.026662103344350662,
  "avg_per_cell": 4670.353939561198,
  "avg_per_gene": 558.303861570691,
  "min_cell": 160,
  "max_cell": 51931,
  "total_counts": 33846055,
  "overdispersion": 1.0690278453854172
}
