{"ncells": 3048, "ngenes": 60623, "nvals": 8536282, "density": 0.04619727585352493, "avg_per_cell": 9208.49442257218, "avg_per_gene": 462.984197416822, "min_cell": 3169, "max_cell": 51931, "total_count": 28067491, "overdispersion": 0.7494709257001986, "s_index": 3048}