{
	"numRecords": 74233690,
	"numReads": 205069269,
	"numBarcodes": 1540198,
	"medianReadsPerBarcode": 3.000000,
	"meanReadsPerBarcode": 133.144744,
	"numUMIs": 1048575,
	"numBarcodeUMIs": 47563032,
	"medianUMIsPerBarcode": 1.000000,
	"meanUMIsPerBarcode": 30.881115,
	"gtRecords": 25389476,
	"numBarcodesOnWhitelist": 11479,
	"percentageBarcodesOnWhitelist": 0.745294,
	"numReadsOnWhitelist": 2464389,
	"percentageReadsOnWhitelist": 1.201735
}
