{
  "ncells": 77,
  "ngenes": 60623,
  "nvals": 115992,
  "density": 0.024848483420312595,
  "avg_per_cell": 5666.688311688312,
  "avg_per_gene": 7.197515794335483,
  "min_cell": 618,
  "max_cell": 43607,
  "total_counts": 436335,
  "overdispersion": 4.239943643349941
}
