{"ncells": 386, "ngenes": 60623, "nvals": 157027, "density": 0.006710418479485761, "avg_counts_per_cell": 1365.4740932642487, "avg_counts_per_gene": 8.694274450291143, "avg_nnzero_per_cell": 406.8056994818653, "avg_nnzero_per_gene": 2.590221533081504, "min_cell": 91, "max_cell": 43607, "total_counts": 527073, "overdispersion": 15.047462741096275, "s_index": 210}