{"ncells": 386, "ngenes": 60623, "nvals": 157027, "density": 0.006710418479485761, "avg_per_cell": 1365.4740932642487, "avg_per_gene": 8.694274450291143, "min_cell": 91, "max_cell": 43607, "total_count": 527073, "overdispersion": 15.047462741096275, "s_index": 210}