{
	"numRecords": 118506769,
	"numReads": 254517404,
	"numBarcodes": 2563857,
	"medianReadsPerBarcode": 2.000000,
	"meanReadsPerBarcode": 99.271295,
	"numUMIs": 1048576,
	"numBarcodeUMIs": 78206987,
	"medianUMIsPerBarcode": 1.000000,
	"meanUMIsPerBarcode": 30.503646,
	"gtRecords": 46894871,
	"numTargets": 190543,
	"medianTargetsPerSet": 4.000000,
	"meanTargetsPerSet": 4.617620,
	"numSingleton": 53158692,
	"gtTargets": 5925,
	"numBarcodesOnWhitelist": 567215,
	"percentageBarcodesOnWhitelist": 22.123504,
	"numReadsOnWhitelist": 244276674,
	"percentageReadsOnWhitelist": 95.976413
}
