{
  "ncells": 15506,
  "ngenes": 60623,
  "nvals": 19336949,
  "density": 0.020570779455920608,
  "avg_per_cell": 3757.2608667612535,
  "avg_per_gene": 961.0228296191215,
  "min_cell": 343,
  "max_cell": 35617,
  "total_counts": 58260087,
  "overdispersion": 0.5399059923278768
}
