{"ncells": 12321, "ngenes": 60623, "nvals": 18352367, "density": 0.024570200683450002, "avg_per_cell": 4550.973297621947, "avg_per_gene": 924.9384227108524, "min_cell": 1220, "max_cell": 35617, "total_count": 56072542, "overdispersion": 0.4256981883398022, "s_index": 4433}