{
	"numRecords": 39997096,
	"numReads": 135352416,
	"numBarcodes": 693504,
	"medianReadsPerBarcode": 3.000000,
	"meanReadsPerBarcode": 195.171788,
	"numUMIs": 1048515,
	"numBarcodeUMIs": 16900658,
	"medianUMIsPerBarcode": 1.000000,
	"meanUMIsPerBarcode": 24.369950,
	"gtRecords": 17076388,
	"numTargets": 162317,
	"medianTargetsPerSet": 4.000000,
	"meanTargetsPerSet": 5.112749,
	"numSingleton": 24938338,
	"gtTargets": 7783,
	"numBarcodesOnWhitelist": 205129,
	"percentageBarcodesOnWhitelist": 29.578633,
	"numReadsOnWhitelist": 131233827,
	"percentageReadsOnWhitelist": 96.957137
}
