{
  "ncells": 3189,
  "ngenes": 60623,
  "nvals": 3534798,
  "density": 0.018284060818547783,
  "avg_per_cell": 3086.2345562872374,
  "avg_per_gene": 162.34765682991605,
  "min_cell": 76,
  "max_cell": 24847,
  "total_counts": 9842002,
  "overdispersion": 0.4443167050534743
}
