{
	"numRecords": 47747048,
	"numReads": 131437112,
	"numBarcodes": 868985,
	"medianReadsPerBarcode": 4.000000,
	"meanReadsPerBarcode": 151.253603,
	"numUMIs": 1048283,
	"numBarcodeUMIs": 21807882,
	"medianUMIsPerBarcode": 1.000000,
	"meanUMIsPerBarcode": 25.095809,
	"gtRecords": 18728432,
	"numBarcodesOnWhitelist": 327992,
	"percentageBarcodesOnWhitelist": 37.744265,
	"numReadsOnWhitelist": 126837162,
	"percentageReadsOnWhitelist": 96.500265
}
