{
  "ncells": 5055,
  "ngenes": 60623,
  "nvals": 5191581,
  "density": 0.016941078321724805,
  "avg_per_cell": 3075.9788328387735,
  "avg_per_gene": 256.4880160995002,
  "min_cell": 559,
  "max_cell": 18879,
  "total_counts": 15549073,
  "overdispersion": 0.20569573002431873
}
