{
  "ncells": 145797,
  "ngenes": 63140,
  "nvals": 1639294,
  "density": 0.00017807529971536156,
  "avg_counts_per_cell": 31.22792650054528,
  "avg_counts_per_gene": 72.10861577446943,
  "avg_nnzero_per_cell": 11.24367442402793,
  "avg_nnzero_per_gene": 25.96284447260057,
  "min_cell": 0,
  "max_cell": 24216,
  "total_counts": 4552938,
  "overdispersion": 2159.754320126506,
  "s_index": 1004
}
