{
  "ncells": 1940,
  "ngenes": 63140,
  "nvals": 1191168,
  "density": 0.009724487230144761,
  "avg_counts_per_cell": 2058.039175257732,
  "avg_counts_per_gene": 63.234019638897685,
  "avg_nnzero_per_cell": 614.0041237113402,
  "avg_nnzero_per_gene": 18.865505226480835,
  "min_cell": 115,
  "max_cell": 24216,
  "total_counts": 3992596,
  "overdispersion": 31.496676341934783,
  "s_index": 1004
}
