{
	"numRecords": 127637949,
	"numReads": 470677324,
	"numBarcodes": 3226446,
	"medianReadsPerBarcode": 4.000000,
	"meanReadsPerBarcode": 145.881048,
	"numUMIs": 1048576,
	"numBarcodeUMIs": 71008074,
	"medianUMIsPerBarcode": 1.000000,
	"meanUMIsPerBarcode": 22.008140,
	"gtRecords": 40465163,
	"numTargets": 187286,
	"medianTargetsPerSet": 2.000000,
	"meanTargetsPerSet": 3.752825,
	"numSingleton": 179096044,
	"gtTargets": 5528,
	"numBarcodesOnWhitelist": 319763,
	"percentageBarcodesOnWhitelist": 9.910688,
	"numReadsOnWhitelist": 425213684,
	"percentageReadsOnWhitelist": 90.340805
}
