{
  "ncells": 70820,
  "ngenes": 60623,
  "nvals": 18408410,
  "density": 0.004287685593571034,
  "avg_per_cell": 767.009940694719,
  "avg_per_gene": 896.0236873793775,
  "min_cell": 24,
  "max_cell": 67369,
  "total_counts": 54319644,
  "overdispersion": 16.53583118629515
}
