{"ncells": 11032, "ngenes": 60623, "nvals": 15708269, "density": 0.0234874923977965, "avg_per_cell": 4605.5308194343725, "avg_per_gene": 838.1013146825462, "min_cell": 194, "max_cell": 67369, "total_count": 50808216, "overdispersion": 2.558752932540285, "s_index": 4411}