{
  "ncells": 595369,
  "ngenes": 63140,
  "nvals": 22978791,
  "density": 0.0006112746416515397,
  "avg_counts_per_cell": 139.7221387072555,
  "avg_counts_per_gene": 1317.4885967690846,
  "avg_nnzero_per_cell": 38.595880873878215,
  "avg_nnzero_per_gene": 363.93397212543556,
  "min_cell": 0,
  "max_cell": 87012,
  "total_counts": 83186230,
  "overdispersion": 241.34773736632806,
  "s_index": 4794
}
