{
  "ncells": 6310,
  "ngenes": 63140,
  "nvals": 19441189,
  "density": 0.048796523912097337,
  "avg_counts_per_cell": 12522.590491283676,
  "avg_counts_per_gene": 1251.465726955971,
  "avg_nnzero_per_cell": 3081.012519809826,
  "avg_nnzero_per_gene": 307.90606588533416,
  "min_cell": 11,
  "max_cell": 87012,
  "total_counts": 79017546,
  "overdispersion": 1.8952321633399374,
  "s_index": 4794
}
