{
	"numRecords": 113679210,
	"numReads": 136047895,
	"numBarcodes": 2218637,
	"medianReadsPerBarcode": 1.000000,
	"meanReadsPerBarcode": 61.320484,
	"numUMIs": 1048576,
	"numBarcodeUMIs": 103254617,
	"medianUMIsPerBarcode": 1.000000,
	"meanUMIsPerBarcode": 46.539662,
	"gtRecords": 83316992,
	"numTargets": 182735,
	"medianTargetsPerSet": 3.000000,
	"meanTargetsPerSet": 4.099402,
	"numSingleton": 33704897,
	"gtTargets": 7683,
	"numBarcodesOnWhitelist": 538174,
	"percentageBarcodesOnWhitelist": 24.256965,
	"numReadsOnWhitelist": 131174976,
	"percentageReadsOnWhitelist": 96.418233
}
