{"ncells": 12785, "ngenes": 60623, "nvals": 16428207, "density": 0.021195907226136006, "avg_counts_per_cell": 5171.6577238951895, "avg_counts_per_gene": 1090.6692839351401, "avg_nnzero_per_cell": 1284.959483770043, "avg_nnzero_per_gene": 270.9896738861488, "min_cell": 435, "max_cell": 55526, "total_counts": 66119644, "overdispersion": 2.930572985046404, "s_index": 3720}