{
  "ncells": 216683,
  "ngenes": 63140,
  "nvals": 2404860,
  "density": 0.00017577632544669365,
  "avg_counts_per_cell": 22.10607200380279,
  "avg_counts_per_gene": 75.86331960722205,
  "avg_nnzero_per_cell": 11.098517188704236,
  "avg_nnzero_per_gene": 38.08774152676592,
  "min_cell": 0,
  "max_cell": 48655,
  "total_counts": 4790010,
  "overdispersion": 654.1423642970577,
  "s_index": 868
}
