{
  "ncells": 1098,
  "ngenes": 63140,
  "nvals": 1260078,
  "density": 0.0181756734535623,
  "avg_counts_per_cell": 3122.3570127504554,
  "avg_counts_per_gene": 54.297560975609755,
  "avg_nnzero_per_cell": 1147.6120218579235,
  "avg_nnzero_per_gene": 19.956889452011403,
  "min_cell": 245,
  "max_cell": 48655,
  "total_counts": 3428348,
  "overdispersion": 5.919176772929915,
  "s_index": 868
}
