{
	"numRecords": 125055434,
	"numReads": 268446198,
	"numBarcodes": 1281571,
	"medianReadsPerBarcode": 3.000000,
	"meanReadsPerBarcode": 209.466505,
	"numUMIs": 1048576,
	"numBarcodeUMIs": 77173508,
	"medianUMIsPerBarcode": 1.000000,
	"meanUMIsPerBarcode": 60.217895,
	"gtRecords": 53274122,
	"numTargets": 191641,
	"medianTargetsPerSet": 4.000000,
	"meanTargetsPerSet": 6.105272,
	"numSingleton": 61386788,
	"gtTargets": 7939,
	"numBarcodesOnWhitelist": 433872,
	"percentageBarcodesOnWhitelist": 33.854699,
	"numReadsOnWhitelist": 256936919,
	"percentageReadsOnWhitelist": 95.712631
}
