{"ncells": 6935, "ngenes": 60623, "nvals": 14017840, "density": 0.03334242700650388, "avg_per_cell": 7871.811679884643, "avg_per_gene": 900.5000412384738, "min_cell": 101, "max_cell": 64807, "total_count": 54591014, "overdispersion": 2.6275347892348817, "s_index": 4043}