{
	"numRecords": 53605745,
	"numReads": 71722419,
	"numBarcodes": 1484066,
	"medianReadsPerBarcode": 2.000000,
	"meanReadsPerBarcode": 48.328322,
	"numUMIs": 1048571,
	"numBarcodeUMIs": 40760513,
	"medianUMIsPerBarcode": 1.000000,
	"meanUMIsPerBarcode": 27.465431,
	"gtRecords": 33776653,
	"numTargets": 186964,
	"medianTargetsPerSet": 4.000000,
	"meanTargetsPerSet": 4.786509,
	"numSingleton": 15302998,
	"gtTargets": 6210,
	"numBarcodesOnWhitelist": 193311,
	"percentageBarcodesOnWhitelist": 13.025768,
	"numReadsOnWhitelist": 66528787,
	"percentageReadsOnWhitelist": 92.758705
}
