{
  "ncells": 66,
  "ngenes": 60623,
  "nvals": 103582,
  "density": 0.025888264230147673,
  "avg_per_cell": 4872.590909090909,
  "avg_per_gene": 5.304768817115616,
  "min_cell": 764,
  "max_cell": 22024,
  "total_counts": 321591,
  "overdispersion": 1.6922591939404736
}
