{"ncells": 682, "ngenes": 60623, "nvals": 212399, "density": 0.00513724962260145, "avg_per_cell": 749.7228739002933, "avg_per_gene": 8.434274120383353, "min_cell": 219, "max_cell": 22024, "total_count": 511311, "overdispersion": 9.378156894309976, "s_index": 284}