{
  "ncells": 229938,
  "ngenes": 63140,
  "nvals": 2506085,
  "density": 0.0001726157700281372,
  "avg_counts_per_cell": 31.122589567622576,
  "avg_counts_per_gene": 113.33965790307253,
  "avg_nnzero_per_cell": 10.898959719576581,
  "avg_nnzero_per_gene": 39.69092492872981,
  "min_cell": 0,
  "max_cell": 19715,
  "total_counts": 7156266,
  "overdispersion": 1187.086515842775,
  "s_index": 1395
}
