{
  "ncells": 3317,
  "ngenes": 63140,
  "nvals": 1714817,
  "density": 0.00818780952864793,
  "avg_counts_per_cell": 1861.6659632197768,
  "avg_counts_per_gene": 97.80085524231866,
  "avg_nnzero_per_cell": 516.9782936388302,
  "avg_nnzero_per_gene": 27.158964206525184,
  "min_cell": 2,
  "max_cell": 19715,
  "total_counts": 6175146,
  "overdispersion": 18.665471940911033,
  "s_index": 1395
}
