{
  "ncells": 327810,
  "ngenes": 63140,
  "nvals": 8572334,
  "density": 0.0004141639639076063,
  "avg_counts_per_cell": 57.52297062322687,
  "avg_counts_per_gene": 298.6475292999683,
  "avg_nnzero_per_cell": 26.150312681126263,
  "avg_nnzero_per_gene": 135.76708900855243,
  "min_cell": 0,
  "max_cell": 15467,
  "total_counts": 18856605,
  "overdispersion": 46.15110903875025,
  "s_index": 2147
}
