{
  "ncells": 11484,
  "ngenes": 63140,
  "nvals": 7927254,
  "density": 0.010932639117133344,
  "avg_counts_per_cell": 1566.402037617555,
  "avg_counts_per_gene": 284.8996040544821,
  "avg_nnzero_per_cell": 690.2868338557994,
  "avg_nnzero_per_gene": 125.55042762115933,
  "min_cell": 0,
  "max_cell": 15467,
  "total_counts": 17988561,
  "overdispersion": 0.9777208838640431,
  "s_index": 2147
}
