{
  "ncells": 1653,
  "ngenes": 60623,
  "nvals": 402906,
  "density": 0.0040206239669986835,
  "avg_per_cell": 444.6581972171809,
  "avg_per_gene": 12.12444121867938,
  "min_cell": 4,
  "max_cell": 3743,
  "total_counts": 735020,
  "overdispersion": 2.6045783644456417
}
