{"ncells": 1577, "ngenes": 60623, "nvals": 399414, "density": 0.004177862724908021, "avg_counts_per_cell": 461.2232086239696, "avg_counts_per_gene": 11.997905085528595, "avg_nnzero_per_cell": 253.27457197209893, "avg_nnzero_per_gene": 6.588489517179948, "min_cell": 154, "max_cell": 3743, "total_counts": 727349, "overdispersion": 2.5367627224347027, "s_index": 502}