{
  "ncells": 507190,
  "ngenes": 63140,
  "nvals": 17196488,
  "density": 0.0005369879017460935,
  "avg_counts_per_cell": 121.73273723851023,
  "avg_counts_per_gene": 977.8528191320875,
  "avg_nnzero_per_cell": 33.90541611624835,
  "avg_nnzero_per_gene": 272.3548938866012,
  "min_cell": 0,
  "max_cell": 74944,
  "total_counts": 61741627,
  "overdispersion": 206.1360869436881,
  "s_index": 4298
}
