{
  "ncells": 6314,
  "ngenes": 63140,
  "nvals": 13690779,
  "density": 0.03434147976917819,
  "avg_counts_per_cell": 9142.222363002851,
  "avg_counts_per_gene": 914.2222363002851,
  "avg_nnzero_per_cell": 2168.3210326259104,
  "avg_nnzero_per_gene": 216.83210326259106,
  "min_cell": 368,
  "max_cell": 74944,
  "total_counts": 57723992,
  "overdispersion": 1.950437650521009,
  "s_index": 4298
}
