{
  "ncells": 4274,
  "ngenes": 60623,
  "nvals": 2503462,
  "density": 0.009662045129888303,
  "avg_per_cell": 1110.7950397753862,
  "avg_per_gene": 78.31248865941969,
  "min_cell": 422,
  "max_cell": 5493,
  "total_counts": 4747538,
  "overdispersion": 0.3022058940595811
}
