{"ncells": 4263, "ngenes": 60623, "nvals": 2500385, "density": 0.009675070272468275, "avg_per_cell": 1112.5702556884823, "avg_per_gene": 78.23576860267555, "min_cell": 425, "max_cell": 5493, "total_count": 4742887, "overdispersion": 0.30140271369622906, "s_index": 1290}