{
  "ncells": 182356,
  "ngenes": 63140,
  "nvals": 1178659,
  "density": 0.0001023678405270242,
  "avg_counts_per_cell": 12.066666301081401,
  "avg_counts_per_gene": 34.85,
  "avg_nnzero_per_cell": 6.4635054508763075,
  "avg_nnzero_per_gene": 18.667389927146026,
  "min_cell": 0,
  "max_cell": 45320,
  "total_counts": 2200429,
  "overdispersion": 158.68340839588345,
  "s_index": 219
}
