{
  "ncells": 166,
  "ngenes": 63140,
  "nvals": 349892,
  "density": 0.03338269136094584,
  "avg_counts_per_cell": 7613.704819277108,
  "avg_counts_per_gene": 20.01702565726956,
  "avg_nnzero_per_cell": 2107.7831325301204,
  "avg_nnzero_per_gene": 5.54152676591701,
  "min_cell": 0,
  "max_cell": 45320,
  "total_counts": 1263875,
  "overdispersion": 2.0528001403610947,
  "s_index": 163
}
