{
  "ncells": 9548,
  "ngenes": 60623,
  "nvals": 4898168,
  "density": 0.008462210848934082,
  "avg_per_cell": 1284.8386049434437,
  "avg_per_gene": 202.35948402421522,
  "min_cell": 27,
  "max_cell": 16830,
  "total_counts": 12267639,
  "overdispersion": 1.729836197778901
}
