{
  "ncells": 1456807,
  "ngenes": 63140,
  "nvals": 14771922,
  "density": 0.0001605944042449057,
  "avg_counts_per_cell": 54.93121669514218,
  "avg_counts_per_gene": 1267.40863161229,
  "avg_nnzero_per_cell": 10.139930684023346,
  "avg_nnzero_per_gene": 233.95505226480836,
  "min_cell": 0,
  "max_cell": 272882,
  "total_counts": 80024181,
  "overdispersion": 1751.4324643572256,
  "s_index": 1827
}
