{
  "ncells": 1886,
  "ngenes": 63140,
  "nvals": 11178520,
  "density": 0.09387242610220652,
  "avg_counts_per_cell": 40216.17126193001,
  "avg_counts_per_gene": 1201.2622584732342,
  "avg_nnzero_per_cell": 5927.104984093319,
  "avg_nnzero_per_gene": 177.0433956287615,
  "min_cell": 625,
  "max_cell": 272973,
  "total_counts": 75847699,
  "overdispersion": 1.4654253432306743,
  "s_index": 1827
}
