{
  "ncells": 306431,
  "ngenes": 63140,
  "nvals": 11493039,
  "density": 0.0005940152633463848,
  "avg_counts_per_cell": 68.68392231856437,
  "avg_counts_per_gene": 333.33675958188155,
  "avg_nnzero_per_cell": 37.506123727690735,
  "avg_nnzero_per_gene": 182.02469116249605,
  "min_cell": 0,
  "max_cell": 10540,
  "total_counts": 21046883,
  "overdispersion": 28.55092688003984,
  "s_index": 1922
}
