{
  "ncells": 15648,
  "ngenes": 63140,
  "nvals": 10573783,
  "density": 0.01070205006662249,
  "avg_counts_per_cell": 1273.582183026585,
  "avg_counts_per_gene": 315.6321507760532,
  "avg_nnzero_per_cell": 675.727441206544,
  "avg_nnzero_per_gene": 167.4656794425087,
  "min_cell": 2,
  "max_cell": 10540,
  "total_counts": 19929014,
  "overdispersion": 0.7114057963486774,
  "s_index": 1922
}
