{
  "ncells": 398404,
  "ngenes": 63140,
  "nvals": 16822924,
  "density": 0.0006687645059504877,
  "avg_counts_per_cell": 165.98500768064577,
  "avg_counts_per_gene": 1047.340687361419,
  "avg_nnzero_per_cell": 42.2257909057138,
  "avg_nnzero_per_gene": 266.4384542286981,
  "min_cell": 0,
  "max_cell": 108040,
  "total_counts": 66129091,
  "overdispersion": 240.75287163431807,
  "s_index": 2867
}
