{
  "ncells": 4821,
  "ngenes": 63140,
  "nvals": 9938697,
  "density": 0.0326503425088882,
  "avg_counts_per_cell": 11967.09188964945,
  "avg_counts_per_gene": 913.7369337979094,
  "avg_nnzero_per_cell": 2061.542626011201,
  "avg_nnzero_per_gene": 157.40730123535002,
  "min_cell": 341,
  "max_cell": 108040,
  "total_counts": 57693350,
  "overdispersion": 2.741378311248068,
  "s_index": 2867
}
