{
  "ncells": 2273,
  "ngenes": 60623,
  "nvals": 395275,
  "density": 0.002868550417896869,
  "avg_per_cell": 350.6814782226133,
  "avg_per_gene": 13.148458505847616,
  "min_cell": 0,
  "max_cell": 2998,
  "total_counts": 797099,
  "overdispersion": 4.368346754540163
}
