{"ncells": 3215, "ngenes": 60623, "nvals": 487768, "density": 0.002502619957846199, "avg_per_cell": 291.7399688958009, "avg_per_gene": 15.471751645415106, "min_cell": 106, "max_cell": 2998, "total_count": 937944, "overdispersion": 5.190273900098674, "s_index": 447}