{
	"numRecords": 33803912,
	"numReads": 42960071,
	"numBarcodes": 1057703,
	"medianReadsPerBarcode": 2.000000,
	"meanReadsPerBarcode": 40.616384,
	"numUMIs": 1048562,
	"numBarcodeUMIs": 26835676,
	"medianUMIsPerBarcode": 1.000000,
	"meanUMIsPerBarcode": 25.371655,
	"gtRecords": 23032266,
	"numTargets": 180495,
	"medianTargetsPerSet": 4.000000,
	"meanTargetsPerSet": 4.762527,
	"numSingleton": 9524453,
	"gtTargets": 7907,
	"numBarcodesOnWhitelist": 168017,
	"percentageBarcodesOnWhitelist": 15.885083,
	"numReadsOnWhitelist": 39813403,
	"percentageReadsOnWhitelist": 92.675366
}
