{
  "ncells": 5695,
  "ngenes": 60623,
  "nvals": 7983221,
  "density": 0.023123150161180522,
  "avg_per_cell": 3825.694293239684,
  "avg_per_gene": 359.39047886115833,
  "min_cell": 316,
  "max_cell": 38972,
  "total_counts": 21787329,
  "overdispersion": 1.321832084802006
}
