{"ncells": 2881, "ngenes": 60623, "nvals": 6199108, "density": 0.035493474922596344, "avg_per_cell": 6456.441166261715, "avg_per_gene": 306.83085627567095, "min_cell": 2364, "max_cell": 38972, "total_count": 18601007, "overdispersion": 0.7407604431166851, "s_index": 2680}