{"ncells": 2031, "ngenes": 60623, "nvals": 7898613, "density": 0.06415100849327383, "avg_counts_per_cell": 25624.370753323485, "avg_counts_per_gene": 858.4711578113917, "avg_nnzero_per_cell": 3889.02658788774, "avg_nnzero_per_gene": 130.29069824983918, "min_cell": 6047, "max_cell": 97107, "total_counts": 52043097, "overdispersion": 0.5534455502799391, "s_index": 2031}