{
	"numRecords": 111706920,
	"numReads": 286677395,
	"numBarcodes": 2478911,
	"medianReadsPerBarcode": 2.000000,
	"meanReadsPerBarcode": 115.646506,
	"numUMIs": 1048576,
	"numBarcodeUMIs": 89928708,
	"medianUMIsPerBarcode": 1.000000,
	"meanUMIsPerBarcode": 36.277506,
	"gtRecords": 67316794,
	"numBarcodesOnWhitelist": 405882,
	"percentageBarcodesOnWhitelist": 16.373399,
	"numReadsOnWhitelist": 279579464,
	"percentageReadsOnWhitelist": 97.524070
}
