{
  "ncells": 6522,
  "ngenes": 63140,
  "nvals": 8191775,
  "density": 0.01989265007585738,
  "avg_counts_per_cell": 5482.102882551365,
  "avg_counts_per_gene": 566.2697972758948,
  "avg_nnzero_per_cell": 1256.0219257896351,
  "avg_nnzero_per_gene": 129.73986379474184,
  "min_cell": 192,
  "max_cell": 84177,
  "total_counts": 35754275,
  "overdispersion": 8.64693961266881,
  "s_index": 3318
}
