{
  "ncells": 396755,
  "ngenes": 63140,
  "nvals": 12541668,
  "density": 0.000500643191042224,
  "avg_counts_per_cell": 104.10202769971393,
  "avg_counts_per_gene": 654.1495090275578,
  "avg_nnzero_per_cell": 31.61061108240602,
  "avg_nnzero_per_gene": 198.63268926195755,
  "min_cell": 0,
  "max_cell": 84177,
  "total_counts": 41303000,
  "overdispersion": 384.4351325411872,
  "s_index": 3318
}
