{
	"numRecords": 81390508,
	"numReads": 133472405,
	"numBarcodes": 1823607,
	"medianReadsPerBarcode": 2.000000,
	"meanReadsPerBarcode": 73.191431,
	"numUMIs": 15748473,
	"numBarcodeUMIs": 70301928,
	"medianUMIsPerBarcode": 1.000000,
	"meanUMIsPerBarcode": 38.551030,
	"gtRecords": 37370018,
	"numBarcodesOnWhitelist": 1020245,
	"percentageBarcodesOnWhitelist": 55.946539,
	"numReadsOnWhitelist": 129620209,
	"percentageReadsOnWhitelist": 97.113863
}
