{
  "ncells": 2147,
  "ngenes": 60623,
  "nvals": 10517425,
  "density": 0.08080532012960505,
  "avg_per_cell": 27084.917093619002,
  "avg_per_gene": 959.2286260990053,
  "min_cell": 953,
  "max_cell": 148808,
  "total_counts": 58151317,
  "overdispersion": 0.5553108084540513
}
