{"ncells": 2987, "ngenes": 60623, "nvals": 10607062, "density": 0.058576370790202774, "avg_per_cell": 19548.67525945765, "avg_per_gene": 963.1970209326494, "min_cell": 150, "max_cell": 148808, "total_count": 58391893, "overdispersion": 1.1144063726795093, "s_index": 2078}