{"ncells": 11935, "ngenes": 60623, "nvals": 26855588, "density": 0.03711716676571387, "avg_per_cell": 12840.328864683703, "avg_per_gene": 2527.9073124061824, "min_cell": 524, "max_cell": 320749, "total_count": 153249325, "overdispersion": 2.9585006504220805, "s_index": 4189}