{"ncells": 11935, "ngenes": 60623, "nvals": 26855588, "density": 0.03711716676571387, "avg_counts_per_cell": 12840.328864683703, "avg_counts_per_gene": 2527.9073124061824, "avg_nnzero_per_cell": 2250.154000837872, "avg_nnzero_per_gene": 442.993385348795, "min_cell": 524, "max_cell": 320749, "total_counts": 153249325, "overdispersion": 2.9585006504220805, "s_index": 4189}