{
  "ncells": 202267,
  "ngenes": 63140,
  "nvals": 774209,
  "density": 0.00006062176894210428,
  "avg_counts_per_cell": 6.210390226779455,
  "avg_counts_per_gene": 19.89478935698448,
  "avg_nnzero_per_cell": 3.827658491004464,
  "avg_nnzero_per_gene": 12.261783338612608,
  "min_cell": 0,
  "max_cell": 7684,
  "total_counts": 1256157,
  "overdispersion": 291.8044457670054,
  "s_index": 434
}
