{
  "ncells": 732,
  "ngenes": 63140,
  "nvals": 225585,
  "density": 0.00488083987184347,
  "avg_counts_per_cell": 733.6284153005464,
  "avg_counts_per_gene": 8.505163129553374,
  "avg_nnzero_per_cell": 308.17622950819674,
  "avg_nnzero_per_gene": 3.57277478618942,
  "min_cell": 84,
  "max_cell": 7684,
  "total_counts": 537016,
  "overdispersion": 3.7413783688977165,
  "s_index": 434
}
