{
  "ncells": 12888,
  "ngenes": 63140,
  "nvals": 20740199,
  "density": 0.025487240330032263,
  "avg_counts_per_cell": 6093.699953445065,
  "avg_counts_per_gene": 1243.832831802344,
  "avg_nnzero_per_cell": 1609.2643544382372,
  "avg_nnzero_per_gene": 328.4795533734558,
  "min_cell": 0,
  "max_cell": 53587,
  "total_counts": 78535605,
  "overdispersion": 10.893263073449631,
  "s_index": 4922
}
