{
  "ncells": 466176,
  "ngenes": 63140,
  "nvals": 24709765,
  "density": 0.0008394872923558206,
  "avg_counts_per_cell": 180.35026899711696,
  "avg_counts_per_gene": 1331.5642540386443,
  "avg_nnzero_per_cell": 53.005227639346515,
  "avg_nnzero_per_gene": 391.348828001267,
  "min_cell": 0,
  "max_cell": 53587,
  "total_counts": 84074967,
  "overdispersion": 388.17968230404244,
  "s_index": 4922
}
