{
	"numRecords": 70445411,
	"numReads": 230687258,
	"numBarcodes": 1371953,
	"medianReadsPerBarcode": 4.000000,
	"meanReadsPerBarcode": 168.145161,
	"numUMIs": 1048571,
	"numBarcodeUMIs": 44515289,
	"medianUMIsPerBarcode": 1.000000,
	"meanUMIsPerBarcode": 32.446657,
	"gtRecords": 19956669,
	"numTargets": 175261,
	"medianTargetsPerSet": 4.000000,
	"meanTargetsPerSet": 4.505061,
	"numSingleton": 48696132,
	"gtTargets": 6763,
	"numBarcodesOnWhitelist": 429891,
	"percentageBarcodesOnWhitelist": 31.334237,
	"numReadsOnWhitelist": 222390688,
	"percentageReadsOnWhitelist": 96.403542
}
