{
  "ncells": 3171,
  "ngenes": 60623,
  "nvals": 5822945,
  "density": 0.030290679923362554,
  "avg_per_cell": 6057.320088300221,
  "avg_per_gene": 316.8395163551787,
  "min_cell": 3326,
  "max_cell": 94177,
  "total_counts": 19207762,
  "overdispersion": 0.8600957798053528
}
