{
	"numRecords": 138830890,
	"numReads": 452024770,
	"numBarcodes": 3558141,
	"medianReadsPerBarcode": 3.000000,
	"meanReadsPerBarcode": 127.039589,
	"numUMIs": 1048575,
	"numBarcodeUMIs": 82213092,
	"medianUMIsPerBarcode": 1.000000,
	"meanUMIsPerBarcode": 23.105631,
	"gtRecords": 48225690,
	"numTargets": 186051,
	"medianTargetsPerSet": 2.000000,
	"meanTargetsPerSet": 3.621641,
	"numSingleton": 173469961,
	"gtTargets": 6099,
	"numBarcodesOnWhitelist": 351575,
	"percentageBarcodesOnWhitelist": 9.880862,
	"numReadsOnWhitelist": 406419048,
	"percentageReadsOnWhitelist": 89.910791
}
