{
  "ncells": 12531,
  "ngenes": 60623,
  "nvals": 19302558,
  "density": 0.025409242143634356,
  "avg_per_cell": 4931.9027212512965,
  "avg_per_gene": 1019.4426702736586,
  "min_cell": 205,
  "max_cell": 50011,
  "total_counts": 61801673,
  "overdispersion": 2.022247748007974
}
