{"ncells": 12531, "ngenes": 60623, "nvals": 19302558, "density": 0.025409242143634356, "avg_counts_per_cell": 4931.9027212512965, "avg_counts_per_gene": 1019.4426702736586, "avg_nnzero_per_cell": 1540.3844864735456, "avg_nnzero_per_gene": 318.40321330188215, "min_cell": 205, "max_cell": 50011, "total_counts": 61801673, "overdispersion": 2.022247748007974, "s_index": 5097}