{
  "ncells": 1322,
  "ngenes": 60623,
  "nvals": 314168,
  "density": 0.003920063192564607,
  "avg_per_cell": 365.2881996974281,
  "avg_per_gene": 7.965805057486433,
  "min_cell": 2,
  "max_cell": 2305,
  "total_counts": 482911,
  "overdispersion": 2.2824177510502914
}
