{"ncells": 1237, "ngenes": 60623, "nvals": 306485, "density": 0.004086976121863511, "avg_per_cell": 382.1802748585287, "avg_per_gene": 7.798310872111245, "min_cell": 141, "max_cell": 2305, "total_count": 472757, "overdispersion": 2.1891755405247273, "s_index": 408}