{
  "ncells": 2996,
  "ngenes": 60623,
  "nvals": 1435376,
  "density": 0.007902899283842423,
  "avg_per_cell": 1755.7763684913218,
  "avg_per_gene": 86.77079656236081,
  "min_cell": 149,
  "max_cell": 17264,
  "total_counts": 5260306,
  "overdispersion": 2.3148246356408007
}
