{
  "ncells": 1746,
  "ngenes": 63140,
  "nvals": 5199189,
  "density": 0.04716141079606003,
  "avg_counts_per_cell": 13512.72107674685,
  "avg_counts_per_gene": 373.66504592968005,
  "avg_nnzero_per_cell": 2977.77147766323,
  "avg_nnzero_per_gene": 82.34382324992082,
  "min_cell": 185,
  "max_cell": 72312,
  "total_counts": 23593211,
  "overdispersion": 1.1759559010425191,
  "s_index": 1446
}
