{
  "ncells": 408611,
  "ngenes": 63140,
  "nvals": 9194003,
  "density": 0.00035636086932355293,
  "avg_counts_per_cell": 69.00220258387562,
  "avg_counts_per_gene": 446.5482895153627,
  "avg_nnzero_per_cell": 22.500625289089133,
  "avg_nnzero_per_gene": 145.6129711751663,
  "min_cell": 0,
  "max_cell": 72312,
  "total_counts": 28195059,
  "overdispersion": 402.04515567601504,
  "s_index": 1446
}
