{
  "ncells": 10785,
  "ngenes": 60623,
  "nvals": 14273310,
  "density": 0.02183067301395797,
  "avg_per_cell": 4111.135095039406,
  "avg_per_gene": 731.3823466341157,
  "min_cell": 182,
  "max_cell": 62634,
  "total_counts": 44338592,
  "overdispersion": 2.6095549726416425
}
