{"ncells": 2987, "ngenes": 60623, "nvals": 10607062, "density": 0.058576370790202774, "avg_counts_per_cell": 19548.67525945765, "avg_counts_per_gene": 963.1970209326494, "avg_nnzero_per_cell": 3551.075326414463, "avg_nnzero_per_gene": 174.96761955033568, "min_cell": 150, "max_cell": 148808, "total_counts": 58391893, "overdispersion": 1.1144063726795093, "s_index": 2078}