{
  "ncells": 407646,
  "ngenes": 63140,
  "nvals": 14125551,
  "density": 0.0005488044633109882,
  "avg_counts_per_cell": 86.97102633167013,
  "avg_counts_per_gene": 561.5044504276211,
  "avg_nnzero_per_cell": 34.65151381345579,
  "avg_nnzero_per_gene": 223.71794425087108,
  "min_cell": 0,
  "max_cell": 21481,
  "total_counts": 35453391,
  "overdispersion": 33.29101599422653,
  "s_index": 3085
}
