{
  "ncells": 14452,
  "ngenes": 63140,
  "nvals": 12930137,
  "density": 0.014170024331416458,
  "avg_counts_per_cell": 2310.691530584002,
  "avg_counts_per_gene": 528.8899904973076,
  "avg_nnzero_per_cell": 894.6953362856352,
  "avg_nnzero_per_gene": 204.78519163763067,
  "min_cell": 0,
  "max_cell": 21481,
  "total_counts": 33394114,
  "overdispersion": 0.4863448442549886,
  "s_index": 3085
}
