{
  "ncells": 139254,
  "ngenes": 63140,
  "nvals": 1060248,
  "density": 0.00012058553246843324,
  "avg_counts_per_cell": 22.577369411291595,
  "avg_counts_per_gene": 49.793934114665824,
  "avg_nnzero_per_cell": 7.613770520056875,
  "avg_nnzero_per_gene": 16.792017738359203,
  "min_cell": 0,
  "max_cell": 86380,
  "total_counts": 3143989,
  "overdispersion": 2387.024341472359,
  "s_index": 449
}
