{
  "ncells": 466,
  "ngenes": 63140,
  "nvals": 569747,
  "density": 0.019363843003013945,
  "avg_counts_per_cell": 5448.229613733905,
  "avg_counts_per_gene": 40.21024707000317,
  "avg_nnzero_per_cell": 1222.6330472103004,
  "avg_nnzero_per_gene": 9.023550839404498,
  "min_cell": 317,
  "max_cell": 86380,
  "total_counts": 2538875,
  "overdispersion": 10.11121748928068,
  "s_index": 446
}
