{
  "ncells": 445242,
  "ngenes": 63140,
  "nvals": 12168114,
  "density": 0.0004328351952022982,
  "avg_counts_per_cell": 73.47795131636279,
  "avg_counts_per_gene": 518.141748495407,
  "avg_nnzero_per_cell": 27.329214225073105,
  "avg_nnzero_per_gene": 192.71640798226164,
  "min_cell": 0,
  "max_cell": 74307,
  "total_counts": 32715470,
  "overdispersion": 256.911947096252,
  "s_index": 3578
}
