{
  "ncells": 4795,
  "ngenes": 63140,
  "nvals": 10320231,
  "density": 0.034087584634902725,
  "avg_counts_per_cell": 6389.3157455683,
  "avg_counts_per_gene": 485.2196547355084,
  "avg_nnzero_per_cell": 2152.2900938477583,
  "avg_nnzero_per_gene": 163.44996832435857,
  "min_cell": 188,
  "max_cell": 74307,
  "total_counts": 30636769,
  "overdispersion": 2.1790442718378564,
  "s_index": 3578
}
