{
  "ncells": 1152,
  "ngenes": 63140,
  "nvals": 1964680,
  "density": 0.02701063333685285,
  "avg_counts_per_cell": 6790.289930555556,
  "avg_counts_per_gene": 123.88999049730756,
  "avg_nnzero_per_cell": 1705.451388888889,
  "avg_nnzero_per_gene": 31.11624960405448,
  "min_cell": 102,
  "max_cell": 39480,
  "total_counts": 7822414,
  "overdispersion": 0.9896651860771358,
  "s_index": 905
}
