{
  "ncells": 385690,
  "ngenes": 63140,
  "nvals": 3797756,
  "density": 0.00015594954147273113,
  "avg_counts_per_cell": 25.381933677305607,
  "avg_counts_per_gene": 155.04526449160596,
  "avg_nnzero_per_cell": 9.846654048588244,
  "avg_nnzero_per_gene": 60.14817865061767,
  "min_cell": 0,
  "max_cell": 39480,
  "total_counts": 9789558,
  "overdispersion": 430.3274331108718,
  "s_index": 905
}
