{
	"numRecords": 59788929,
	"numReads": 467398994,
	"numBarcodes": 1026759,
	"medianReadsPerBarcode": 2.000000,
	"meanReadsPerBarcode": 455.217820,
	"numUMIs": 1048560,
	"numBarcodeUMIs": 23482864,
	"medianUMIsPerBarcode": 1.000000,
	"meanUMIsPerBarcode": 22.870863,
	"gtRecords": 21945239,
	"numTargets": 185902,
	"medianTargetsPerSet": 4.000000,
	"meanTargetsPerSet": 5.075413,
	"numSingleton": 84108943,
	"gtTargets": 5570,
	"numBarcodesOnWhitelist": 182641,
	"percentageBarcodesOnWhitelist": 17.788108,
	"numReadsOnWhitelist": 454230960,
	"percentageReadsOnWhitelist": 97.182700
}
