{"ncells": 10669, "ngenes": 60623, "nvals": 3062753, "density": 0.00473533637600423, "avg_counts_per_cell": 854.9944699596963, "avg_counts_per_gene": 150.46988766639726, "avg_nnzero_per_cell": 287.0702971225044, "avg_nnzero_per_gene": 50.521303795589134, "min_cell": 92, "max_cell": 88303, "total_counts": 9121936, "overdispersion": 24.523214167246447, "s_index": 730}