{"ncells": 10669, "ngenes": 60623, "nvals": 3062753, "density": 0.00473533637600423, "avg_per_cell": 854.9944699596963, "avg_per_gene": 150.46988766639726, "min_cell": 92, "max_cell": 88303, "total_count": 9121936, "overdispersion": 24.523214167246447, "s_index": 730}