{
	"numRecords": 8465765,
	"numReads": 17704210,
	"numBarcodes": 628516,
	"medianReadsPerBarcode": 1.000000,
	"meanReadsPerBarcode": 28.168273,
	"numUMIs": 1042406,
	"numBarcodeUMIs": 7265302,
	"medianUMIsPerBarcode": 1.000000,
	"meanUMIsPerBarcode": 11.559454,
	"gtRecords": 3706623,
	"numBarcodesOnWhitelist": 189449,
	"percentageBarcodesOnWhitelist": 30.142272,
	"numReadsOnWhitelist": 15930080,
	"percentageReadsOnWhitelist": 89.979050
}
