{
  "ncells": 45999,
  "ngenes": 60623,
  "nvals": 2593252,
  "density": 0.0009299485187029207,
  "avg_per_cell": 70.25772299397813,
  "avg_per_gene": 53.30955248008182,
  "min_cell": 0,
  "max_cell": 13954,
  "total_counts": 3231785,
  "overdispersion": 3.1848166200737267
}
