{"ncells": 207, "ngenes": 60623, "nvals": 100781, "density": 0.008031023444889183, "avg_per_cell": 1128.8454106280194, "avg_per_gene": 3.854494168879798, "min_cell": 358, "max_cell": 13954, "total_count": 233671, "overdispersion": 2.554932581027442, "s_index": 207}