{
  "ncells": 232689,
  "ngenes": 63140,
  "nvals": 4598217,
  "density": 0.0003129745559895968,
  "avg_counts_per_cell": 119.50832226706032,
  "avg_counts_per_gene": 440.4224263541337,
  "avg_nnzero_per_cell": 19.76121346518314,
  "avg_nnzero_per_gene": 72.82573645866329,
  "min_cell": 0,
  "max_cell": 43975,
  "total_counts": 27808272,
  "overdispersion": 62.23589372336846,
  "s_index": 3382
}
