{
  "ncells": 5435,
  "ngenes": 63140,
  "nvals": 3922939,
  "density": 0.011431610774846801,
  "avg_counts_per_cell": 4772.178288868446,
  "avg_counts_per_gene": 410.7822141273361,
  "avg_nnzero_per_cell": 721.791904323827,
  "avg_nnzero_per_gene": 62.130804561292365,
  "min_cell": 237,
  "max_cell": 43975,
  "total_counts": 25936789,
  "overdispersion": 0.6362392588791941,
  "s_index": 3382
}
