{"ncells": 7068, "ngenes": 60623, "nvals": 11823068, "density": 0.027592828551448734, "avg_counts_per_cell": 5417.6264855687605, "avg_counts_per_gene": 631.6378932088481, "avg_nnzero_per_cell": 1672.7600452744766, "avg_nnzero_per_gene": 195.02611220163965, "min_cell": 172, "max_cell": 57512, "total_counts": 38291784, "overdispersion": 7.390037468415666, "s_index": 3605}