{
	"numRecords": 50450438,
	"numReads": 221333156,
	"numBarcodes": 1207664,
	"medianReadsPerBarcode": 3.000000,
	"meanReadsPerBarcode": 183.273788,
	"numUMIs": 1048575,
	"numBarcodeUMIs": 29553177,
	"medianUMIsPerBarcode": 1.000000,
	"meanUMIsPerBarcode": 24.471357,
	"gtRecords": 16981702,
	"numBarcodesOnWhitelist": 298200,
	"percentageBarcodesOnWhitelist": 24.692299,
	"numReadsOnWhitelist": 212735664,
	"percentageReadsOnWhitelist": 96.115588
}
