{"ncells": 1507, "ngenes": 60623, "nvals": 1036161, "density": 0.011341658473609911, "avg_counts_per_cell": 1575.2554744525548, "avg_counts_per_gene": 39.15857017963479, "avg_nnzero_per_cell": 687.5653616456536, "avg_nnzero_per_gene": 17.091879319730136, "min_cell": 52, "max_cell": 16644, "total_counts": 2373910, "overdispersion": 0.7331322270110224, "s_index": 900}