{
  "ncells": 1981,
  "ngenes": 63140,
  "nvals": 398003,
  "density": 0.003181978878535188,
  "avg_counts_per_cell": 511.0080767289248,
  "avg_counts_per_gene": 16.032736775419703,
  "avg_nnzero_per_cell": 200.91014639071176,
  "avg_nnzero_per_gene": 6.303500158378207,
  "min_cell": 15,
  "max_cell": 10116,
  "total_counts": 1012307,
  "overdispersion": 4.960254008012844,
  "s_index": 538
}
