{
  "ncells": 240242,
  "ngenes": 63140,
  "nvals": 943165,
  "density": 0.0000621776299543088,
  "avg_counts_per_cell": 7.233668550877865,
  "avg_counts_per_gene": 27.523455812480204,
  "avg_nnzero_per_cell": 3.925895555315057,
  "avg_nnzero_per_gene": 14.937678175483054,
  "min_cell": 0,
  "max_cell": 10116,
  "total_counts": 1737831,
  "overdispersion": 240.37373950605271,
  "s_index": 538
}
