{
	"numRecords": 65084470,
	"numReads": 94823236,
	"numBarcodes": 1512649,
	"medianReadsPerBarcode": 2.000000,
	"meanReadsPerBarcode": 62.686873,
	"numUMIs": 1048576,
	"numBarcodeUMIs": 43801228,
	"medianUMIsPerBarcode": 1.000000,
	"meanUMIsPerBarcode": 28.956637,
	"gtRecords": 36994766,
	"numTargets": 188741,
	"medianTargetsPerSet": 4.000000,
	"meanTargetsPerSet": 4.763372,
	"numSingleton": 20574549,
	"gtTargets": 5659,
	"numBarcodesOnWhitelist": 201469,
	"percentageBarcodesOnWhitelist": 13.318952,
	"numReadsOnWhitelist": 88082802,
	"percentageReadsOnWhitelist": 92.891580
}
