{"ncells": 2675, "ngenes": 60623, "nvals": 8396775, "density": 0.05177871943670249, "avg_counts_per_cell": 11138.755514018692, "avg_counts_per_gene": 491.49944740445045, "avg_nnzero_per_cell": 3138.9813084112147, "avg_nnzero_per_gene": 138.50807449317915, "min_cell": 3998, "max_cell": 60247, "total_counts": 29796171, "overdispersion": 0.6898336154634773, "s_index": 2675}