{
  "ncells": 13415,
  "ngenes": 63140,
  "nvals": 12162756,
  "density": 0.014359414755040328,
  "avg_counts_per_cell": 2786.00678345136,
  "avg_counts_per_gene": 591.9271618625277,
  "avg_nnzero_per_cell": 906.6534476332464,
  "avg_nnzero_per_gene": 192.63154893886602,
  "min_cell": 0,
  "max_cell": 24850,
  "total_counts": 37374281,
  "overdispersion": 0.6830550844031584,
  "s_index": 3186
}
