{
  "ncells": 414351,
  "ngenes": 63140,
  "nvals": 13449311,
  "density": 0.0005140756903445906,
  "avg_counts_per_cell": 95.70058718333007,
  "avg_counts_per_gene": 628.027146024707,
  "avg_nnzero_per_cell": 32.458739088357454,
  "avg_nnzero_per_gene": 213.00777636997148,
  "min_cell": 0,
  "max_cell": 24850,
  "total_counts": 39653634,
  "overdispersion": 39.20371424966596,
  "s_index": 3186
}
