{"ncells": 8018, "ngenes": 60623, "nvals": 7141277, "density": 0.014691711888028917, "avg_counts_per_cell": 4366.892866051385, "avg_counts_per_gene": 577.5653959718259, "avg_nnzero_per_cell": 890.655649787977, "avg_nnzero_per_gene": 117.79814591821585, "min_cell": 119, "max_cell": 53890, "total_counts": 35013747, "overdispersion": 4.132937920307808, "s_index": 3263}