{
  "ncells": 1224,
  "ngenes": 63140,
  "nvals": 1060687,
  "density": 0.0137246491353378,
  "avg_counts_per_cell": 3031.7712418300653,
  "avg_counts_per_gene": 58.77237884067152,
  "avg_nnzero_per_cell": 866.5743464052288,
  "avg_nnzero_per_gene": 16.798970541653468,
  "min_cell": 25,
  "max_cell": 56179,
  "total_counts": 3710888,
  "overdispersion": 5.65667325884874,
  "s_index": 677
}
