{
  "ncells": 181185,
  "ngenes": 63140,
  "nvals": 2185462,
  "density": 0.0001910365391028263,
  "avg_counts_per_cell": 27.085227805833817,
  "avg_counts_per_gene": 77.72310738042445,
  "avg_nnzero_per_cell": 12.062047078952451,
  "avg_nnzero_per_gene": 34.61295533734558,
  "min_cell": 0,
  "max_cell": 56179,
  "total_counts": 4907437,
  "overdispersion": 485.31536028102255,
  "s_index": 677
}
