{
  "ncells": 16082,
  "ngenes": 63140,
  "nvals": 21912337,
  "density": 0.021579633433137273,
  "avg_counts_per_cell": 3704.4054843924887,
  "avg_counts_per_gene": 943.5262749445676,
  "avg_nnzero_per_cell": 1362.5380549682875,
  "avg_nnzero_per_gene": 347.04366487171364,
  "min_cell": 334,
  "max_cell": 57288,
  "total_counts": 59574249,
  "overdispersion": 1.3215170504624816,
  "s_index": 4200
}
