{
  "ncells": 1643760,
  "ngenes": 63140,
  "nvals": 31535869,
  "density": 0.00030385180278212555,
  "avg_counts_per_cell": 48.730520270599115,
  "avg_counts_per_gene": 1268.629711751663,
  "avg_nnzero_per_cell": 19.185202827663407,
  "avg_nnzero_per_gene": 499.45943934114666,
  "min_cell": 0,
  "max_cell": 57279,
  "total_counts": 80101280,
  "overdispersion": 60.101303134695684,
  "s_index": 4199
}
