{
	"numRecords": 8438474,
	"numReads": 23623201,
	"numBarcodes": 1495307,
	"medianReadsPerBarcode": 3.000000,
	"meanReadsPerBarcode": 15.798228,
	"numUMIs": 1038167,
	"numBarcodeUMIs": 7488530,
	"medianUMIsPerBarcode": 1.000000,
	"meanUMIsPerBarcode": 5.008022,
	"gtRecords": 3285056,
	"numBarcodesOnWhitelist": 155292,
	"percentageBarcodesOnWhitelist": 10.385292,
	"numReadsOnWhitelist": 13138540,
	"percentageReadsOnWhitelist": 55.617103
}
