{"ncells": 3158, "ngenes": 60623, "nvals": 1302479, "density": 0.006803324404964341, "avg_counts_per_cell": 887.9385687143762, "avg_counts_per_gene": 46.254886759150814, "avg_nnzero_per_cell": 412.43793540215324, "avg_nnzero_per_gene": 21.48489847087739, "min_cell": 514, "max_cell": 3739, "total_counts": 2804110, "overdispersion": 1.7056614896780466, "s_index": 960}