{
  "ncells": 469372,
  "ngenes": 63140,
  "nvals": 3535860,
  "density": 0.00011930902728840731,
  "avg_counts_per_cell": 9.818139982785508,
  "avg_counts_per_gene": 72.98637947418435,
  "avg_nnzero_per_cell": 7.533171982990038,
  "avg_nnzero_per_gene": 56.000316756414314,
  "min_cell": 0,
  "max_cell": 5274,
  "total_counts": 4608360,
  "overdispersion": 83.46724708005715,
  "s_index": 789
}
