{
  "ncells": 7089,
  "ngenes": 63140,
  "nvals": 2097205,
  "density": 0.004685450246074917,
  "avg_counts_per_cell": 425.4047115248977,
  "avg_counts_per_gene": 47.76202090592334,
  "avg_nnzero_per_cell": 295.8393285371703,
  "avg_nnzero_per_gene": 33.215156794425084,
  "min_cell": 76,
  "max_cell": 5284,
  "total_counts": 3015694,
  "overdispersion": 1.244898951099528,
  "s_index": 789
}
