{
  "ncells": 330311,
  "ngenes": 63140,
  "nvals": 8421191,
  "density": 0.0004037810223458915,
  "avg_counts_per_cell": 150.86767319283948,
  "avg_counts_per_gene": 789.250110864745,
  "avg_nnzero_per_cell": 25.494733750919586,
  "avg_nnzero_per_gene": 133.37331327209375,
  "min_cell": 0,
  "max_cell": 141180,
  "total_counts": 49833252,
  "overdispersion": 167.3855960034702,
  "s_index": 2705
}
