{
  "ncells": 3157,
  "ngenes": 63140,
  "nvals": 6173351,
  "density": 0.03097004319104646,
  "avg_counts_per_cell": 13841.503959455178,
  "avg_counts_per_gene": 692.0751979727589,
  "avg_nnzero_per_cell": 1955.4485270826735,
  "avg_nnzero_per_gene": 97.77242635413367,
  "min_cell": 5,
  "max_cell": 141180,
  "total_counts": 43697628,
  "overdispersion": 1.9972752292203095,
  "s_index": 2696
}
