{
	"numRecords": 88418455,
	"numReads": 118543026,
	"numBarcodes": 2051736,
	"medianReadsPerBarcode": 2.000000,
	"meanReadsPerBarcode": 57.776939,
	"numUMIs": 1048576,
	"numBarcodeUMIs": 71560285,
	"medianUMIsPerBarcode": 1.000000,
	"meanUMIsPerBarcode": 34.877920,
	"gtRecords": 56676041,
	"numTargets": 182544,
	"medianTargetsPerSet": 4.000000,
	"meanTargetsPerSet": 4.621599,
	"numSingleton": 25889372,
	"gtTargets": 7180,
	"numBarcodesOnWhitelist": 463815,
	"percentageBarcodesOnWhitelist": 22.605979,
	"numReadsOnWhitelist": 112018784,
	"percentageReadsOnWhitelist": 94.496309
}
