{
  "ncells": 10132,
  "ngenes": 60623,
  "nvals": 20901511,
  "density": 0.03402867803896896,
  "avg_per_cell": 5368.553888669562,
  "avg_per_gene": 897.2533196971447,
  "min_cell": 1653,
  "max_cell": 24637,
  "total_counts": 54394188,
  "overdispersion": 0.39596569071871635
}
