{"ncells": 6973, "ngenes": 60623, "nvals": 16379257, "density": 0.038746913031440296, "avg_per_cell": 6359.928868492758, "avg_per_gene": 731.5339722547548, "min_cell": 4063, "max_cell": 24637, "total_count": 44347784, "overdispersion": 0.3182061652217226, "s_index": 4937}