{
  "ncells": 283660,
  "ngenes": 63140,
  "nvals": 3304657,
  "density": 0.0001845116163485974,
  "avg_counts_per_cell": 21.669065077910176,
  "avg_counts_per_gene": 97.34949318973709,
  "avg_nnzero_per_cell": 11.650063456250441,
  "avg_nnzero_per_gene": 52.338565093443144,
  "min_cell": 0,
  "max_cell": 18931,
  "total_counts": 6146647,
  "overdispersion": 118.89261176626468,
  "s_index": 1410
}
