{
  "ncells": 3903,
  "ngenes": 63140,
  "nvals": 1993776,
  "density": 0.008090460372944766,
  "avg_counts_per_cell": 1204.0220343325648,
  "avg_counts_per_gene": 74.4266392144441,
  "avg_nnzero_per_cell": 510.8316679477325,
  "avg_nnzero_per_gene": 31.57706683560342,
  "min_cell": 145,
  "max_cell": 18931,
  "total_counts": 4699298,
  "overdispersion": 0.7985729798734293,
  "s_index": 1410
}
