{
	"numRecords": 66036951,
	"numReads": 215970088,
	"numBarcodes": 1412973,
	"medianReadsPerBarcode": 3.000000,
	"meanReadsPerBarcode": 152.847994,
	"numUMIs": 1048568,
	"numBarcodeUMIs": 39159920,
	"medianUMIsPerBarcode": 1.000000,
	"meanUMIsPerBarcode": 27.714556,
	"gtRecords": 21578441,
	"numTargets": 192871,
	"medianTargetsPerSet": 3.000000,
	"meanTargetsPerSet": 3.973890,
	"numSingleton": 71586309,
	"gtTargets": 5613,
	"numBarcodesOnWhitelist": 9074,
	"percentageBarcodesOnWhitelist": 0.642192,
	"numReadsOnWhitelist": 3482599,
	"percentageReadsOnWhitelist": 1.612538
}
