{
  "ncells": 321,
  "ngenes": 60623,
  "nvals": 149362,
  "density": 0.007675340723576171,
  "avg_per_cell": 1569.6043613707166,
  "avg_per_gene": 8.31108655130891,
  "min_cell": 107,
  "max_cell": 62060,
  "total_counts": 503843,
  "overdispersion": 11.532602919591271
}
