{
  "ncells": 948,
  "ngenes": 63140,
  "nvals": 1336638,
  "density": 0.022330625533774653,
  "avg_counts_per_cell": 4687.9968354430375,
  "avg_counts_per_gene": 70.38677541970225,
  "avg_nnzero_per_cell": 1409.9556962025317,
  "avg_nnzero_per_gene": 21.169433006018373,
  "min_cell": 24,
  "max_cell": 16506,
  "total_counts": 4444221,
  "overdispersion": 0.9445901043002065,
  "s_index": 907
}
