{
  "ncells": 164309,
  "ngenes": 63140,
  "nvals": 1644876,
  "density": 0.00015855036052703474,
  "avg_counts_per_cell": 29.384251623465545,
  "avg_counts_per_gene": 76.46653468482737,
  "avg_nnzero_per_cell": 10.010869763676974,
  "avg_nnzero_per_gene": 26.051251187836552,
  "min_cell": 0,
  "max_cell": 16506,
  "total_counts": 4828097,
  "overdispersion": 269.9223365747628,
  "s_index": 929
}
