{
	"numRecords": 12662543,
	"numReads": 24960991,
	"numBarcodes": 414980,
	"medianReadsPerBarcode": 3.000000,
	"meanReadsPerBarcode": 60.149865,
	"numUMIs": 1038614,
	"numBarcodeUMIs": 9306593,
	"medianUMIsPerBarcode": 1.000000,
	"meanUMIsPerBarcode": 22.426606,
	"gtRecords": 5412435,
	"numTargets": 158480,
	"medianTargetsPerSet": 3.000000,
	"meanTargetsPerSet": 4.021001,
	"numSingleton": 6162968,
	"gtTargets": 11234,
	"numBarcodesOnWhitelist": 190852,
	"percentageBarcodesOnWhitelist": 45.990650,
	"numReadsOnWhitelist": 24147265,
	"percentageReadsOnWhitelist": 96.740009
}
