{
	"numRecords": 121193507,
	"numReads": 229573241,
	"numBarcodes": 1528562,
	"medianReadsPerBarcode": 3.000000,
	"meanReadsPerBarcode": 150.189028,
	"numUMIs": 1048576,
	"numBarcodeUMIs": 83064077,
	"medianUMIsPerBarcode": 1.000000,
	"meanUMIsPerBarcode": 54.341320,
	"gtRecords": 53810847,
	"numTargets": 187752,
	"medianTargetsPerSet": 4.000000,
	"meanTargetsPerSet": 4.724818,
	"numSingleton": 52018878,
	"gtTargets": 6118,
	"numBarcodesOnWhitelist": 451660,
	"percentageBarcodesOnWhitelist": 29.548033,
	"numReadsOnWhitelist": 222600754,
	"percentageReadsOnWhitelist": 96.962849
}
