{
  "ncells": 942,
  "ngenes": 63140,
  "nvals": 964626,
  "density": 0.01621823104656723,
  "avg_counts_per_cell": 2890.4055201698516,
  "avg_counts_per_gene": 43.122616407982264,
  "avg_nnzero_per_cell": 1024.0191082802548,
  "avg_nnzero_per_gene": 15.27757364586633,
  "min_cell": 156,
  "max_cell": 18454,
  "total_counts": 2722762,
  "overdispersion": 0.38938533552493126,
  "s_index": 753
}
