{
  "ncells": 120954,
  "ngenes": 63140,
  "nvals": 2088823,
  "density": 0.00027351227889267545,
  "avg_counts_per_cell": 32.77825454304942,
  "avg_counts_per_gene": 62.791590117199874,
  "avg_nnzero_per_cell": 17.26956528928353,
  "avg_nnzero_per_gene": 33.08240418118467,
  "min_cell": 0,
  "max_cell": 18454,
  "total_counts": 3964661,
  "overdispersion": 133.85931577904512,
  "s_index": 754
}
