{
	"numRecords": 17319824,
	"numReads": 123263884,
	"numBarcodes": 418094,
	"medianReadsPerBarcode": 2.000000,
	"meanReadsPerBarcode": 294.823375,
	"numUMIs": 1036294,
	"numBarcodeUMIs": 7416597,
	"medianUMIsPerBarcode": 1.000000,
	"meanUMIsPerBarcode": 17.739066,
	"gtRecords": 6911388,
	"numTargets": 160498,
	"medianTargetsPerSet": 3.000000,
	"meanTargetsPerSet": 4.422439,
	"numSingleton": 25683086,
	"gtTargets": 8158,
	"numBarcodesOnWhitelist": 119566,
	"percentageBarcodesOnWhitelist": 28.597875,
	"numReadsOnWhitelist": 119267715,
	"percentageReadsOnWhitelist": 96.758037
}
