{
  "ncells": 2417,
  "ngenes": 60623,
  "nvals": 1728703,
  "density": 0.011797943476039656,
  "avg_per_cell": 1523.7881671493587,
  "avg_per_gene": 60.75245368919387,
  "min_cell": 688,
  "max_cell": 8161,
  "total_counts": 3682996,
  "overdispersion": 0.18224469167837112
}
