{"ncells": 733, "ngenes": 60623, "nvals": 707831, "density": 0.01592898782061901, "avg_counts_per_cell": 2200.0477489768077, "avg_counts_per_gene": 26.601042508618843, "avg_nnzero_per_cell": 965.6630286493861, "avg_nnzero_per_gene": 11.675948072513732, "min_cell": 1629, "max_cell": 8161, "total_counts": 1612635, "overdispersion": 0.14509399577925253, "s_index": 733}