{"ncells": 733, "ngenes": 60623, "nvals": 707831, "density": 0.01592898782061901, "avg_per_cell": 2200.0477489768077, "avg_per_gene": 26.601042508618843, "min_cell": 1629, "max_cell": 8161, "total_count": 1612635, "overdispersion": 0.14509399577925253, "s_index": 733}