{
  "ncells": 1780,
  "ngenes": 63140,
  "nvals": 1908619,
  "density": 0.016982227829720295,
  "avg_counts_per_cell": 2769.623033707865,
  "avg_counts_per_gene": 78.07933164396579,
  "avg_nnzero_per_cell": 1072.2578651685394,
  "avg_nnzero_per_gene": 30.22836553690212,
  "min_cell": 83,
  "max_cell": 115432,
  "total_counts": 4929929,
  "overdispersion": 1.0261522404334817,
  "s_index": 1049
}
