{
  "ncells": 270895,
  "ngenes": 63140,
  "nvals": 3661636,
  "density": 0.00021407679910952036,
  "avg_counts_per_cell": 25.000007382934346,
  "avg_counts_per_gene": 107.2596927462781,
  "avg_nnzero_per_cell": 13.516809095775116,
  "avg_nnzero_per_gene": 57.992334494773516,
  "min_cell": 0,
  "max_cell": 115432,
  "total_counts": 6772377,
  "overdispersion": 182.38213250046095,
  "s_index": 1049
}
