{
  "ncells": 301049,
  "ngenes": 63140,
  "nvals": 7447491,
  "density": 0.00039180341818458665,
  "avg_counts_per_cell": 74.79493703682789,
  "avg_counts_per_gene": 356.6192746278112,
  "avg_nnzero_per_cell": 24.7384678241748,
  "avg_nnzero_per_gene": 117.95202724105164,
  "min_cell": 0,
  "max_cell": 20833,
  "total_counts": 22516941,
  "overdispersion": 151.35557316630792,
  "s_index": 2390
}
