{
  "ncells": 9556,
  "ngenes": 63140,
  "nvals": 6297680,
  "density": 0.010437581285675701,
  "avg_counts_per_cell": 2115.5049183758897,
  "avg_counts_per_gene": 320.1736617041495,
  "avg_nnzero_per_cell": 659.0288823775638,
  "avg_nnzero_per_gene": 99.74152676591702,
  "min_cell": 3,
  "max_cell": 20833,
  "total_counts": 20215765,
  "overdispersion": 16.276892279439764,
  "s_index": 2390
}
