{"ncells": 6935, "ngenes": 60623, "nvals": 14017840, "density": 0.03334242700650388, "avg_counts_per_cell": 7871.811679884643, "avg_counts_per_gene": 900.5000412384738, "avg_nnzero_per_cell": 2021.3179524152847, "avg_nnzero_per_gene": 231.2297312901044, "min_cell": 101, "max_cell": 64807, "total_counts": 54591014, "overdispersion": 2.6275347892348817, "s_index": 4043}