{
  "ncells": 1341,
  "ngenes": 60623,
  "nvals": 301569,
  "density": 0.0037095437194431674,
  "avg_per_cell": 384.4839671886652,
  "avg_per_gene": 8.50490737838774,
  "min_cell": 2,
  "max_cell": 3965,
  "total_counts": 515593,
  "overdispersion": 2.5677314404508187
}
