{"ncells": 1115, "ngenes": 60623, "nvals": 278061, "density": 0.004113654269506112, "avg_per_cell": 432.06547085201794, "avg_per_gene": 7.946703396400706, "min_cell": 184, "max_cell": 3965, "total_count": 481753, "overdispersion": 2.30643517228156, "s_index": 422}