{
	"numRecords": 98361121,
	"numReads": 264111990,
	"numBarcodes": 1530301,
	"medianReadsPerBarcode": 4.000000,
	"meanReadsPerBarcode": 172.588262,
	"numUMIs": 1048575,
	"numBarcodeUMIs": 60328514,
	"medianUMIsPerBarcode": 1.000000,
	"meanUMIsPerBarcode": 39.422646,
	"gtRecords": 32557107,
	"numBarcodesOnWhitelist": 465593,
	"percentageBarcodesOnWhitelist": 30.424929,
	"numReadsOnWhitelist": 254834214,
	"percentageReadsOnWhitelist": 96.487181
}
