{
	"numRecords": 40504714,
	"numReads": 133232641,
	"numBarcodes": 814509,
	"medianReadsPerBarcode": 4.000000,
	"meanReadsPerBarcode": 163.574179,
	"numUMIs": 1048101,
	"numBarcodeUMIs": 22381740,
	"medianUMIsPerBarcode": 1.000000,
	"meanUMIsPerBarcode": 27.478812,
	"gtRecords": 11515300,
	"numBarcodesOnWhitelist": 302613,
	"percentageBarcodesOnWhitelist": 37.152812,
	"numReadsOnWhitelist": 128628288,
	"percentageReadsOnWhitelist": 96.544125
}
