{
	"numRecords": 100732416,
	"numReads": 312069302,
	"numBarcodes": 1689282,
	"medianReadsPerBarcode": 4.000000,
	"meanReadsPerBarcode": 184.734877,
	"numUMIs": 1048576,
	"numBarcodeUMIs": 61596953,
	"medianUMIsPerBarcode": 1.000000,
	"meanUMIsPerBarcode": 36.463393,
	"gtRecords": 28479236,
	"numBarcodesOnWhitelist": 466457,
	"percentageBarcodesOnWhitelist": 27.612737,
	"numReadsOnWhitelist": 302218986,
	"percentageReadsOnWhitelist": 96.843549
}
