{
  "ncells": 15775,
  "ngenes": 60623,
  "nvals": 18082982,
  "density": 0.01890876907194455,
  "avg_per_cell": 3047.997591125198,
  "avg_per_gene": 793.1339920492222,
  "min_cell": 397,
  "max_cell": 53134,
  "total_counts": 48082162,
  "overdispersion": 0.7366397695959649
}
