{"ncells": 18920, "ngenes": 60623, "nvals": 18583648, "density": 0.016202141268957186, "avg_counts_per_cell": 2585.1907505285412, "avg_counts_per_gene": 806.819342493773, "avg_nnzero_per_cell": 982.2224101479916, "avg_nnzero_per_gene": 306.54451280867, "min_cell": 150, "max_cell": 53134, "total_counts": 48911809, "overdispersion": 1.0311783006716604, "s_index": 3705}