{
  "ncells": 43091,
  "ngenes": 63140,
  "nvals": 387284,
  "density": 0.00014234375062367554,
  "avg_counts_per_cell": 26.821029913439002,
  "avg_counts_per_gene": 18.30448210326259,
  "avg_nnzero_per_cell": 8.987584414378873,
  "avg_nnzero_per_gene": 6.133734558124802,
  "min_cell": 0,
  "max_cell": 25936,
  "total_counts": 1155745,
  "overdispersion": 648.772824224961,
  "s_index": 189
}
