{
  "ncells": 133,
  "ngenes": 63140,
  "nvals": 240619,
  "density": 0.02865323746490077,
  "avg_counts_per_cell": 7361.0526315789475,
  "avg_counts_per_gene": 15.505543237250555,
  "avg_nnzero_per_cell": 1809.1654135338347,
  "avg_nnzero_per_gene": 3.8108805828318024,
  "min_cell": 399,
  "max_cell": 25936,
  "total_counts": 979020,
  "overdispersion": 1.9337425524180571,
  "s_index": 133
}
