{
  "ncells": 162,
  "ngenes": 60623,
  "nvals": 78890,
  "density": 0.00803284741174101,
  "avg_per_cell": 1721.3024691358025,
  "avg_per_gene": 4.599755868234828,
  "min_cell": 121,
  "max_cell": 49220,
  "total_counts": 278851,
  "overdispersion": 5.901205686099847
}
