{
  "ncells": 235209,
  "ngenes": 63140,
  "nvals": 2783676,
  "density": 0.0001874390921226175,
  "avg_counts_per_cell": 16.63116632441786,
  "avg_counts_per_gene": 61.95438707633829,
  "avg_nnzero_per_cell": 11.834904276622067,
  "avg_nnzero_per_gene": 44.087361419068735,
  "min_cell": 0,
  "max_cell": 10459,
  "total_counts": 3911800,
  "overdispersion": 182.26023339023564,
  "s_index": 852
}
