{
  "ncells": 2830,
  "ngenes": 63140,
  "nvals": 1389861,
  "density": 0.00777822238091134,
  "avg_counts_per_cell": 851.152296819788,
  "avg_counts_per_gene": 38.149524865378524,
  "avg_nnzero_per_cell": 491.116961130742,
  "avg_nnzero_per_gene": 22.012369337979095,
  "min_cell": 140,
  "max_cell": 10459,
  "total_counts": 2408761,
  "overdispersion": 1.882590097434153,
  "s_index": 852
}
