{
  "ncells": 10587,
  "ngenes": 63140,
  "nvals": 4497960,
  "density": 0.006728807411651304,
  "avg_counts_per_cell": 1416.8424482856333,
  "avg_counts_per_gene": 237.5690687361419,
  "avg_nnzero_per_cell": 424.8568999716634,
  "avg_nnzero_per_gene": 71.23788406715236,
  "min_cell": 83,
  "max_cell": 10071,
  "total_counts": 15000111,
  "overdispersion": 1.167490474265762,
  "s_index": 2129
}
