{
  "ncells": 275170,
  "ngenes": 63140,
  "nvals": 5172551,
  "density": 0.00029771390551910264,
  "avg_counts_per_cell": 59.020707199185956,
  "avg_counts_per_gene": 257.21773835920175,
  "avg_nnzero_per_cell": 18.79765599447614,
  "avg_nnzero_per_gene": 81.92193538169148,
  "min_cell": 0,
  "max_cell": 10071,
  "total_counts": 16240728,
  "overdispersion": 51.31157867841123,
  "s_index": 2129
}
