{
  "ncells": 572677,
  "ngenes": 63140,
  "nvals": 30795486,
  "density": 0.0008516727337156356,
  "avg_counts_per_cell": 163.4420310227231,
  "avg_counts_per_gene": 1482.4119733924613,
  "avg_nnzero_per_cell": 53.77461640680523,
  "avg_nnzero_per_gene": 487.73338612606904,
  "min_cell": 0,
  "max_cell": 32441,
  "total_counts": 93599492,
  "overdispersion": 41.6703314332162,
  "s_index": 5466
}
