{
  "ncells": 20207,
  "ngenes": 63140,
  "nvals": 27487107,
  "density": 0.021543815146430518,
  "avg_counts_per_cell": 4374.354679071609,
  "avg_counts_per_gene": 1399.9459138422553,
  "avg_nnzero_per_cell": 1360.2764883456227,
  "avg_nnzero_per_gene": 435.33587266392146,
  "min_cell": 350,
  "max_cell": 32441,
  "total_counts": 88392585,
  "overdispersion": 0.7113436262550539,
  "s_index": 5466
}
