{
  "ncells": 415,
  "ngenes": 63140,
  "nvals": 122981,
  "density": 0.004693375974598425,
  "avg_counts_per_cell": 622.6240963855422,
  "avg_counts_per_gene": 4.092318656952803,
  "avg_nnzero_per_cell": 296.3397590361446,
  "avg_nnzero_per_gene": 1.9477510294583464,
  "min_cell": 28,
  "max_cell": 6273,
  "total_counts": 258389,
  "overdispersion": 2.9394387286168624,
  "s_index": 298
}
