{
  "ncells": 75460,
  "ngenes": 63140,
  "nvals": 297217,
  "density": 0.0000623809907197003,
  "avg_counts_per_cell": 6.472979061754572,
  "avg_counts_per_gene": 7.735999366487172,
  "avg_nnzero_per_cell": 3.9387357540418764,
  "avg_nnzero_per_gene": 4.7072695597085845,
  "min_cell": 0,
  "max_cell": 6273,
  "total_counts": 488451,
  "overdispersion": 240.44863174160344,
  "s_index": 298
}
