{
  "ncells": 1443,
  "ngenes": 60623,
  "nvals": 4715034,
  "density": 0.05389904540391979,
  "avg_per_cell": 16586.239085239085,
  "avg_per_gene": 394.799712980222,
  "min_cell": 8684,
  "max_cell": 53784,
  "total_counts": 23933943,
  "overdispersion": 0.19061708632888108
}
