{
  "ncells": 476454,
  "ngenes": 63140,
  "nvals": 13254694,
  "density": 0.00044059965330485446,
  "avg_counts_per_cell": 113.12343059350955,
  "avg_counts_per_gene": 853.6286189420335,
  "avg_nnzero_per_cell": 27.81946210966851,
  "avg_nnzero_per_gene": 209.9254672157111,
  "min_cell": 0,
  "max_cell": 75916,
  "total_counts": 53898111,
  "overdispersion": 463.24504681030805,
  "s_index": 3537
}
