{
  "ncells": 4658,
  "ngenes": 63140,
  "nvals": 11012631,
  "density": 0.03744441292143122,
  "avg_counts_per_cell": 11017.977887505367,
  "avg_counts_per_gene": 812.8245327842889,
  "avg_nnzero_per_cell": 2364.240231859167,
  "avg_nnzero_per_gene": 174.4160753880266,
  "min_cell": 369,
  "max_cell": 75916,
  "total_counts": 51321741,
  "overdispersion": 3.976643940566541,
  "s_index": 3537
}
