{"ncells": 5604, "ngenes": 60623, "nvals": 7292195, "density": 0.02146459620210669, "avg_per_cell": 6807.02284082798, "avg_per_gene": 629.2423007769329, "min_cell": 75, "max_cell": 79065, "total_count": 38146556, "overdispersion": 1.7719461746677234, "s_index": 2483}