{
  "ncells": 8061,
  "ngenes": 63140,
  "nvals": 16425216,
  "density": 0.032271383975614826,
  "avg_counts_per_cell": 8790.111896786999,
  "avg_counts_per_gene": 1122.2219195438709,
  "avg_nnzero_per_cell": 2037.61518422032,
  "avg_nnzero_per_gene": 260.1396262274311,
  "min_cell": 382,
  "max_cell": 124203,
  "total_counts": 70857092,
  "overdispersion": 9.206306210622998,
  "s_index": 4867
}
