{
  "ncells": 473252,
  "ngenes": 63140,
  "nvals": 23804484,
  "density": 0.0007966393165285809,
  "avg_counts_per_cell": 168.57958128016364,
  "avg_counts_per_gene": 1263.551219512195,
  "avg_nnzero_per_cell": 50.2998064456146,
  "avg_nnzero_per_gene": 377.01114982578395,
  "min_cell": 0,
  "max_cell": 124203,
  "total_counts": 79780624,
  "overdispersion": 484.25429709818866,
  "s_index": 4867
}
