{
  "ncells": 2328,
  "ngenes": 63140,
  "nvals": 6830640,
  "density": 0.04647012529838781,
  "avg_counts_per_cell": 15260.439862542955,
  "avg_counts_per_gene": 562.6592334494774,
  "avg_nnzero_per_cell": 2934.1237113402062,
  "avg_nnzero_per_gene": 108.18245169464682,
  "min_cell": 359,
  "max_cell": 44294,
  "total_counts": 35526304,
  "overdispersion": 0.24187828541055545,
  "s_index": 2221
}
