{
  "ncells": 355496,
  "ngenes": 63140,
  "nvals": 10412103,
  "density": 0.000463873069146114,
  "avg_counts_per_cell": 111.13948117559691,
  "avg_counts_per_gene": 625.7466107063668,
  "avg_nnzero_per_cell": 29.288945585885635,
  "avg_nnzero_per_gene": 164.90502058916692,
  "min_cell": 0,
  "max_cell": 44294,
  "total_counts": 39509641,
  "overdispersion": 155.15249039201504,
  "s_index": 2221
}
