{"ncells": 7041, "ngenes": 60623, "nvals": 17543455, "density": 0.041100145445010665, "avg_counts_per_cell": 13194.841783837523, "avg_counts_per_gene": 1532.5022021345035, "avg_nnzero_per_cell": 2491.6141173128817, "avg_nnzero_per_gene": 289.3861240783201, "min_cell": 282, "max_cell": 82435, "total_counts": 92904881, "overdispersion": 3.47413186215806, "s_index": 4507}