{
	"numRecords": 187248942,
	"numReads": 288212928,
	"numBarcodes": 2362909,
	"medianReadsPerBarcode": 1.000000,
	"meanReadsPerBarcode": 121.973774,
	"numUMIs": 1048576,
	"numBarcodeUMIs": 143359102,
	"medianUMIsPerBarcode": 1.000000,
	"meanUMIsPerBarcode": 60.670598,
	"gtRecords": 101278390,
	"numTargets": 185452,
	"medianTargetsPerSet": 4.000000,
	"meanTargetsPerSet": 4.896424,
	"numSingleton": 49022171,
	"gtTargets": 6106,
	"numBarcodesOnWhitelist": 503103,
	"percentageBarcodesOnWhitelist": 21.291679,
	"numReadsOnWhitelist": 277359625,
	"percentageReadsOnWhitelist": 96.234276
}
