{
  "ncells": 1479,
  "ngenes": 60623,
  "nvals": 414396,
  "density": 0.004621787317949704,
  "avg_per_cell": 502.3265720081136,
  "avg_per_gene": 12.255101199214819,
  "min_cell": 7,
  "max_cell": 5305,
  "total_counts": 742941,
  "overdispersion": 2.4272222599396116
}
