{"ncells": 1095, "ngenes": 60623, "nvals": 379161, "density": 0.005711788486624837, "avg_per_cell": 622.3095890410959, "avg_per_gene": 11.240436797914983, "min_cell": 276, "max_cell": 5305, "total_count": 681429, "overdispersion": 2.1240778601731614, "s_index": 528}