{
	"numRecords": 99273965,
	"numReads": 139112669,
	"numBarcodes": 1753248,
	"medianReadsPerBarcode": 1.000000,
	"meanReadsPerBarcode": 79.345688,
	"numUMIs": 1048576,
	"numBarcodeUMIs": 77190198,
	"medianUMIsPerBarcode": 1.000000,
	"meanUMIsPerBarcode": 44.026971,
	"gtRecords": 60973389,
	"numTargets": 185892,
	"medianTargetsPerSet": 4.000000,
	"meanTargetsPerSet": 5.105350,
	"numSingleton": 31222041,
	"gtTargets": 5718,
	"numBarcodesOnWhitelist": 462223,
	"percentageBarcodesOnWhitelist": 26.363812,
	"numReadsOnWhitelist": 133434596,
	"percentageReadsOnWhitelist": 95.918364
}
