{"ncells": 6683, "ngenes": 60623, "nvals": 15273978, "density": 0.037700167127693016, "avg_per_cell": 7322.6428250785575, "avg_per_gene": 807.2385398281181, "min_cell": 283, "max_cell": 44836, "total_count": 48937222, "overdispersion": 1.3352540701051998, "s_index": 3645}