{
	"numRecords": 47969700,
	"numReads": 250691988,
	"numBarcodes": 2011696,
	"medianReadsPerBarcode": 2.000000,
	"meanReadsPerBarcode": 124.617232,
	"numUMIs": 1048555,
	"numBarcodeUMIs": 32567596,
	"medianUMIsPerBarcode": 1.000000,
	"meanUMIsPerBarcode": 16.189124,
	"gtRecords": 18316920,
	"numTargets": 181687,
	"medianTargetsPerSet": 1.000000,
	"meanTargetsPerSet": 2.395658,
	"numSingleton": 153663896,
	"gtTargets": 8519,
	"numBarcodesOnWhitelist": 370323,
	"percentageBarcodesOnWhitelist": 18.408497,
	"numReadsOnWhitelist": 241107849,
	"percentageReadsOnWhitelist": 96.176926
}
