{"ncells": 4780, "ngenes": 60623, "nvals": 4520008, "density": 0.015598178384455352, "avg_counts_per_cell": 2139.3512552301254, "avg_counts_per_gene": 168.6834864655329, "avg_nnzero_per_cell": 945.6083682008368, "avg_nnzero_per_gene": 74.55929267769659, "min_cell": 500, "max_cell": 37697, "total_counts": 10226099, "overdispersion": 1.287588339118038, "s_index": 1874}