{"ncells": 4780, "ngenes": 60623, "nvals": 4520008, "density": 0.015598178384455352, "avg_per_cell": 2139.3512552301254, "avg_per_gene": 168.6834864655329, "min_cell": 500, "max_cell": 37697, "total_count": 10226099, "overdispersion": 1.287588339118038, "s_index": 1874}