{"ncells": 24499, "ngenes": 60623, "nvals": 12182705, "density": 0.008202721115520705, "avg_counts_per_cell": 1720.3015633291154, "avg_counts_per_gene": 695.2092110255184, "avg_nnzero_per_cell": 497.2735621862117, "avg_nnzero_per_gene": 200.95846460914174, "min_cell": 23, "max_cell": 50478, "total_counts": 42145668, "overdispersion": 6.262330518107633, "s_index": 3775}