{"ncells": 9986, "ngenes": 60623, "nvals": 5566406, "density": 0.00919487635691304, "avg_counts_per_cell": 1647.6142599639495, "avg_counts_per_gene": 271.39989772858485, "avg_nnzero_per_cell": 557.4209893851393, "avg_nnzero_per_gene": 91.82003530013361, "min_cell": 104, "max_cell": 117660, "total_counts": 16453076, "overdispersion": 8.88721434819384, "s_index": 1880}