{
  "ncells": 457690,
  "ngenes": 63140,
  "nvals": 4026064,
  "density": 0.0001393171793629234,
  "avg_counts_per_cell": 13.72458651052022,
  "avg_counts_per_gene": 99.48694963573013,
  "avg_nnzero_per_cell": 8.796486704974983,
  "avg_nnzero_per_gene": 63.76407982261641,
  "min_cell": 0,
  "max_cell": 57836,
  "total_counts": 6281606,
  "overdispersion": 864.8577114165648,
  "s_index": 1062
}
