{
  "ncells": 2515,
  "ngenes": 63140,
  "nvals": 2334220,
  "density": 0.014699386827593199,
  "avg_counts_per_cell": 1752.4107355864812,
  "avg_counts_per_gene": 69.80223313272094,
  "avg_nnzero_per_cell": 928.1192842942346,
  "avg_nnzero_per_gene": 36.968957871396896,
  "min_cell": 162,
  "max_cell": 57879,
  "total_counts": 4407313,
  "overdispersion": 5.239365709243687,
  "s_index": 1063
}
