{
	"numRecords": 10210082,
	"numReads": 23438308,
	"numBarcodes": 1960520,
	"medianReadsPerBarcode": 2.000000,
	"meanReadsPerBarcode": 11.955149,
	"numUMIs": 1045611,
	"numBarcodeUMIs": 9031395,
	"medianUMIsPerBarcode": 1.000000,
	"meanUMIsPerBarcode": 4.606632,
	"gtRecords": 5175738,
	"numBarcodesOnWhitelist": 162562,
	"percentageBarcodesOnWhitelist": 8.291780,
	"numReadsOnWhitelist": 11501813,
	"percentageReadsOnWhitelist": 49.072710
}
