{
  "ncells": 659,
  "ngenes": 63140,
  "nvals": 820227,
  "density": 0.0197126072417534,
  "avg_counts_per_cell": 4113.08497723824,
  "avg_counts_per_gene": 42.928777320240734,
  "avg_nnzero_per_cell": 1244.6540212443097,
  "avg_nnzero_per_gene": 12.99060817231549,
  "min_cell": 162,
  "max_cell": 38229,
  "total_counts": 2710523,
  "overdispersion": 12.952054810827878,
  "s_index": 580
}
