{
  "ncells": 206028,
  "ngenes": 63140,
  "nvals": 1783553,
  "density": 0.0001371056004584386,
  "avg_counts_per_cell": 18.821529112547807,
  "avg_counts_per_gene": 61.41529933481153,
  "avg_nnzero_per_cell": 8.656847612945814,
  "avg_nnzero_per_gene": 28.24759265125119,
  "min_cell": 0,
  "max_cell": 38229,
  "total_counts": 3877762,
  "overdispersion": 1695.4465543412866,
  "s_index": 581
}
