{
  "ncells": 737,
  "ngenes": 60623,
  "nvals": 1747117,
  "density": 0.03910363023684134,
  "avg_per_cell": 11190.61736770692,
  "avg_per_gene": 136.04547778895798,
  "min_cell": 643,
  "max_cell": 199360,
  "total_counts": 8247485,
  "overdispersion": 4.408041289771399
}
