{"ncells": 2103, "ngenes": 60623, "nvals": 1411569, "density": 0.011071983126793094, "avg_counts_per_cell": 6008.903946742748, "avg_counts_per_gene": 208.4477013674678, "avg_nnzero_per_cell": 671.2168330955777, "avg_nnzero_per_gene": 23.28438051564588, "min_cell": 3240, "max_cell": 40091, "total_counts": 12636725, "overdispersion": 0.3016131438490843, "s_index": 2103}