{
  "ncells": 1919,
  "ngenes": 60623,
  "nvals": 360129,
  "density": 0.0030956061173293935,
  "avg_per_cell": 307.2193850964044,
  "avg_per_gene": 9.724922884053907,
  "min_cell": 2,
  "max_cell": 2978,
  "total_counts": 589554,
  "overdispersion": 4.290576099735045
}
