{"ncells": 3059, "ngenes": 60623, "nvals": 418903, "density": 0.0022588977325590683, "avg_per_cell": 219.32821183393267, "avg_per_gene": 11.067169226201276, "min_cell": 45, "max_cell": 2978, "total_count": 670925, "overdispersion": 5.825743353915992, "s_index": 410}