{
	"numRecords": 11365298,
	"numReads": 119471344,
	"numBarcodes": 317617,
	"medianReadsPerBarcode": 2.000000,
	"meanReadsPerBarcode": 376.149085,
	"numUMIs": 1023083,
	"numBarcodeUMIs": 5836365,
	"medianUMIsPerBarcode": 1.000000,
	"meanUMIsPerBarcode": 18.375481,
	"gtRecords": 5843342,
	"numTargets": 156243,
	"medianTargetsPerSet": 3.000000,
	"meanTargetsPerSet": 4.028519,
	"numSingleton": 29479747,
	"gtTargets": 8275,
	"numBarcodesOnWhitelist": 116214,
	"percentageBarcodesOnWhitelist": 36.589351,
	"numReadsOnWhitelist": 116264825,
	"percentageReadsOnWhitelist": 97.316077
}
