{
  "ncells": 1312,
  "ngenes": 60623,
  "nvals": 907673,
  "density": 0.0114119052657709,
  "avg_per_cell": 1782.938262195122,
  "avg_per_gene": 38.586262639592235,
  "min_cell": 230,
  "max_cell": 14743,
  "total_counts": 2339215,
  "overdispersion": 0.6812165931971972
}
