{"ncells": 755, "ngenes": 60623, "nvals": 781040, "density": 0.017064316616220997, "avg_counts_per_cell": 2829.2278145695363, "avg_counts_per_gene": 35.235257245599854, "avg_nnzero_per_cell": 1034.4900662251655, "avg_nnzero_per_gene": 12.883559045246853, "min_cell": 743, "max_cell": 14743, "total_counts": 2136067, "overdispersion": 0.23567089520259052, "s_index": 752}