{
  "ncells": 515536,
  "ngenes": 63140,
  "nvals": 4267536,
  "density": 0.00013110329844379218,
  "avg_counts_per_cell": 11.584432512957388,
  "avg_counts_per_gene": 94.58650617675008,
  "avg_nnzero_per_cell": 8.277862263741039,
  "avg_nnzero_per_gene": 67.58847006651885,
  "min_cell": 0,
  "max_cell": 63473,
  "total_counts": 5972192,
  "overdispersion": 435.979886048434,
  "s_index": 976
}
