{
  "ncells": 2042,
  "ngenes": 63140,
  "nvals": 1771973,
  "density": 0.013743482217121164,
  "avg_counts_per_cell": 1560.6047992164545,
  "avg_counts_per_gene": 50.471254355400696,
  "avg_nnzero_per_cell": 867.7634671890304,
  "avg_nnzero_per_gene": 28.064190687361418,
  "min_cell": 186,
  "max_cell": 63473,
  "total_counts": 3186755,
  "overdispersion": 5.337289652810314,
  "s_index": 976
}
