{
  "ncells": 23968,
  "ngenes": 63140,
  "nvals": 140333,
  "density": 0.00009273067817590596,
  "avg_counts_per_cell": 19.682409879839785,
  "avg_counts_per_gene": 7.471460247070003,
  "avg_nnzero_per_cell": 5.855015020026702,
  "avg_nnzero_per_gene": 2.222568894520114,
  "min_cell": 0,
  "max_cell": 88332,
  "total_counts": 471748,
  "overdispersion": 531.4991610734332,
  "s_index": 147
}
