{
  "ncells": 33,
  "ngenes": 63140,
  "nvals": 60958,
  "density": 0.02925581439993857,
  "avg_counts_per_cell": 10740.363636363636,
  "avg_counts_per_gene": 5.613430471967058,
  "avg_nnzero_per_cell": 1847.2121212121212,
  "avg_nnzero_per_gene": 0.9654418751979728,
  "min_cell": 698,
  "max_cell": 88332,
  "total_counts": 354432,
  "overdispersion": 1.2399294736393311,
  "s_index": 33
}
