{
  "ncells": 17782,
  "ngenes": 63140,
  "nvals": 10074152,
  "density": 0.008972703477697566,
  "avg_counts_per_cell": 1560.5562928804409,
  "avg_counts_per_gene": 439.4965473550839,
  "avg_nnzero_per_cell": 566.5364975818243,
  "avg_nnzero_per_gene": 159.5526132404181,
  "min_cell": 132,
  "max_cell": 29823,
  "total_counts": 27749812,
  "overdispersion": 0.6761986950789683,
  "s_index": 2687
}
