{
  "ncells": 580528,
  "ngenes": 63140,
  "nvals": 14413886,
  "density": 0.00039323605801439606,
  "avg_counts_per_cell": 66.16609017997409,
  "avg_counts_per_gene": 608.3507760532151,
  "avg_nnzero_per_cell": 24.828924703028967,
  "avg_nnzero_per_gene": 228.28454228698132,
  "min_cell": 0,
  "max_cell": 29823,
  "total_counts": 38411268,
  "overdispersion": 13.397609989525023,
  "s_index": 2687
}
