{
  "ncells": 179138,
  "ngenes": 63140,
  "nvals": 3176305,
  "density": 0.00028082120560082093,
  "avg_counts_per_cell": 50.51226987015597,
  "avg_counts_per_gene": 143.3111656636047,
  "avg_nnzero_per_cell": 17.731050921635834,
  "avg_nnzero_per_gene": 50.305749128919864,
  "min_cell": 0,
  "max_cell": 96802,
  "total_counts": 9048667,
  "overdispersion": 338.1818959451772,
  "s_index": 724
}
