{
  "ncells": 724,
  "ngenes": 63140,
  "nvals": 1530237,
  "density": 0.033474612235897774,
  "avg_counts_per_cell": 9785.733425414364,
  "avg_counts_per_gene": 112.20891669306303,
  "avg_nnzero_per_cell": 2113.5870165745855,
  "avg_nnzero_per_gene": 24.235619258789992,
  "min_cell": 16,
  "max_cell": 96802,
  "total_counts": 7084871,
  "overdispersion": 0.8313588477127196,
  "s_index": 685
}
