{
	"numRecords": 47195769,
	"numReads": 144242357,
	"numBarcodes": 1215659,
	"medianReadsPerBarcode": 2.000000,
	"meanReadsPerBarcode": 118.653633,
	"numUMIs": 1048539,
	"numBarcodeUMIs": 29946604,
	"medianUMIsPerBarcode": 1.000000,
	"meanUMIsPerBarcode": 24.634050,
	"gtRecords": 17625857,
	"numTargets": 178881,
	"medianTargetsPerSet": 3.000000,
	"meanTargetsPerSet": 3.844119,
	"numSingleton": 48103164,
	"gtTargets": 7811,
	"numBarcodesOnWhitelist": 304375,
	"percentageBarcodesOnWhitelist": 25.037860,
	"numReadsOnWhitelist": 138292065,
	"percentageReadsOnWhitelist": 95.874796
}
