{"ncells": 4618, "ngenes": 60623, "nvals": 5223991, "density": 0.018659975420369356, "avg_per_cell": 3703.777176266782, "avg_per_gene": 282.1378519703743, "min_cell": 294, "max_cell": 55007, "total_count": 17104043, "overdispersion": 2.6206048526687686, "s_index": 1855}