{
  "ncells": 279584,
  "ngenes": 63140,
  "nvals": 4280823,
  "density": 0.0002424992388347352,
  "avg_counts_per_cell": 46.32425317614742,
  "avg_counts_per_gene": 205.1238517579981,
  "avg_nnzero_per_cell": 15.31140194002518,
  "avg_nnzero_per_gene": 67.7989071903706,
  "min_cell": 0,
  "max_cell": 28072,
  "total_counts": 12951520,
  "overdispersion": 147.10729070301525,
  "s_index": 2233
}
