{
  "ncells": 3343,
  "ngenes": 63140,
  "nvals": 3469522,
  "density": 0.01643723224820968,
  "avg_counts_per_cell": 3510.298534250673,
  "avg_counts_per_gene": 185.855685777637,
  "avg_nnzero_per_cell": 1037.8468441519594,
  "avg_nnzero_per_gene": 54.94966740576497,
  "min_cell": 233,
  "max_cell": 28072,
  "total_counts": 11734928,
  "overdispersion": 1.1082457120611022,
  "s_index": 2233
}
