{
  "ncells": 8784,
  "ngenes": 60623,
  "nvals": 1661784,
  "density": 0.0031206482706116426,
  "avg_per_cell": 299.1911429872495,
  "avg_per_gene": 43.351450769509924,
  "min_cell": 2,
  "max_cell": 6294,
  "total_counts": 2628095,
  "overdispersion": 2.5247196478380243
}
