{"ncells": 10019, "ngenes": 60623, "nvals": 1763615, "density": 0.0029036347361174053, "avg_counts_per_cell": 276.647469807366, "avg_counts_per_gene": 45.72078254127971, "avg_nnzero_per_cell": 176.02704860764547, "avg_nnzero_per_gene": 29.091516421160286, "min_cell": 95, "max_cell": 6294, "total_counts": 2771731, "overdispersion": 2.711536547154918, "s_index": 567}