{"ncells": 10019, "ngenes": 60623, "nvals": 1763615, "density": 0.0029036347361174053, "avg_per_cell": 276.647469807366, "avg_per_gene": 45.72078254127971, "min_cell": 95, "max_cell": 6294, "total_count": 2771731, "overdispersion": 2.711536547154918, "s_index": 567}