{
	"numRecords": 28674141,
	"numReads": 67913307,
	"numBarcodes": 613418,
	"medianReadsPerBarcode": 2.000000,
	"meanReadsPerBarcode": 110.712935,
	"numUMIs": 1048561,
	"numBarcodeUMIs": 19800793,
	"medianUMIsPerBarcode": 1.000000,
	"meanUMIsPerBarcode": 32.279446,
	"gtRecords": 10781269,
	"numBarcodesOnWhitelist": 231897,
	"percentageBarcodesOnWhitelist": 37.804075,
	"numReadsOnWhitelist": 65669013,
	"percentageReadsOnWhitelist": 96.695355
}
