{"ncells": 17171, "ngenes": 60623, "nvals": 4443165, "density": 0.004268344153478545, "avg_counts_per_cell": 813.9202143148332, "avg_counts_per_gene": 230.5366610032496, "avg_nnzero_per_cell": 258.75982761632986, "avg_nnzero_per_gene": 73.2917374593801, "min_cell": 35, "max_cell": 57529, "total_counts": 13975824, "overdispersion": 14.591783790268943, "s_index": 1645}