{
	"numRecords": 16135605,
	"numReads": 60918841,
	"numBarcodes": 437025,
	"medianReadsPerBarcode": 2.000000,
	"meanReadsPerBarcode": 139.394408,
	"numUMIs": 1038938,
	"numBarcodeUMIs": 7767929,
	"medianUMIsPerBarcode": 1.000000,
	"meanUMIsPerBarcode": 17.774564,
	"gtRecords": 8243193,
	"numTargets": 144171,
	"medianTargetsPerSet": 4.000000,
	"meanTargetsPerSet": 4.742528,
	"numSingleton": 12698721,
	"gtTargets": 6963,
	"numBarcodesOnWhitelist": 126365,
	"percentageBarcodesOnWhitelist": 28.914822,
	"numReadsOnWhitelist": 57841339,
	"percentageReadsOnWhitelist": 94.948193
}
