{"ncells": 370, "ngenes": 60623, "nvals": 607700, "density": 0.027092562763842643, "avg_counts_per_cell": 4378.102702702703, "avg_counts_per_gene": 26.720848522837866, "avg_nnzero_per_cell": 1642.4324324324325, "avg_nnzero_per_gene": 10.024248222621777, "min_cell": 3774, "max_cell": 13159, "total_counts": 1619898, "overdispersion": 0.06377066487037726, "s_index": 370}