{
  "ncells": 394038,
  "ngenes": 63140,
  "nvals": 1649142,
  "density": 0.00006628501649843531,
  "avg_counts_per_cell": 5.8967256965064285,
  "avg_counts_per_gene": 36.799714919227114,
  "avg_nnzero_per_cell": 4.1852359417112055,
  "avg_nnzero_per_gene": 26.118815331010452,
  "min_cell": 0,
  "max_cell": 1662,
  "total_counts": 2323534,
  "overdispersion": 2.621900866264677,
  "s_index": 142
}
