{
  "ncells": 55573,
  "ngenes": 63140,
  "nvals": 412544,
  "density": 0.0001175714449356282,
  "avg_counts_per_cell": 12.2002231299372,
  "avg_counts_per_gene": 10.738089958821666,
  "avg_nnzero_per_cell": 7.423461033235564,
  "avg_nnzero_per_gene": 6.5337979094076655,
  "min_cell": 0,
  "max_cell": 1662,
  "total_counts": 678003,
  "overdispersion": 0.6942782824516375,
  "s_index": 91
}
