{
  "ncells": 324186,
  "ngenes": 63140,
  "nvals": 7387601,
  "density": 0.00036091472228405363,
  "avg_counts_per_cell": 72.54444053722246,
  "avg_counts_per_gene": 372.4721571111815,
  "avg_nnzero_per_cell": 22.788155565015145,
  "avg_nnzero_per_gene": 117.0035001583782,
  "min_cell": 0,
  "max_cell": 34075,
  "total_counts": 23517892,
  "overdispersion": 156.9241015490295,
  "s_index": 3088
}
