{
  "ncells": 3599,
  "ngenes": 63140,
  "nvals": 6231528,
  "density": 0.027422568282834348,
  "avg_counts_per_cell": 6169.832731314254,
  "avg_counts_per_gene": 351.6824200190054,
  "avg_nnzero_per_cell": 1731.4609613781606,
  "avg_nnzero_per_gene": 98.69382324992081,
  "min_cell": 554,
  "max_cell": 34075,
  "total_counts": 22205228,
  "overdispersion": 0.940205057584203,
  "s_index": 3088
}
