{
	"numRecords": 4303353,
	"numReads": 36865624,
	"numBarcodes": 195541,
	"medianReadsPerBarcode": 3.000000,
	"meanReadsPerBarcode": 188.531428,
	"numUMIs": 718336,
	"numBarcodeUMIs": 1878505,
	"medianUMIsPerBarcode": 1.000000,
	"meanUMIsPerBarcode": 9.606707,
	"gtRecords": 1726723,
	"numTargets": 141825,
	"medianTargetsPerSet": 3.000000,
	"meanTargetsPerSet": 4.132359,
	"numSingleton": 8434851,
	"gtTargets": 11103,
	"numBarcodesOnWhitelist": 118865,
	"percentageBarcodesOnWhitelist": 60.787763,
	"numReadsOnWhitelist": 35738912,
	"percentageReadsOnWhitelist": 96.943733
}
