{
	"numRecords": 41638615,
	"numReads": 119940571,
	"numBarcodes": 905569,
	"medianReadsPerBarcode": 4.000000,
	"meanReadsPerBarcode": 132.447744,
	"numUMIs": 1048061,
	"numBarcodeUMIs": 19473976,
	"medianUMIsPerBarcode": 1.000000,
	"meanUMIsPerBarcode": 21.504685,
	"gtRecords": 16221263,
	"numBarcodesOnWhitelist": 396016,
	"percentageBarcodesOnWhitelist": 43.731179,
	"numReadsOnWhitelist": 115585014,
	"percentageReadsOnWhitelist": 96.368571
}
