{
	"numRecords": 82899286,
	"numReads": 272084935,
	"numBarcodes": 1021173,
	"medianReadsPerBarcode": 4.000000,
	"meanReadsPerBarcode": 266.443526,
	"numUMIs": 1048563,
	"numBarcodeUMIs": 39413634,
	"medianUMIsPerBarcode": 1.000000,
	"meanUMIsPerBarcode": 38.596432,
	"gtRecords": 29927724,
	"numTargets": 182458,
	"medianTargetsPerSet": 4.000000,
	"meanTargetsPerSet": 4.715332,
	"numSingleton": 59059713,
	"gtTargets": 7152,
	"numBarcodesOnWhitelist": 310947,
	"percentageBarcodesOnWhitelist": 30.449983,
	"numReadsOnWhitelist": 263109044,
	"percentageReadsOnWhitelist": 96.701070
}
