{
  "ncells": 3566,
  "ngenes": 63140,
  "nvals": 8803599,
  "density": 0.039099782001236115,
  "avg_counts_per_cell": 10278.197139652271,
  "avg_counts_per_gene": 580.4886126069052,
  "avg_nnzero_per_cell": 2468.7602355580484,
  "avg_nnzero_per_gene": 139.429822616408,
  "min_cell": 256,
  "max_cell": 51733,
  "total_counts": 36652051,
  "overdispersion": 0.44241218120272185,
  "s_index": 3091
}
