{
  "ncells": 321451,
  "ngenes": 63140,
  "nvals": 10262604,
  "density": 0.0005056362625406832,
  "avg_counts_per_cell": 119.06334091354515,
  "avg_counts_per_gene": 606.1613873930947,
  "avg_nnzero_per_cell": 31.925873616818738,
  "avg_nnzero_per_gene": 162.53728222996514,
  "min_cell": 0,
  "max_cell": 51733,
  "total_counts": 38273030,
  "overdispersion": 119.83093498243049,
  "s_index": 3091
}
