{
  "ncells": 10315,
  "ngenes": 63140,
  "nvals": 10121482,
  "density": 0.015540689994658286,
  "avg_counts_per_cell": 3462.4536112457586,
  "avg_counts_per_gene": 565.6510769718087,
  "avg_nnzero_per_cell": 981.2391662627242,
  "avg_nnzero_per_gene": 160.30221729490023,
  "min_cell": 14,
  "max_cell": 82835,
  "total_counts": 35715209,
  "overdispersion": 1.081558853466475,
  "s_index": 3071
}
