{
  "ncells": 1603121,
  "ngenes": 63140,
  "nvals": 16115457,
  "density": 0.00015921051419094635,
  "avg_counts_per_cell": 36.14539576239098,
  "avg_counts_per_gene": 917.7295375356351,
  "avg_nnzero_per_cell": 10.052551866016351,
  "avg_nnzero_per_gene": 255.2337187203041,
  "min_cell": 0,
  "max_cell": 82827,
  "total_counts": 57945443,
  "overdispersion": 45.12612390273991,
  "s_index": 3071
}
