{
	"numRecords": 7123224,
	"numReads": 14434003,
	"numBarcodes": 373914,
	"medianReadsPerBarcode": 2.000000,
	"meanReadsPerBarcode": 38.602467,
	"numUMIs": 1033370,
	"numBarcodeUMIs": 5864713,
	"medianUMIsPerBarcode": 1.000000,
	"meanUMIsPerBarcode": 15.684657,
	"gtRecords": 3278534,
	"numBarcodesOnWhitelist": 142914,
	"percentageBarcodesOnWhitelist": 38.221088,
	"numReadsOnWhitelist": 12866423,
	"percentageReadsOnWhitelist": 89.139672
}
