{"ncells": 1105, "ngenes": 60623, "nvals": 1099771, "density": 0.01641733126541358, "avg_counts_per_cell": 2758.550226244344, "avg_counts_per_gene": 50.28121340085446, "avg_nnzero_per_cell": 995.2678733031674, "avg_nnzero_per_gene": 18.141151048282005, "min_cell": 904, "max_cell": 41759, "total_counts": 3048198, "overdispersion": 7.13105366315681, "s_index": 1007}