{
  "ncells": 88605,
  "ngenes": 60623,
  "nvals": 11024990,
  "density": 0.0020524970905641186,
  "avg_per_cell": 303.84100220077875,
  "avg_per_gene": 444.0861059333916,
  "min_cell": 7,
  "max_cell": 41356,
  "total_counts": 26921832,
  "overdispersion": 19.232908132599473
}
