{"ncells": 13055, "ngenes": 60623, "nvals": 9279986, "density": 0.011725544541016986, "avg_per_cell": 1906.737801608579, "avg_per_gene": 410.6108572653943, "min_cell": 85, "max_cell": 41356, "total_count": 24892462, "overdispersion": 2.7016620847522566, "s_index": 3175}