{
	"numRecords": 45086688,
	"numReads": 59025490,
	"numBarcodes": 910018,
	"medianReadsPerBarcode": 2.000000,
	"meanReadsPerBarcode": 64.861893,
	"numUMIs": 1048576,
	"numBarcodeUMIs": 38227495,
	"medianUMIsPerBarcode": 1.000000,
	"meanUMIsPerBarcode": 42.007405,
	"gtRecords": 28878692,
	"numBarcodesOnWhitelist": 370138,
	"percentageBarcodesOnWhitelist": 40.673701,
	"numReadsOnWhitelist": 57274264,
	"percentageReadsOnWhitelist": 97.033102
}
