{"ncells": 7558, "ngenes": 60623, "nvals": 13001129, "density": 0.028375057858811923, "avg_counts_per_cell": 3891.0709182323367, "avg_counts_per_gene": 485.1081932599838, "avg_nnzero_per_cell": 1720.1811325747553, "avg_nnzero_per_gene": 214.4586872969005, "min_cell": 108, "max_cell": 32336, "total_counts": 29408714, "overdispersion": 1.486459132588207, "s_index": 3503}