{
  "ncells": 269620,
  "ngenes": 63140,
  "nvals": 3065183,
  "density": 0.00018005273650074553,
  "avg_counts_per_cell": 18.020158000148356,
  "avg_counts_per_gene": 76.94955654101996,
  "avg_nnzero_per_cell": 11.368529782657072,
  "avg_nnzero_per_gene": 48.54581881533101,
  "min_cell": 0,
  "max_cell": 8942,
  "total_counts": 4858595,
  "overdispersion": 110.723994821696,
  "s_index": 1043
}
