{
  "ncells": 3792,
  "ngenes": 63140,
  "nvals": 1634569,
  "density": 0.006827007059524812,
  "avg_counts_per_cell": 842.4941983122363,
  "avg_counts_per_gene": 50.59768767817548,
  "avg_nnzero_per_cell": 431.0572257383966,
  "avg_nnzero_per_gene": 25.888010769718086,
  "min_cell": 127,
  "max_cell": 8942,
  "total_counts": 3194738,
  "overdispersion": 1.4139854209111926,
  "s_index": 1043
}
