{
  "ncells": 5289,
  "ngenes": 60623,
  "nvals": 10626705,
  "density": 0.03314268075005537,
  "avg_per_cell": 6412.277935337493,
  "avg_per_gene": 559.4335153324646,
  "min_cell": 573,
  "max_cell": 69569,
  "total_counts": 33914538,
  "overdispersion": 1.2296231702140108
}
