{"ncells": 2958, "ngenes": 60623, "nvals": 8383501, "density": 0.046750883939297994, "avg_counts_per_cell": 9922.676132521974, "avg_counts_per_gene": 484.16073107566433, "avg_nnzero_per_cell": 2834.178837052062, "avg_nnzero_per_gene": 138.28911469244346, "min_cell": 3707, "max_cell": 69569, "total_counts": 29351276, "overdispersion": 0.7428163241422525, "s_index": 2958}