{"ncells": 3961, "ngenes": 60623, "nvals": 14867138, "density": 0.061913464436879236, "avg_counts_per_cell": 13165.782378187327, "avg_counts_per_gene": 860.2290219883542, "avg_nnzero_per_cell": 3753.37995455693, "avg_nnzero_per_gene": 245.23923263447867, "min_cell": 3739, "max_cell": 142110, "total_counts": 52149664, "overdispersion": 0.3746913315896576, "s_index": 3931}