{
  "ncells": 1627656,
  "ngenes": 63140,
  "nvals": 27438111,
  "density": 0.00026698508947844426,
  "avg_counts_per_cell": 49.31596541283908,
  "avg_counts_per_gene": 1271.2927937915742,
  "avg_nnzero_per_cell": 16.857438549668974,
  "avg_nnzero_per_gene": 434.55988280012673,
  "min_cell": 0,
  "max_cell": 15854,
  "total_counts": 80269427,
  "overdispersion": 20.36626419043982,
  "s_index": 2909
}
