{
  "ncells": 41473,
  "ngenes": 63140,
  "nvals": 21670473,
  "density": 0.008275578477614124,
  "avg_counts_per_cell": 1390.5407614592627,
  "avg_counts_per_gene": 913.3654893886601,
  "avg_nnzero_per_cell": 522.5200250765558,
  "avg_nnzero_per_gene": 343.2130662020906,
  "min_cell": 7,
  "max_cell": 15854,
  "total_counts": 57669897,
  "overdispersion": 0.19483856728452242,
  "s_index": 2909
}
