{
  "ncells": 249522,
  "ngenes": 63140,
  "nvals": 2709912,
  "density": 0.0001720052757343374,
  "avg_counts_per_cell": 28.879605806301647,
  "avg_counts_per_gene": 114.12887234716503,
  "avg_nnzero_per_cell": 10.860413109866064,
  "avg_nnzero_per_gene": 42.91910041178334,
  "min_cell": 0,
  "max_cell": 22063,
  "total_counts": 7206097,
  "overdispersion": 1050.169659122377,
  "s_index": 1493
}
