{
  "ncells": 4083,
  "ngenes": 63140,
  "nvals": 2001039,
  "density": 0.007761963489459412,
  "avg_counts_per_cell": 1551.2478569679158,
  "avg_counts_per_gene": 100.31271777003484,
  "avg_nnzero_per_cell": 490.0903747244673,
  "avg_nnzero_per_gene": 31.69209692746278,
  "min_cell": 2,
  "max_cell": 22063,
  "total_counts": 6333745,
  "overdispersion": 24.809245170037155,
  "s_index": 1493
}
