{
	"numRecords": 140300268,
	"numReads": 279319333,
	"numBarcodes": 1398672,
	"medianReadsPerBarcode": 3.000000,
	"meanReadsPerBarcode": 199.703242,
	"numUMIs": 1048576,
	"numBarcodeUMIs": 82562240,
	"medianUMIsPerBarcode": 1.000000,
	"meanUMIsPerBarcode": 59.029022,
	"gtRecords": 58685534,
	"numTargets": 185775,
	"medianTargetsPerSet": 4.000000,
	"meanTargetsPerSet": 5.091340,
	"numSingleton": 34692551,
	"gtTargets": 7807,
	"numBarcodesOnWhitelist": 549565,
	"percentageBarcodesOnWhitelist": 39.291914,
	"numReadsOnWhitelist": 269677398,
	"percentageReadsOnWhitelist": 96.548060
}
