{
  "ncells": 8164,
  "ngenes": 60623,
  "nvals": 10853957,
  "density": 0.02193045673082732,
  "avg_per_cell": 6969.484566389025,
  "avg_per_gene": 938.5690579483035,
  "min_cell": 113,
  "max_cell": 79195,
  "total_counts": 56898872,
  "overdispersion": 5.527168843354475
}
