{
  "ncells": 1179,
  "ngenes": 60623,
  "nvals": 750333,
  "density": 0.010497909345788235,
  "avg_per_cell": 1629.3460559796438,
  "avg_per_gene": 31.68762680830708,
  "min_cell": 17,
  "max_cell": 37824,
  "total_counts": 1920999,
  "overdispersion": 11.816079628720246
}
