{"ncells": 469, "ngenes": 60623, "nvals": 497353, "density": 0.01749260442047599, "avg_counts_per_cell": 3044.454157782516, "avg_counts_per_gene": 23.552925457334673, "avg_nnzero_per_cell": 1060.454157782516, "avg_nnzero_per_gene": 8.204031473203239, "min_cell": 1176, "max_cell": 37824, "total_counts": 1427849, "overdispersion": 12.366894553310443, "s_index": 469}