{"ncells": 469, "ngenes": 60623, "nvals": 497353, "density": 0.01749260442047599, "avg_per_cell": 3044.454157782516, "avg_per_gene": 23.552925457334673, "min_cell": 1176, "max_cell": 37824, "total_count": 1427849, "overdispersion": 12.366894553310443, "s_index": 469}