{
  "ncells": 201245,
  "ngenes": 63140,
  "nvals": 1998805,
  "density": 0.00015730435656032959,
  "avg_counts_per_cell": 14.807324405575294,
  "avg_counts_per_gene": 47.19512195121951,
  "avg_nnzero_per_cell": 9.93219707321921,
  "avg_nnzero_per_gene": 31.65671523598353,
  "min_cell": 0,
  "max_cell": 9859,
  "total_counts": 2979900,
  "overdispersion": 86.49428729400081,
  "s_index": 797
}
