{
  "ncells": 3942,
  "ngenes": 63140,
  "nvals": 1554594,
  "density": 0.006245910973608935,
  "avg_counts_per_cell": 636.8178589548453,
  "avg_counts_per_gene": 39.75825150459297,
  "avg_nnzero_per_cell": 394.3668188736682,
  "avg_nnzero_per_gene": 24.621381057966424,
  "min_cell": 95,
  "max_cell": 9859,
  "total_counts": 2510336,
  "overdispersion": 1.2661596054220872,
  "s_index": 797
}
