{
  "ncells": 24988,
  "ngenes": 63140,
  "nvals": 8156035,
  "density": 0.0051694341316774715,
  "avg_counts_per_cell": 503.8585320954058,
  "avg_counts_per_gene": 199.40476718403548,
  "avg_nnzero_per_cell": 326.3980710741156,
  "avg_nnzero_per_gene": 129.17382008235666,
  "min_cell": 121,
  "max_cell": 19436,
  "total_counts": 12590417,
  "overdispersion": 1.7651231522759077,
  "s_index": 1351
}
