{
  "ncells": 364710,
  "ngenes": 63140,
  "nvals": 14061864,
  "density": 0.0006106475856514478,
  "avg_counts_per_cell": 53.44779687971265,
  "avg_counts_per_gene": 308.72578397212544,
  "avg_nnzero_per_cell": 38.556288558032406,
  "avg_nnzero_per_gene": 222.7092809629395,
  "min_cell": 0,
  "max_cell": 19436,
  "total_counts": 19492946,
  "overdispersion": 18.630181456137848,
  "s_index": 1351
}
