{
  "ncells": 376206,
  "ngenes": 63140,
  "nvals": 3423487,
  "density": 0.00014412469053951801,
  "avg_counts_per_cell": 24.230860220198508,
  "avg_counts_per_gene": 144.37432689261956,
  "avg_nnzero_per_cell": 9.100032960665168,
  "avg_nnzero_per_gene": 54.22057332910992,
  "min_cell": 0,
  "max_cell": 7118,
  "total_counts": 9115795,
  "overdispersion": 4.945158990689862,
  "s_index": 483
}
