{
  "ncells": 42615,
  "ngenes": 63140,
  "nvals": 1867353,
  "density": 0.0006939998129119101,
  "avg_counts_per_cell": 138.27138331573389,
  "avg_counts_per_gene": 93.32332910991448,
  "avg_nnzero_per_cell": 43.81914818725801,
  "avg_nnzero_per_gene": 29.574802027241052,
  "min_cell": 33,
  "max_cell": 7118,
  "total_counts": 5892435,
  "overdispersion": 0.4006055028483209,
  "s_index": 483
}
