{
	"numRecords": 210092856,
	"numReads": 301786940,
	"numBarcodes": 2848700,
	"medianReadsPerBarcode": 2.000000,
	"meanReadsPerBarcode": 105.938477,
	"numUMIs": 1048576,
	"numBarcodeUMIs": 178483247,
	"medianUMIsPerBarcode": 1.000000,
	"meanUMIsPerBarcode": 62.654280,
	"gtRecords": 119300012,
	"numTargets": 183469,
	"medianTargetsPerSet": 5.000000,
	"meanTargetsPerSet": 6.166246,
	"numSingleton": 28297342,
	"gtTargets": 7111,
	"numBarcodesOnWhitelist": 621403,
	"percentageBarcodesOnWhitelist": 21.813564,
	"numReadsOnWhitelist": 292546949,
	"percentageReadsOnWhitelist": 96.938240
}
