{"ncells": 4079, "ngenes": 60623, "nvals": 11612050, "density": 0.04695888406275516, "avg_per_cell": 13244.634224074529, "avg_per_gene": 891.1611599557923, "min_cell": 4984, "max_cell": 76783, "total_count": 54024863, "overdispersion": 0.7361769980165123, "s_index": 4079}