{"ncells": 4079, "ngenes": 60623, "nvals": 11612050, "density": 0.04695888406275516, "avg_counts_per_cell": 13244.634224074529, "avg_counts_per_gene": 891.1611599557923, "avg_nnzero_per_cell": 2846.788428536406, "avg_nnzero_per_gene": 191.54528809197828, "min_cell": 4984, "max_cell": 76783, "total_counts": 54024863, "overdispersion": 0.7361769980165123, "s_index": 4079}