{
  "ncells": 100057,
  "ngenes": 63140,
  "nvals": 282031,
  "density": 0.00004464211813583647,
  "avg_counts_per_cell": 3.855362443407258,
  "avg_counts_per_gene": 6.109534368070953,
  "avg_nnzero_per_cell": 2.818703339096715,
  "avg_nnzero_per_gene": 4.46675641431739,
  "min_cell": 0,
  "max_cell": 5706,
  "total_counts": 385756,
  "overdispersion": 462.9742764887655,
  "s_index": 149
}
