{
  "ncells": 136,
  "ngenes": 63140,
  "nvals": 75984,
  "density": 0.008848683597607557,
  "avg_counts_per_cell": 1233.5808823529412,
  "avg_counts_per_gene": 2.6570636680392776,
  "avg_nnzero_per_cell": 558.7058823529412,
  "avg_nnzero_per_gene": 1.2034209692746278,
  "min_cell": 69,
  "max_cell": 5706,
  "total_counts": 167767,
  "overdispersion": 0.3415122896392349,
  "s_index": 135
}
