{
	"numRecords": 76387038,
	"numReads": 103307112,
	"numBarcodes": 1039886,
	"medianReadsPerBarcode": 2.000000,
	"meanReadsPerBarcode": 99.344651,
	"numUMIs": 1048575,
	"numBarcodeUMIs": 58540898,
	"medianUMIsPerBarcode": 1.000000,
	"meanUMIsPerBarcode": 56.295496,
	"gtRecords": 47374686,
	"numTargets": 172252,
	"medianTargetsPerSet": 4.000000,
	"meanTargetsPerSet": 5.365778,
	"numSingleton": 14583700,
	"gtTargets": 7512,
	"numBarcodesOnWhitelist": 403764,
	"percentageBarcodesOnWhitelist": 38.827718,
	"numReadsOnWhitelist": 100479191,
	"percentageReadsOnWhitelist": 97.262608
}
