{
  "ncells": 4805,
  "ngenes": 60623,
  "nvals": 11539296,
  "density": 0.03961398179427372,
  "avg_per_cell": 9092.20749219563,
  "avg_per_gene": 720.6515184006071,
  "min_cell": 148,
  "max_cell": 49262,
  "total_counts": 43688057,
  "overdispersion": 0.6075652581434785
}
