{"ncells": 4805, "ngenes": 60623, "nvals": 11539296, "density": 0.03961398179427372, "avg_counts_per_cell": 9092.20749219563, "avg_counts_per_gene": 720.6515184006071, "avg_nnzero_per_cell": 2401.518418314256, "avg_nnzero_per_gene": 190.34518252148524, "min_cell": 148, "max_cell": 49262, "total_counts": 43688057, "overdispersion": 0.6075652581434785, "s_index": 3623}