{
  "ncells": 4541,
  "ngenes": 63140,
  "nvals": 2420027,
  "density": 0.00844042143879399,
  "avg_counts_per_cell": 1537.3937458709536,
  "avg_counts_per_gene": 110.5686569528033,
  "avg_nnzero_per_cell": 532.9282096454525,
  "avg_nnzero_per_gene": 38.32795375356351,
  "min_cell": 0,
  "max_cell": 16669,
  "total_counts": 6981305,
  "overdispersion": 3.0716917086554894,
  "s_index": 1384
}
