{
  "ncells": 420815,
  "ngenes": 63140,
  "nvals": 5188508,
  "density": 0.00019527502462330146,
  "avg_counts_per_cell": 25.911521690053824,
  "avg_counts_per_gene": 172.6949160595502,
  "avg_nnzero_per_cell": 12.329665054715255,
  "avg_nnzero_per_gene": 82.17465948685461,
  "min_cell": 0,
  "max_cell": 16669,
  "total_counts": 10903957,
  "overdispersion": 215.55110438841803,
  "s_index": 1384
}
