{
	"numRecords": 70186273,
	"numReads": 257393705,
	"numBarcodes": 886142,
	"medianReadsPerBarcode": 4.000000,
	"meanReadsPerBarcode": 290.465529,
	"numUMIs": 1048539,
	"numBarcodeUMIs": 35528069,
	"medianUMIsPerBarcode": 1.000000,
	"meanUMIsPerBarcode": 40.092975,
	"gtRecords": 23994021,
	"numBarcodesOnWhitelist": 311997,
	"percentageBarcodesOnWhitelist": 35.208465,
	"numReadsOnWhitelist": 248254429,
	"percentageReadsOnWhitelist": 96.449301
}
