{"ncells": 3318, "ngenes": 60623, "nvals": 6847259, "density": 0.034041050173854344, "avg_counts_per_cell": 7156.136528028933, "avg_counts_per_gene": 391.667535423849, "avg_nnzero_per_cell": 2063.670584689572, "avg_nnzero_per_gene": 112.94820447684872, "min_cell": 130, "max_cell": 81248, "total_counts": 23744061, "overdispersion": 1.3512383250347104, "s_index": 2613}