{
  "ncells": 71,
  "ngenes": 60623,
  "nvals": 8498,
  "density": 0.0019743354971722025,
  "avg_per_cell": 226.4788732394366,
  "avg_per_gene": 0.2652458637810732,
  "min_cell": 90,
  "max_cell": 666,
  "total_counts": 16080,
  "overdispersion": 0.627947682728229
}
