{"ncells": 4, "ngenes": 60623, "nvals": 826, "density": 0.0034062979397258466, "avg_counts_per_cell": 470.75, "avg_counts_per_gene": 0.031060818501228906, "avg_nnzero_per_cell": 206.5, "avg_nnzero_per_gene": 0.013625191758903386, "min_cell": 363, "max_cell": 666, "total_counts": 1883, "overdispersion": 0.2173635728270118, "s_index": 4}