{
	"numRecords": 16759886,
	"numReads": 110011166,
	"numBarcodes": 301232,
	"medianReadsPerBarcode": 2.000000,
	"meanReadsPerBarcode": 365.204115,
	"numUMIs": 1029427,
	"numBarcodeUMIs": 6222084,
	"medianUMIsPerBarcode": 1.000000,
	"meanUMIsPerBarcode": 20.655455,
	"gtRecords": 7101798,
	"numTargets": 163706,
	"medianTargetsPerSet": 4.000000,
	"meanTargetsPerSet": 4.699754,
	"numSingleton": 22512558,
	"gtTargets": 8050,
	"numBarcodesOnWhitelist": 119728,
	"percentageBarcodesOnWhitelist": 39.746109,
	"numReadsOnWhitelist": 107059114,
	"percentageReadsOnWhitelist": 97.316589
}
