{
  "ncells": 1440,
  "ngenes": 60623,
  "nvals": 1443092,
  "density": 0.0165308088056055,
  "avg_per_cell": 2369.772916666667,
  "avg_per_gene": 56.2900714250367,
  "min_cell": 185,
  "max_cell": 12908,
  "total_counts": 3412473,
  "overdispersion": 0.8855903680615158
}
