{"ncells": 645, "ngenes": 60623, "nvals": 1156174, "density": 0.029568279851827927, "avg_counts_per_cell": 4585.4449612403105, "avg_counts_per_gene": 48.78696204410867, "avg_nnzero_per_cell": 1792.5178294573643, "avg_nnzero_per_gene": 19.071540504429013, "min_cell": 1551, "max_cell": 12908, "total_counts": 2957612, "overdispersion": 0.2444533798878139, "s_index": 645}