{
	"numRecords": 88988407,
	"numReads": 312679374,
	"numBarcodes": 1749296,
	"medianReadsPerBarcode": 4.000000,
	"meanReadsPerBarcode": 178.745835,
	"numUMIs": 1048576,
	"numBarcodeUMIs": 56724733,
	"medianUMIsPerBarcode": 1.000000,
	"meanUMIsPerBarcode": 32.427178,
	"gtRecords": 24833657,
	"numTargets": 174621,
	"medianTargetsPerSet": 3.000000,
	"meanTargetsPerSet": 3.547950,
	"numSingleton": 107826474,
	"gtTargets": 7691,
	"numBarcodesOnWhitelist": 508949,
	"percentageBarcodesOnWhitelist": 29.094504,
	"numReadsOnWhitelist": 302375762,
	"percentageReadsOnWhitelist": 96.704736
}
