{"ncells": 7332, "ngenes": 60623, "nvals": 9773226, "density": 0.021987611827469673, "avg_per_cell": 2709.933442444081, "avg_per_gene": 327.75072167329233, "min_cell": 127, "max_cell": 33868, "total_count": 19869232, "overdispersion": 0.4109659287926685, "s_index": 2833}