{
	"numRecords": 96970926,
	"numReads": 452534701,
	"numBarcodes": 1620064,
	"medianReadsPerBarcode": 2.000000,
	"meanReadsPerBarcode": 279.331373,
	"numUMIs": 1048576,
	"numBarcodeUMIs": 38594401,
	"medianUMIsPerBarcode": 1.000000,
	"meanUMIsPerBarcode": 23.822763,
	"gtRecords": 33198752,
	"numTargets": 193806,
	"medianTargetsPerSet": 4.000000,
	"meanTargetsPerSet": 5.229451,
	"numSingleton": 75109551,
	"gtTargets": 5660,
	"numBarcodesOnWhitelist": 340974,
	"percentageBarcodesOnWhitelist": 21.046946,
	"numReadsOnWhitelist": 440471548,
	"percentageReadsOnWhitelist": 97.334314
}
