{
  "ncells": 1128,
  "ngenes": 60623,
  "nvals": 4644841,
  "density": 0.06792416812054222,
  "avg_per_cell": 13560.103723404256,
  "avg_per_gene": 252.31012981871567,
  "min_cell": 2784,
  "max_cell": 116266,
  "total_counts": 15295797,
  "overdispersion": 0.44656954076006833
}
