{
  "ncells": 218737,
  "ngenes": 63140,
  "nvals": 4332860,
  "density": 0.0003137240607074354,
  "avg_counts_per_cell": 56.30321801981375,
  "avg_counts_per_gene": 195.05221729490023,
  "avg_nnzero_per_cell": 19.808537193067473,
  "avg_nnzero_per_gene": 68.62305986696231,
  "min_cell": 0,
  "max_cell": 73082,
  "total_counts": 12315597,
  "overdispersion": 801.996771724313,
  "s_index": 1614
}
