{
  "ncells": 2498,
  "ngenes": 63140,
  "nvals": 2968633,
  "density": 0.01882172827270369,
  "avg_counts_per_cell": 4273.826261008807,
  "avg_counts_per_gene": 169.08485904339562,
  "avg_nnzero_per_cell": 1188.403923138511,
  "avg_nnzero_per_gene": 47.01667722521381,
  "min_cell": 279,
  "max_cell": 73082,
  "total_counts": 10676018,
  "overdispersion": 10.465341886241507,
  "s_index": 1614
}
