{
	"numRecords": 6046982,
	"numReads": 9740882,
	"numBarcodes": 1181543,
	"medianReadsPerBarcode": 1.000000,
	"meanReadsPerBarcode": 8.244204,
	"numUMIs": 1024840,
	"numBarcodeUMIs": 5573862,
	"medianUMIsPerBarcode": 1.000000,
	"meanUMIsPerBarcode": 4.717443,
	"gtRecords": 3475514,
	"numBarcodesOnWhitelist": 159922,
	"percentageBarcodesOnWhitelist": 13.535013,
	"numReadsOnWhitelist": 6678475,
	"percentageReadsOnWhitelist": 68.561297
}
