{"ncells": 14335, "ngenes": 60623, "nvals": 2225778, "density": 0.002561219053819278, "avg_counts_per_cell": 241.00592954307638, "avg_counts_per_gene": 56.98860168582881, "avg_nnzero_per_cell": 155.26878269968608, "avg_nnzero_per_gene": 36.71507513649935, "min_cell": 76, "max_cell": 5417, "total_counts": 3454820, "overdispersion": 2.8361358362310845, "s_index": 545}