{
	"numRecords": 83660739,
	"numReads": 114443464,
	"numBarcodes": 1389206,
	"medianReadsPerBarcode": 1.000000,
	"meanReadsPerBarcode": 82.380485,
	"numUMIs": 1048576,
	"numBarcodeUMIs": 67870270,
	"medianUMIsPerBarcode": 1.000000,
	"meanUMIsPerBarcode": 48.855440,
	"gtRecords": 53922821,
	"numTargets": 168770,
	"medianTargetsPerSet": 4.000000,
	"meanTargetsPerSet": 5.152440,
	"numSingleton": 18650255,
	"gtTargets": 7248,
	"numBarcodesOnWhitelist": 344990,
	"percentageBarcodesOnWhitelist": 24.833610,
	"numReadsOnWhitelist": 108631897,
	"percentageReadsOnWhitelist": 94.921888
}
