{
	"numRecords": 7987029,
	"numReads": 32483724,
	"numBarcodes": 252610,
	"medianReadsPerBarcode": 4.000000,
	"meanReadsPerBarcode": 128.592391,
	"numUMIs": 981140,
	"numBarcodeUMIs": 4691428,
	"medianUMIsPerBarcode": 1.000000,
	"meanUMIsPerBarcode": 18.571822,
	"gtRecords": 2565475,
	"numTargets": 143406,
	"medianTargetsPerSet": 3.000000,
	"meanTargetsPerSet": 4.039336,
	"numSingleton": 7419844,
	"gtTargets": 11286,
	"numBarcodesOnWhitelist": 130975,
	"percentageBarcodesOnWhitelist": 51.848700,
	"numReadsOnWhitelist": 31464293,
	"percentageReadsOnWhitelist": 96.861718
}
