{"ncells": 1344, "ngenes": 60623, "nvals": 1559568, "density": 0.019141132196408246, "avg_counts_per_cell": 2526.734375, "avg_counts_per_gene": 56.01720469128878, "avg_nnzero_per_cell": 1160.392857142857, "avg_nnzero_per_gene": 25.725681671972684, "min_cell": 552, "max_cell": 20020, "total_counts": 3395931, "overdispersion": 0.6477559428190587, "s_index": 1129}