{"ncells": 4552, "ngenes": 60623, "nvals": 9352793, "density": 0.03389234705824151, "avg_per_cell": 6621.260984182777, "avg_per_gene": 497.17071078633523, "min_cell": 81, "max_cell": 51543, "total_count": 30139980, "overdispersion": 0.4909016362444354, "s_index": 3555}