{
  "ncells": 1928,
  "ngenes": 63140,
  "nvals": 3506661,
  "density": 0.028805948251728032,
  "avg_counts_per_cell": 6223.789419087137,
  "avg_counts_per_gene": 190.04539119417169,
  "avg_nnzero_per_cell": 1818.8075726141078,
  "avg_nnzero_per_gene": 55.53786822933164,
  "min_cell": 261,
  "max_cell": 75822,
  "total_counts": 11999466,
  "overdispersion": 1.7503928376410443,
  "s_index": 1635
}
