{
  "ncells": 363624,
  "ngenes": 63140,
  "nvals": 5619887,
  "density": 0.0002447769199762548,
  "avg_counts_per_cell": 40.93046388577211,
  "avg_counts_per_gene": 235.71902122267977,
  "avg_nnzero_per_cell": 15.455214727300728,
  "avg_nnzero_per_gene": 89.00676274944567,
  "min_cell": 0,
  "max_cell": 75822,
  "total_counts": 14883299,
  "overdispersion": 237.79184628782528,
  "s_index": 1636
}
