{
  "ncells": 9879,
  "ngenes": 63140,
  "nvals": 17579083,
  "density": 0.028182444063507367,
  "avg_counts_per_cell": 6913.060532442555,
  "avg_counts_per_gene": 1081.6301076971808,
  "avg_nnzero_per_cell": 1779.4395181698553,
  "avg_nnzero_per_gene": 278.4143649033893,
  "min_cell": 4,
  "max_cell": 54341,
  "total_counts": 68294125,
  "overdispersion": 2.11854942969764,
  "s_index": 4972
}
