{
  "ncells": 426267,
  "ngenes": 63140,
  "nvals": 19159834,
  "density": 0.0007118778039065203,
  "avg_counts_per_cell": 165.6177348938576,
  "avg_counts_per_gene": 1118.1085682610073,
  "avg_nnzero_per_cell": 44.94796453865769,
  "avg_nnzero_per_gene": 303.45001583782073,
  "min_cell": 0,
  "max_cell": 54341,
  "total_counts": 70597375,
  "overdispersion": 123.11413178485398,
  "s_index": 4972
}
