{
  "ncells": 9175,
  "ngenes": 63140,
  "nvals": 9886565,
  "density": 0.017066119233328642,
  "avg_counts_per_cell": 3191.2249591280656,
  "avg_counts_per_gene": 463.72329743427304,
  "avg_nnzero_per_cell": 1077.5547683923705,
  "avg_nnzero_per_gene": 156.5816439657903,
  "min_cell": 265,
  "max_cell": 114296,
  "total_counts": 29279489,
  "overdispersion": 1.1272375265166577,
  "s_index": 3135
}
