{
  "ncells": 472514,
  "ngenes": 63140,
  "nvals": 13062150,
  "density": 0.00043781981034169304,
  "avg_counts_per_cell": 69.41377398341636,
  "avg_counts_per_gene": 519.4643649033893,
  "avg_nnzero_per_cell": 27.6439428249745,
  "avg_nnzero_per_gene": 206.87598986379473,
  "min_cell": 0,
  "max_cell": 114296,
  "total_counts": 32798980,
  "overdispersion": 91.17839068048889,
  "s_index": 3135
}
