{
  "ncells": 399483,
  "ngenes": 63140,
  "nvals": 14749784,
  "density": 0.0005847668976897651,
  "avg_counts_per_cell": 92.08170810772924,
  "avg_counts_per_gene": 582.5954545454546,
  "avg_nnzero_per_cell": 36.92218192013177,
  "avg_nnzero_per_gene": 233.60443458980043,
  "min_cell": 0,
  "max_cell": 26914,
  "total_counts": 36785077,
  "overdispersion": 35.00425122640427,
  "s_index": 2772
}
