{
  "ncells": 16315,
  "ngenes": 63140,
  "nvals": 12286090,
  "density": 0.011926747822190442,
  "avg_counts_per_cell": 2039.9548881397486,
  "avg_counts_per_gene": 527.1121951219512,
  "avg_nnzero_per_cell": 753.0548574931045,
  "avg_nnzero_per_gene": 194.58489071903705,
  "min_cell": 0,
  "max_cell": 26914,
  "total_counts": 33281864,
  "overdispersion": 0.9435818040741455,
  "s_index": 2772
}
