{
  "ncells": 1645,
  "ngenes": 60623,
  "nvals": 3948039,
  "density": 0.039589325968802054,
  "avg_per_cell": 8345.86565349544,
  "avg_per_gene": 226.4643617109018,
  "min_cell": 435,
  "max_cell": 65830,
  "total_counts": 13728949,
  "overdispersion": 3.5416121734976844
}
