{
	"numRecords": 94711292,
	"numReads": 399758081,
	"numBarcodes": 2717630,
	"medianReadsPerBarcode": 2.000000,
	"meanReadsPerBarcode": 147.098053,
	"numUMIs": 1048576,
	"numBarcodeUMIs": 65470239,
	"medianUMIsPerBarcode": 1.000000,
	"meanUMIsPerBarcode": 24.090932,
	"gtRecords": 22805078,
	"numBarcodesOnWhitelist": 605318,
	"percentageBarcodesOnWhitelist": 22.273746,
	"numReadsOnWhitelist": 391103413,
	"percentageReadsOnWhitelist": 97.835024
}
