{"ncells": 6319, "ngenes": 60623, "nvals": 2989664, "density": 0.007804347566007382, "avg_per_cell": 2457.8123120746955, "avg_per_gene": 256.1885093116474, "min_cell": 1049, "max_cell": 63358, "total_count": 15530916, "overdispersion": 0.4130008263905042, "s_index": 1787}