{
  "ncells": 5067,
  "ngenes": 60623,
  "nvals": 8725214,
  "density": 0.028404539912740334,
  "avg_per_cell": 8090.726860074995,
  "avg_per_gene": 676.2402553486301,
  "min_cell": 538,
  "max_cell": 91971,
  "total_counts": 40995713,
  "overdispersion": 1.3144104257693516
}
