{"ncells": 7877, "ngenes": 60623, "nvals": 9153918, "density": 0.019169410081835918, "avg_per_cell": 5331.266725910879, "avg_per_gene": 692.7137884961153, "min_cell": 118, "max_cell": 91971, "total_count": 41994388, "overdispersion": 2.191856338183415, "s_index": 2900}