{"ncells": 1396, "ngenes": 60623, "nvals": 2868858, "density": 0.03389894716403843, "avg_per_cell": 7533.335959885387, "avg_per_gene": 173.47437441235175, "min_cell": 351, "max_cell": 40880, "total_count": 10516537, "overdispersion": 1.3831777691943983, "s_index": 961}