{"ncells": 1108, "ngenes": 60623, "nvals": 4619357, "density": 0.06877084217777016, "avg_per_cell": 13892.231046931407, "avg_per_gene": 253.90680104910678, "min_cell": 2892, "max_cell": 119815, "total_count": 15392592, "overdispersion": 0.4421326478194161, "s_index": 1108}