{
	"numRecords": 57313198,
	"numReads": 353838117,
	"numBarcodes": 3525133,
	"medianReadsPerBarcode": 1.000000,
	"meanReadsPerBarcode": 100.375820,
	"numUMIs": 1048542,
	"numBarcodeUMIs": 25547169,
	"medianUMIsPerBarcode": 1.000000,
	"meanUMIsPerBarcode": 7.247150,
	"gtRecords": 18424016,
	"numTargets": 186584,
	"medianTargetsPerSet": 3.000000,
	"meanTargetsPerSet": 4.004921,
	"numSingleton": 117308707,
	"gtTargets": 9342,
	"numBarcodesOnWhitelist": 211063,
	"percentageBarcodesOnWhitelist": 5.987377,
	"numReadsOnWhitelist": 322135195,
	"percentageReadsOnWhitelist": 91.040275
}
