{
  "ncells": 7632,
  "ngenes": 60623,
  "nvals": 5008777,
  "density": 0.010825698077450246,
  "avg_per_cell": 1756.409460167715,
  "avg_per_gene": 221.1193276479224,
  "min_cell": 117,
  "max_cell": 42486,
  "total_counts": 13404917,
  "overdispersion": 1.942439337330606
}
