{
  "ncells": 473,
  "ngenes": 60623,
  "nvals": 264772,
  "density": 0.009233651752474719,
  "avg_per_cell": 1449.0570824524314,
  "avg_per_gene": 11.306005971331013,
  "min_cell": 17,
  "max_cell": 15002,
  "total_counts": 685404,
  "overdispersion": 2.0369267454626643
}
