{"ncells": 3631, "ngenes": 60623, "nvals": 470098, "density": 0.002135623693563218, "avg_counts_per_cell": 277.2550261635913, "avg_counts_per_gene": 16.606123088596735, "avg_nnzero_per_cell": 129.46791517488296, "avg_nnzero_per_gene": 7.754449631328044, "min_cell": 54, "max_cell": 15002, "total_counts": 1006713, "overdispersion": 10.11261994772048, "s_index": 408}