{"ncells": 3631, "ngenes": 60623, "nvals": 470098, "density": 0.002135623693563218, "avg_per_cell": 277.2550261635913, "avg_per_gene": 16.606123088596735, "min_cell": 54, "max_cell": 15002, "total_count": 1006713, "overdispersion": 10.11261994772048, "s_index": 408}