{"ncells": 9293, "ngenes": 60623, "nvals": 1636093, "density": 0.0029041204515674037, "avg_counts_per_cell": 270.9624448509631, "avg_counts_per_gene": 41.53628160929021, "avg_nnzero_per_cell": 176.0564941353707, "avg_nnzero_per_gene": 26.987991356415883, "min_cell": 31, "max_cell": 5888, "total_counts": 2518054, "overdispersion": 3.0079930164047357, "s_index": 677}