{
	"numRecords": 43677469,
	"numReads": 141716342,
	"numBarcodes": 720406,
	"medianReadsPerBarcode": 3.000000,
	"meanReadsPerBarcode": 196.717326,
	"numUMIs": 1048527,
	"numBarcodeUMIs": 18082744,
	"medianUMIsPerBarcode": 1.000000,
	"meanUMIsPerBarcode": 25.100768,
	"gtRecords": 18919687,
	"numTargets": 163448,
	"medianTargetsPerSet": 4.000000,
	"meanTargetsPerSet": 5.127170,
	"numSingleton": 25883778,
	"gtTargets": 6006,
	"numBarcodesOnWhitelist": 215698,
	"percentageBarcodesOnWhitelist": 29.941172,
	"numReadsOnWhitelist": 137358939,
	"percentageReadsOnWhitelist": 96.925264
}
