{
  "ncells": 2122,
  "ngenes": 60623,
  "nvals": 3167412,
  "density": 0.02462191082436945,
  "avg_per_cell": 4461.299245994345,
  "avg_per_gene": 156.15982382923974,
  "min_cell": 2533,
  "max_cell": 43670,
  "total_counts": 9466877,
  "overdispersion": 0.11464214284235363
}
