{"ncells": 2787, "ngenes": 60623, "nvals": 3543497, "density": 0.020972860905613695, "avg_counts_per_cell": 3673.306781485468, "avg_counts_per_gene": 168.87164937399996, "avg_nnzero_per_cell": 1271.437746681019, "avg_nnzero_per_gene": 58.45136334394537, "min_cell": 113, "max_cell": 43670, "total_counts": 10237506, "overdispersion": 0.2941257739602738, "s_index": 2220}