{"ncells": 2787, "ngenes": 60623, "nvals": 3543497, "density": 0.020972860905613695, "avg_per_cell": 3673.306781485468, "avg_per_gene": 168.87164937399996, "min_cell": 113, "max_cell": 43670, "total_count": 10237506, "overdispersion": 0.2941257739602738, "s_index": 2220}