{
  "ncells": 4568,
  "ngenes": 63140,
  "nvals": 9611000,
  "density": 0.03332252515328847,
  "avg_counts_per_cell": 12248.748029772329,
  "avg_counts_per_gene": 886.1621951219512,
  "avg_nnzero_per_cell": 2103.984238178634,
  "avg_nnzero_per_gene": 152.21729490022173,
  "min_cell": 307,
  "max_cell": 88684,
  "total_counts": 55952281,
  "overdispersion": 2.7128669390027347,
  "s_index": 2961
}
