{
  "ncells": 575912,
  "ngenes": 63140,
  "nvals": 13230789,
  "density": 0.0003638522276172371,
  "avg_counts_per_cell": 104.4301282140327,
  "avg_counts_per_gene": 952.527146024707,
  "avg_nnzero_per_cell": 22.97362965175235,
  "avg_nnzero_per_gene": 209.54686411149825,
  "min_cell": 0,
  "max_cell": 88684,
  "total_counts": 60142564,
  "overdispersion": 394.3672998797358,
  "s_index": 2961
}
