{
  "ncells": 2119,
  "ngenes": 63140,
  "nvals": 2192480,
  "density": 0.016387024616861517,
  "avg_counts_per_cell": 2594.11090136857,
  "avg_counts_per_gene": 87.05924928729807,
  "avg_nnzero_per_cell": 1034.6767343086362,
  "avg_nnzero_per_gene": 34.72410516312955,
  "min_cell": 69,
  "max_cell": 57136,
  "total_counts": 5496921,
  "overdispersion": 1.6614174544029954,
  "s_index": 1061
}
