{
  "ncells": 324493,
  "ngenes": 63140,
  "nvals": 4233602,
  "density": 0.00020663320767580975,
  "avg_counts_per_cell": 23.574132569885943,
  "avg_counts_per_gene": 121.15364269876466,
  "avg_nnzero_per_cell": 13.046820732650627,
  "avg_nnzero_per_gene": 67.05102945834653,
  "min_cell": 0,
  "max_cell": 57136,
  "total_counts": 7649641,
  "overdispersion": 239.8351872597285,
  "s_index": 1061
}
