{
  "ncells": 666,
  "ngenes": 60623,
  "nvals": 4056717,
  "density": 0.10047616691134828,
  "avg_per_cell": 41419.217717717715,
  "avg_per_gene": 455.02860300545996,
  "min_cell": 13776,
  "max_cell": 131443,
  "total_counts": 27585199,
  "overdispersion": 1.0167344490643953
}
