{
  "ncells": 360022,
  "ngenes": 63140,
  "nvals": 12056486,
  "density": 0.0005303799871435373,
  "avg_counts_per_cell": 96.60729344317848,
  "avg_counts_per_gene": 550.8512987012987,
  "avg_nnzero_per_cell": 33.48819238824294,
  "avg_nnzero_per_gene": 190.94846373139055,
  "min_cell": 0,
  "max_cell": 27809,
  "total_counts": 34780751,
  "overdispersion": 92.8073264557879,
  "s_index": 4183
}
