{
  "ncells": 7297,
  "ngenes": 63140,
  "nvals": 11146158,
  "density": 0.02419225052415438,
  "avg_counts_per_cell": 4617.141976154584,
  "avg_counts_per_gene": 533.5965315172632,
  "avg_nnzero_per_cell": 1527.4986980951076,
  "avg_nnzero_per_gene": 176.5308520747545,
  "min_cell": 0,
  "max_cell": 27809,
  "total_counts": 33691285,
  "overdispersion": 1.0939273816683928,
  "s_index": 4183
}
