{
  "ncells": 743,
  "ngenes": 60623,
  "nvals": 1529838,
  "density": 0.03396402926108936,
  "avg_per_cell": 23756.323014804846,
  "avg_per_gene": 291.15926298599544,
  "min_cell": 10,
  "max_cell": 237173,
  "total_counts": 17650948,
  "overdispersion": 1.0802330406961542
}
