{"ncells": 833, "ngenes": 60623, "nvals": 1560176, "density": 0.03089521112702541, "avg_counts_per_cell": 21277.261704681874, "avg_counts_per_gene": 292.36360787159987, "avg_nnzero_per_cell": 1872.9603841536614, "avg_nnzero_per_gene": 25.735710868812166, "min_cell": 700, "max_cell": 237166, "total_counts": 17723959, "overdispersion": 1.3227249637656093, "s_index": 794}