{
	"numRecords": 16509538,
	"numReads": 30475746,
	"numBarcodes": 543517,
	"medianReadsPerBarcode": 2.000000,
	"meanReadsPerBarcode": 56.071376,
	"numUMIs": 1045758,
	"numBarcodeUMIs": 13018361,
	"medianUMIsPerBarcode": 1.000000,
	"meanUMIsPerBarcode": 23.952077,
	"gtRecords": 7794830,
	"numTargets": 169531,
	"medianTargetsPerSet": 3.000000,
	"meanTargetsPerSet": 3.863254,
	"numSingleton": 8353190,
	"gtTargets": 9169,
	"numBarcodesOnWhitelist": 258405,
	"percentageBarcodesOnWhitelist": 47.543131,
	"numReadsOnWhitelist": 29234869,
	"percentageReadsOnWhitelist": 95.928313
}
