{
  "ncells": 4671,
  "ngenes": 60623,
  "nvals": 4728369,
  "density": 0.01669798512895607,
  "avg_per_cell": 2158.6169985013917,
  "avg_per_gene": 166.32136317899148,
  "min_cell": 390,
  "max_cell": 13676,
  "total_counts": 10082900,
  "overdispersion": 0.2850300364722713
}
