{"ncells": 3964, "ngenes": 60623, "nvals": 4405600, "density": 0.01833301921073706, "avg_per_cell": 2405.983602421796, "avg_per_gene": 157.32179205911947, "min_cell": 1126, "max_cell": 13676, "total_count": 9537319, "overdispersion": 0.2427953166570622, "s_index": 2178}