{
  "ncells": 3379,
  "ngenes": 60623,
  "nvals": 528508,
  "density": 0.002580037092121654,
  "avg_per_cell": 355.4344480615567,
  "avg_per_gene": 19.811177275951373,
  "min_cell": 1,
  "max_cell": 6127,
  "total_counts": 1201013,
  "overdispersion": 3.473193621242263
}
