{
  "ncells": 7429,
  "ngenes": 63140,
  "nvals": 7046323,
  "density": 0.015021994936075879,
  "avg_counts_per_cell": 2031.6124646655,
  "avg_counts_per_gene": 239.0378365536902,
  "avg_nnzero_per_cell": 948.488760263831,
  "avg_nnzero_per_gene": 111.59840038010769,
  "min_cell": 47,
  "max_cell": 45787,
  "total_counts": 15092849,
  "overdispersion": 1.4019467402954464,
  "s_index": 2160
}
