{
  "ncells": 385103,
  "ngenes": 63140,
  "nvals": 10796285,
  "density": 0.00044401011217111034,
  "avg_counts_per_cell": 50.04113444974461,
  "avg_counts_per_gene": 305.2105004751346,
  "avg_nnzero_per_cell": 28.034798482483907,
  "avg_nnzero_per_gene": 170.9896262274311,
  "min_cell": 0,
  "max_cell": 45787,
  "total_counts": 19270991,
  "overdispersion": 100.54515233171593,
  "s_index": 2160
}
