{
  "ncells": 532959,
  "ngenes": 63140,
  "nvals": 3025590,
  "density": 0.00008991076608093229,
  "avg_counts_per_cell": 35.189170273885985,
  "avg_counts_per_gene": 297.02858726639215,
  "avg_nnzero_per_cell": 5.676965770350065,
  "avg_nnzero_per_gene": 47.91875197972759,
  "min_cell": 0,
  "max_cell": 20661,
  "total_counts": 18754385,
  "overdispersion": 14.385667111287056,
  "s_index": 1211
}
