{
  "ncells": 25780,
  "ngenes": 63140,
  "nvals": 1299955,
  "density": 0.0007986211880798344,
  "avg_counts_per_cell": 452.3477114041893,
  "avg_counts_per_gene": 184.6931263858093,
  "avg_nnzero_per_cell": 50.42494181536075,
  "avg_nnzero_per_gene": 20.588454228698133,
  "min_cell": 145,
  "max_cell": 20661,
  "total_counts": 11661524,
  "overdispersion": 0.8128292402324135,
  "s_index": 1211
}
