{
	"numRecords": 108187665,
	"numReads": 379012505,
	"numBarcodes": 2880175,
	"medianReadsPerBarcode": 4.000000,
	"meanReadsPerBarcode": 131.593568,
	"numUMIs": 1048574,
	"numBarcodeUMIs": 57362637,
	"medianUMIsPerBarcode": 1.000000,
	"meanUMIsPerBarcode": 19.916372,
	"gtRecords": 34174229,
	"numTargets": 181447,
	"medianTargetsPerSet": 3.000000,
	"meanTargetsPerSet": 4.034367,
	"numSingleton": 133824343,
	"gtTargets": 5157,
	"numBarcodesOnWhitelist": 340783,
	"percentageBarcodesOnWhitelist": 11.832024,
	"numReadsOnWhitelist": 336204674,
	"percentageReadsOnWhitelist": 88.705430
}
