{"ncells": 10926, "ngenes": 60623, "nvals": 14752353, "density": 0.022272177315237757, "avg_counts_per_cell": 3801.7179205564707, "avg_counts_per_gene": 685.1783976378603, "avg_nnzero_per_cell": 1350.2062053816585, "avg_nnzero_per_gene": 243.34580934628772, "min_cell": 335, "max_cell": 44874, "total_counts": 41537570, "overdispersion": 1.6508605846499556, "s_index": 4051}