{
	"numRecords": 6382004,
	"numReads": 16914434,
	"numBarcodes": 1308987,
	"medianReadsPerBarcode": 3.000000,
	"meanReadsPerBarcode": 12.921774,
	"numUMIs": 1025882,
	"numBarcodeUMIs": 5454327,
	"medianUMIsPerBarcode": 1.000000,
	"meanUMIsPerBarcode": 4.166831,
	"gtRecords": 2755248,
	"numBarcodesOnWhitelist": 143115,
	"percentageBarcodesOnWhitelist": 10.933264,
	"numReadsOnWhitelist": 8876819,
	"percentageReadsOnWhitelist": 52.480733
}
