{
  "ncells": 548337,
  "ngenes": 63140,
  "nvals": 3934670,
  "density": 0.00011364653130485492,
  "avg_counts_per_cell": 11.35647785941857,
  "avg_counts_per_gene": 98.62491289198606,
  "avg_nnzero_per_cell": 7.1756419865885395,
  "avg_nnzero_per_gene": 62.31659803611023,
  "min_cell": 0,
  "max_cell": 69337,
  "total_counts": 6227177,
  "overdispersion": 936.7216516999831,
  "s_index": 1113
}
