{
  "ncells": 2561,
  "ngenes": 63140,
  "nvals": 2109899,
  "density": 0.013048107024831055,
  "avg_counts_per_cell": 1627.4275673565014,
  "avg_counts_per_gene": 66.00953436807096,
  "avg_nnzero_per_cell": 823.8574775478329,
  "avg_nnzero_per_gene": 33.416202090592336,
  "min_cell": 146,
  "max_cell": 69337,
  "total_counts": 4167842,
  "overdispersion": 6.461655692757983,
  "s_index": 1113
}
