{"ncells": 11005, "ngenes": 60623, "nvals": 17379932, "density": 0.026050772239418055, "avg_counts_per_cell": 6711.3882780554295, "avg_counts_per_gene": 1218.330138726226, "avg_nnzero_per_cell": 1579.2759654702409, "avg_nnzero_per_gene": 286.68874849479573, "min_cell": 439, "max_cell": 92157, "total_counts": 73858828, "overdispersion": 2.8788689419507496, "s_index": 3193}