{
	"numRecords": 21139864,
	"numReads": 60071138,
	"numBarcodes": 461455,
	"medianReadsPerBarcode": 3.000000,
	"meanReadsPerBarcode": 130.177673,
	"numUMIs": 1048452,
	"numBarcodeUMIs": 15434725,
	"medianUMIsPerBarcode": 1.000000,
	"meanUMIsPerBarcode": 33.447953,
	"gtRecords": 6227160,
	"numBarcodesOnWhitelist": 198254,
	"percentageBarcodesOnWhitelist": 42.962802,
	"numReadsOnWhitelist": 58063165,
	"percentageReadsOnWhitelist": 96.657342
}
