{
  "ncells": 2288,
  "ngenes": 60623,
  "nvals": 3066951,
  "density": 0.02211125500038124,
  "avg_per_cell": 4776.447552447553,
  "avg_per_gene": 180.27006251752636,
  "min_cell": 646,
  "max_cell": 69074,
  "total_counts": 10928512,
  "overdispersion": 9.082675709833607
}
