{"ncells": 3177, "ngenes": 60623, "nvals": 3290646, "density": 0.017085454077341758, "avg_per_cell": 3561.1174063581993, "avg_per_gene": 186.62339376144368, "min_cell": 224, "max_cell": 69074, "total_count": 11313670, "overdispersion": 12.609884925766648, "s_index": 1650}