{"ncells": 3177, "ngenes": 60623, "nvals": 3290646, "density": 0.017085454077341758, "avg_counts_per_cell": 3561.1174063581993, "avg_counts_per_gene": 186.62339376144368, "avg_nnzero_per_cell": 1035.7714825306894, "avg_nnzero_per_gene": 54.28048760371476, "min_cell": 224, "max_cell": 69074, "total_counts": 11313670, "overdispersion": 12.609884925766648, "s_index": 1650}