{
  "ncells": 2372,
  "ngenes": 63140,
  "nvals": 1830398,
  "density": 0.012221549478366818,
  "avg_counts_per_cell": 2583.39586846543,
  "avg_counts_per_gene": 97.05123535001584,
  "avg_nnzero_per_cell": 771.668634064081,
  "avg_nnzero_per_gene": 28.989515362686095,
  "min_cell": 215,
  "max_cell": 44251,
  "total_counts": 6127815,
  "overdispersion": 4.79918071550831,
  "s_index": 1490
}
