{
  "ncells": 223185,
  "ngenes": 63140,
  "nvals": 2898746,
  "density": 0.00020570297936171265,
  "avg_counts_per_cell": 33.27030938459126,
  "avg_counts_per_gene": 117.6026924295217,
  "avg_nnzero_per_cell": 12.988086116898536,
  "avg_nnzero_per_gene": 45.90981944884384,
  "min_cell": 0,
  "max_cell": 44251,
  "total_counts": 7425434,
  "overdispersion": 390.23722195849314,
  "s_index": 1490
}
