{
  "ncells": 6496,
  "ngenes": 60623,
  "nvals": 11871652,
  "density": 0.03014586271659239,
  "avg_per_cell": 5602.818811576355,
  "avg_per_gene": 600.3647295580885,
  "min_cell": 250,
  "max_cell": 60247,
  "total_counts": 36395911,
  "overdispersion": 1.0627309830954836
}
