{"ncells": 2675, "ngenes": 60623, "nvals": 8396775, "density": 0.05177871943670249, "avg_per_cell": 11138.755514018692, "avg_per_gene": 491.49944740445045, "min_cell": 3998, "max_cell": 60247, "total_count": 29796171, "overdispersion": 0.6898336154634773, "s_index": 2675}