{
  "ncells": 586034,
  "ngenes": 63140,
  "nvals": 21298041,
  "density": 0.0005755887115034928,
  "avg_counts_per_cell": 162.74140066958572,
  "avg_counts_per_gene": 1510.4845422869814,
  "avg_nnzero_per_cell": 36.34267124433053,
  "avg_nnzero_per_gene": 337.3145549572379,
  "min_cell": 0,
  "max_cell": 147744,
  "total_counts": 95371994,
  "overdispersion": 220.26556601983665,
  "s_index": 4138
}
