{
  "ncells": 5317,
  "ngenes": 63140,
  "nvals": 15415069,
  "density": 0.04591707713837835,
  "avg_counts_per_cell": 16553.917998871544,
  "avg_counts_per_gene": 1394.0003484320557,
  "avg_nnzero_per_cell": 2899.204250517209,
  "avg_nnzero_per_gene": 244.14109914475767,
  "min_cell": 253,
  "max_cell": 147744,
  "total_counts": 88017182,
  "overdispersion": 1.7042138736243708,
  "s_index": 4138
}
