{
	"numRecords": 196427030,
	"numReads": 314795180,
	"numBarcodes": 1852776,
	"medianReadsPerBarcode": 2.000000,
	"meanReadsPerBarcode": 169.904608,
	"numUMIs": 1048576,
	"numBarcodeUMIs": 146935158,
	"medianUMIsPerBarcode": 1.000000,
	"meanUMIsPerBarcode": 79.305409,
	"gtRecords": 99957706,
	"numTargets": 184098,
	"medianTargetsPerSet": 5.000000,
	"meanTargetsPerSet": 6.118429,
	"numSingleton": 39162336,
	"gtTargets": 7052,
	"numBarcodesOnWhitelist": 577109,
	"percentageBarcodesOnWhitelist": 31.148342,
	"numReadsOnWhitelist": 304335485,
	"percentageReadsOnWhitelist": 96.677301
}
