{"ncells": 4915, "ngenes": 60623, "nvals": 15633451, "density": 0.05246792758453514, "avg_counts_per_cell": 18834.80935910478, "avg_counts_per_gene": 1527.0291473533148, "avg_nnzero_per_cell": 3180.7631739572735, "avg_nnzero_per_gene": 257.8798640779902, "min_cell": 2191, "max_cell": 95356, "total_counts": 92573088, "overdispersion": 1.239983777486311, "s_index": 4343}