{
	"numRecords": 106723432,
	"numReads": 341580371,
	"numBarcodes": 2129241,
	"medianReadsPerBarcode": 5.000000,
	"meanReadsPerBarcode": 160.423536,
	"numUMIs": 1048576,
	"numBarcodeUMIs": 60530775,
	"medianUMIsPerBarcode": 1.000000,
	"meanUMIsPerBarcode": 28.428334,
	"gtRecords": 27220106,
	"numTargets": 189716,
	"medianTargetsPerSet": 4.000000,
	"meanTargetsPerSet": 4.826706,
	"numSingleton": 88808348,
	"gtTargets": 4666,
	"numBarcodesOnWhitelist": 282946,
	"percentageBarcodesOnWhitelist": 13.288585,
	"numReadsOnWhitelist": 309025123,
	"percentageReadsOnWhitelist": 90.469228
}
