{
  "ncells": 2040989,
  "ngenes": 63140,
  "nvals": 34597852,
  "density": 0.0002684750271217468,
  "avg_counts_per_cell": 81.01824164657428,
  "avg_counts_per_gene": 2618.8999049730755,
  "avg_nnzero_per_cell": 16.951513212467095,
  "avg_nnzero_per_gene": 547.9545771301869,
  "min_cell": 0,
  "max_cell": 358550,
  "total_counts": 165357340,
  "overdispersion": 762.5942097713653,
  "s_index": 3170
}
