{
  "ncells": 3842,
  "ngenes": 63140,
  "nvals": 15419766,
  "density": 0.06356467709231133,
  "avg_counts_per_cell": 36482.77433628318,
  "avg_counts_per_gene": 2219.9369496357303,
  "avg_nnzero_per_cell": 4013.473711608537,
  "avg_nnzero_per_gene": 244.21548938866013,
  "min_cell": 1,
  "max_cell": 358635,
  "total_counts": 140166819,
  "overdispersion": 0.8785094133968909,
  "s_index": 3170
}
