{
  "ncells": 3890,
  "ngenes": 63140,
  "nvals": 1184703,
  "density": 0.00482342254898528,
  "avg_counts_per_cell": 738.7388174807198,
  "avg_counts_per_gene": 45.51305036426988,
  "avg_nnzero_per_cell": 304.5508997429306,
  "avg_nnzero_per_gene": 18.76311371555274,
  "min_cell": 111,
  "max_cell": 3797,
  "total_counts": 2873694,
  "overdispersion": 0.8362703076657365,
  "s_index": 1013
}
