{
  "ncells": 236858,
  "ngenes": 63140,
  "nvals": 2412420,
  "density": 0.00016130962623756804,
  "avg_counts_per_cell": 17.86764221601128,
  "avg_counts_per_gene": 67.027146024707,
  "avg_nnzero_per_cell": 10.185089800640046,
  "avg_nnzero_per_gene": 38.20747545137789,
  "min_cell": 0,
  "max_cell": 3797,
  "total_counts": 4232094,
  "overdispersion": 91.52478480092968,
  "s_index": 1013
}
