{
  "ncells": 5866,
  "ngenes": 63140,
  "nvals": 19174982,
  "density": 0.05177121158302501,
  "avg_counts_per_cell": 11165.593249232867,
  "avg_counts_per_gene": 1037.3356034209692,
  "avg_nnzero_per_cell": 3268.834299352199,
  "avg_nnzero_per_gene": 303.68992714602473,
  "min_cell": 293,
  "max_cell": 94978,
  "total_counts": 65497370,
  "overdispersion": 11.879266525688454,
  "s_index": 3855
}
