{
  "ncells": 557114,
  "ngenes": 63140,
  "nvals": 38710251,
  "density": 0.0011004677951089146,
  "avg_counts_per_cell": 157.4505846200239,
  "avg_counts_per_gene": 1389.2607697180867,
  "avg_nnzero_per_cell": 69.48353658317687,
  "avg_nnzero_per_gene": 613.0860152043078,
  "min_cell": 0,
  "max_cell": 94978,
  "total_counts": 87717925,
  "overdispersion": 522.9366071210134,
  "s_index": 3855
}
