{
	"numRecords": 7975992,
	"numReads": 32598364,
	"numBarcodes": 431155,
	"medianReadsPerBarcode": 1.000000,
	"meanReadsPerBarcode": 75.607065,
	"numUMIs": 1007254,
	"numBarcodeUMIs": 4460150,
	"medianUMIsPerBarcode": 1.000000,
	"meanUMIsPerBarcode": 10.344656,
	"gtRecords": 2772628,
	"numTargets": 140635,
	"medianTargetsPerSet": 4.000000,
	"meanTargetsPerSet": 4.327224,
	"numSingleton": 7039806,
	"gtTargets": 9951,
	"numBarcodesOnWhitelist": 212073,
	"percentageBarcodesOnWhitelist": 49.187183,
	"numReadsOnWhitelist": 31464823,
	"percentageReadsOnWhitelist": 96.522706
}
