{
	"numRecords": 71960057,
	"numReads": 127410752,
	"numBarcodes": 2163708,
	"medianReadsPerBarcode": 2.000000,
	"meanReadsPerBarcode": 58.885373,
	"numUMIs": 1048529,
	"numBarcodeUMIs": 61089971,
	"medianUMIsPerBarcode": 1.000000,
	"meanUMIsPerBarcode": 28.233926,
	"gtRecords": 30595551,
	"numBarcodesOnWhitelist": 13172,
	"percentageBarcodesOnWhitelist": 0.608770,
	"numReadsOnWhitelist": 1504691,
	"percentageReadsOnWhitelist": 1.180976
}
