{"ncells": 183, "ngenes": 60623, "nvals": 265550, "density": 0.02393634257913438, "avg_counts_per_cell": 3451.5409836065573, "avg_counts_per_gene": 10.419015885060126, "avg_nnzero_per_cell": 1451.0928961748634, "avg_nnzero_per_gene": 4.380350691981591, "min_cell": 120, "max_cell": 17483, "total_counts": 631632, "overdispersion": 1.370260978644966, "s_index": 160}