{
  "ncells": 419012,
  "ngenes": 63140,
  "nvals": 3311591,
  "density": 0.0001251715572400957,
  "avg_counts_per_cell": 11.267374204080074,
  "avg_counts_per_gene": 74.77296484003801,
  "avg_nnzero_per_cell": 7.903332124139642,
  "avg_nnzero_per_gene": 52.44838454228698,
  "min_cell": 0,
  "max_cell": 47747,
  "total_counts": 4721165,
  "overdispersion": 268.4653801723757,
  "s_index": 896
}
