{
  "ncells": 2342,
  "ngenes": 63140,
  "nvals": 1673384,
  "density": 0.011316291964476756,
  "avg_counts_per_cell": 1225.555508112724,
  "avg_counts_per_gene": 45.45852074754514,
  "avg_nnzero_per_cell": 714.5106746370624,
  "avg_nnzero_per_gene": 26.502755780804563,
  "min_cell": 132,
  "max_cell": 47788,
  "total_counts": 2870251,
  "overdispersion": 2.502057206828714,
  "s_index": 896
}
