{
  "ncells": 7970,
  "ngenes": 60623,
  "nvals": 14522164,
  "density": 0.030056305159822008,
  "avg_per_cell": 7083.570890840652,
  "avg_per_gene": 931.2647015159263,
  "min_cell": 136,
  "max_cell": 69435,
  "total_counts": 56456060,
  "overdispersion": 2.9276616653280136
}
