{
	"numRecords": 90140202,
	"numReads": 120206845,
	"numBarcodes": 3522343,
	"medianReadsPerBarcode": 1.000000,
	"meanReadsPerBarcode": 34.126956,
	"numUMIs": 1048576,
	"numBarcodeUMIs": 79057147,
	"medianUMIsPerBarcode": 1.000000,
	"meanUMIsPerBarcode": 22.444477,
	"gtRecords": 55782820,
	"numBarcodesOnWhitelist": 24654,
	"percentageBarcodesOnWhitelist": 0.699932,
	"numReadsOnWhitelist": 1680802,
	"percentageReadsOnWhitelist": 1.398258
}
