{
  "ncells": 127,
  "ngenes": 60623,
  "nvals": 235215,
  "density": 0.030550890160058533,
  "avg_per_cell": 4348.228346456693,
  "avg_per_gene": 9.109166487966613,
  "min_cell": 622,
  "max_cell": 21924,
  "total_counts": 552225,
  "overdispersion": 0.5790515497262033
}
