{"ncells": 121, "ngenes": 60623, "nvals": 234540, "density": 0.03197379059825506, "avg_per_cell": 4530.694214876033, "avg_per_gene": 9.043003480527192, "min_cell": 743, "max_cell": 21924, "total_count": 548214, "overdispersion": 0.5317844621310039, "s_index": 121}