{
  "ncells": 212978,
  "ngenes": 63140,
  "nvals": 1857348,
  "density": 0.00013811917020057835,
  "avg_counts_per_cell": 18.982617922977962,
  "avg_counts_per_gene": 64.03040861577448,
  "avg_nnzero_per_cell": 8.720844406464517,
  "avg_nnzero_per_gene": 29.416344630978777,
  "min_cell": 0,
  "max_cell": 53345,
  "total_counts": 4042880,
  "overdispersion": 1938.0649450125522,
  "s_index": 650
}
