{
  "ncells": 747,
  "ngenes": 63140,
  "nvals": 960757,
  "density": 0.020369875659326145,
  "avg_counts_per_cell": 4008.95046854083,
  "avg_counts_per_gene": 47.42929996832436,
  "avg_nnzero_per_cell": 1286.1539491298527,
  "avg_nnzero_per_gene": 15.21629711751663,
  "min_cell": 223,
  "max_cell": 53345,
  "total_counts": 2994686,
  "overdispersion": 9.563061807074213,
  "s_index": 649
}
