{
	"numRecords": 27909775,
	"numReads": 80565796,
	"numBarcodes": 582267,
	"medianReadsPerBarcode": 3.000000,
	"meanReadsPerBarcode": 138.365726,
	"numUMIs": 1046369,
	"numBarcodeUMIs": 15495622,
	"medianUMIsPerBarcode": 1.000000,
	"meanUMIsPerBarcode": 26.612571,
	"gtRecords": 10982445,
	"numTargets": 165373,
	"medianTargetsPerSet": 4.000000,
	"meanTargetsPerSet": 4.942148,
	"numSingleton": 13601345,
	"gtTargets": 8069,
	"numBarcodesOnWhitelist": 211072,
	"percentageBarcodesOnWhitelist": 36.250036,
	"numReadsOnWhitelist": 77842328,
	"percentageReadsOnWhitelist": 96.619573
}
