{
  "ncells": 3743,
  "ngenes": 60623,
  "nvals": 4942052,
  "density": 0.02177960803102741,
  "avg_per_cell": 3068.416510820198,
  "avg_per_gene": 189.45091796842783,
  "min_cell": 555,
  "max_cell": 19831,
  "total_counts": 11485083,
  "overdispersion": 0.49217854976621705
}
