{"ncells": 977, "ngenes": 60623, "nvals": 2110449, "density": 0.03563221940266058, "avg_per_cell": 6151.183213920163, "avg_per_gene": 99.13244148260561, "min_cell": 3404, "max_cell": 19831, "total_count": 6009706, "overdispersion": 0.38605014046720726, "s_index": 977}