{"ncells": 977, "ngenes": 60623, "nvals": 2110449, "density": 0.03563221940266058, "avg_counts_per_cell": 6151.183213920163, "avg_counts_per_gene": 99.13244148260561, "avg_nnzero_per_cell": 2160.132036847492, "avg_nnzero_per_gene": 34.81267835639939, "min_cell": 3404, "max_cell": 19831, "total_counts": 6009706, "overdispersion": 0.38605014046720726, "s_index": 977}