{
	"numRecords": 10593380,
	"numReads": 26581706,
	"numBarcodes": 344234,
	"medianReadsPerBarcode": 3.000000,
	"meanReadsPerBarcode": 77.219874,
	"numUMIs": 1019759,
	"numBarcodeUMIs": 6555183,
	"medianUMIsPerBarcode": 1.000000,
	"meanUMIsPerBarcode": 19.042811,
	"gtRecords": 4003208,
	"numTargets": 152833,
	"medianTargetsPerSet": 3.000000,
	"meanTargetsPerSet": 4.200505,
	"numSingleton": 5962616,
	"gtTargets": 10797,
	"numBarcodesOnWhitelist": 163973,
	"percentageBarcodesOnWhitelist": 47.634167,
	"numReadsOnWhitelist": 25755427,
	"percentageReadsOnWhitelist": 96.891550
}
