{
  "ncells": 212093,
  "ngenes": 63140,
  "nvals": 2870252,
  "density": 0.00021433303591050085,
  "avg_counts_per_cell": 33.768629799191864,
  "avg_counts_per_gene": 113.43189737092176,
  "avg_nnzero_per_cell": 13.532987887389023,
  "avg_nnzero_per_gene": 45.458536585365856,
  "min_cell": 0,
  "max_cell": 38314,
  "total_counts": 7162090,
  "overdispersion": 223.68316794913426,
  "s_index": 1223
}
