{
  "ncells": 1423,
  "ngenes": 63140,
  "nvals": 1855020,
  "density": 0.02064615192154057,
  "avg_counts_per_cell": 4165.627547434997,
  "avg_counts_per_gene": 93.88165980361103,
  "avg_nnzero_per_cell": 1303.5980323260717,
  "avg_nnzero_per_gene": 29.379474184352233,
  "min_cell": 296,
  "max_cell": 38314,
  "total_counts": 5927688,
  "overdispersion": 0.8243078311149394,
  "s_index": 1223
}
