{
  "ncells": 319435,
  "ngenes": 63140,
  "nvals": 5721048,
  "density": 0.0002836537402942187,
  "avg_counts_per_cell": 24.59158201198992,
  "avg_counts_per_gene": 124.41260690528983,
  "avg_nnzero_per_cell": 17.909897162176968,
  "avg_nnzero_per_gene": 90.60893253088375,
  "min_cell": 0,
  "max_cell": 11861,
  "total_counts": 7855412,
  "overdispersion": 335.5816310606514,
  "s_index": 824
}
