{
  "ncells": 5745,
  "ngenes": 63140,
  "nvals": 1898511,
  "density": 0.005233816683221255,
  "avg_counts_per_cell": 591.4546562228024,
  "avg_counts_per_gene": 53.815441875197976,
  "avg_nnzero_per_cell": 330.4631853785901,
  "avg_nnzero_per_gene": 30.068276845106112,
  "min_cell": 98,
  "max_cell": 11861,
  "total_counts": 3397907,
  "overdispersion": 9.512720537469812,
  "s_index": 824
}
