{
  "ncells": 155544,
  "ngenes": 63140,
  "nvals": 1729647,
  "density": 0.00017611633420602226,
  "avg_counts_per_cell": 26.925493750964357,
  "avg_counts_per_gene": 66.33036110231232,
  "avg_nnzero_per_cell": 11.119985341768245,
  "avg_nnzero_per_gene": 27.393839087741526,
  "min_cell": 0,
  "max_cell": 21718,
  "total_counts": 4188099,
  "overdispersion": 186.12426286538772,
  "s_index": 886
}
