{
  "ncells": 900,
  "ngenes": 63140,
  "nvals": 1113643,
  "density": 0.01959742019498117,
  "avg_counts_per_cell": 3938.838888888889,
  "avg_counts_per_gene": 56.14436173582515,
  "avg_nnzero_per_cell": 1237.381111111111,
  "avg_nnzero_per_gene": 17.637678175483053,
  "min_cell": 266,
  "max_cell": 21718,
  "total_counts": 3544955,
  "overdispersion": 0.2681214005599065,
  "s_index": 886
}
