{
	"numRecords": 69531020,
	"numReads": 142044104,
	"numBarcodes": 975627,
	"medianReadsPerBarcode": 3.000000,
	"meanReadsPerBarcode": 145.592633,
	"numUMIs": 1048112,
	"numBarcodeUMIs": 43389826,
	"medianUMIsPerBarcode": 1.000000,
	"meanUMIsPerBarcode": 44.473786,
	"gtRecords": 32801904,
	"numBarcodesOnWhitelist": 292232,
	"percentageBarcodesOnWhitelist": 29.953251,
	"numReadsOnWhitelist": 137273591,
	"percentageReadsOnWhitelist": 96.641527
}
