{
  "ncells": 6799,
  "ngenes": 60623,
  "nvals": 10690488,
  "density": 0.025936720682156925,
  "avg_per_cell": 4994.250772172379,
  "avg_per_gene": 560.115979083846,
  "min_cell": 61,
  "max_cell": 45736,
  "total_counts": 33955911,
  "overdispersion": 0.949413332519324
}
