{
  "ncells": 10711,
  "ngenes": 60623,
  "nvals": 19046880,
  "density": 0.02933299459391521,
  "avg_per_cell": 4206.657828400709,
  "avg_per_gene": 743.2412120812234,
  "min_cell": 807,
  "max_cell": 65239,
  "total_counts": 45057512,
  "overdispersion": 0.5963658058015336
}
