{"ncells": 6378, "ngenes": 60623, "nvals": 14468739, "density": 0.03742042739693954, "avg_per_cell": 5693.026026967702, "avg_per_gene": 598.9495735941804, "min_cell": 2899, "max_cell": 65239, "total_count": 36310120, "overdispersion": 0.5116701615396845, "s_index": 4059}