{"ncells": 10317, "ngenes": 60623, "nvals": 20474980, "density": 0.03273652911655856, "avg_per_cell": 14613.12745953281, "avg_per_gene": 2486.9049040793097, "min_cell": 428, "max_cell": 363486, "total_count": 150763636, "overdispersion": 3.786007492155691, "s_index": 3181}