{
  "ncells": 13471,
  "ngenes": 63140,
  "nvals": 6753835,
  "density": 0.007940466771179901,
  "avg_counts_per_cell": 2291.134065770915,
  "avg_counts_per_gene": 488.8163921444409,
  "avg_nnzero_per_cell": 501.361071932299,
  "avg_nnzero_per_gene": 106.96602787456446,
  "min_cell": 229,
  "max_cell": 26613,
  "total_counts": 30863867,
  "overdispersion": 0.683129239735468,
  "s_index": 2610
}
