{
  "ncells": 363765,
  "ngenes": 63140,
  "nvals": 11522038,
  "density": 0.0005016534634322586,
  "avg_counts_per_cell": 112.06099817189668,
  "avg_counts_per_gene": 645.6108489071904,
  "avg_nnzero_per_cell": 31.674399681112806,
  "avg_nnzero_per_gene": 182.48397212543554,
  "min_cell": 0,
  "max_cell": 26613,
  "total_counts": 40763869,
  "overdispersion": 21.956847290548794,
  "s_index": 2610
}
