{
	"numRecords": 9293440,
	"numReads": 15555484,
	"numBarcodes": 1910118,
	"medianReadsPerBarcode": 2.000000,
	"meanReadsPerBarcode": 8.143729,
	"numUMIs": 1040022,
	"numBarcodeUMIs": 8152631,
	"medianUMIsPerBarcode": 1.000000,
	"meanUMIsPerBarcode": 4.268130,
	"gtRecords": 5178988,
	"numBarcodesOnWhitelist": 206473,
	"percentageBarcodesOnWhitelist": 10.809437,
	"numReadsOnWhitelist": 9827326,
	"percentageReadsOnWhitelist": 63.175958
}
