{
  "ncells": 12882,
  "ngenes": 60623,
  "nvals": 2324666,
  "density": 0.002976732744697624,
  "avg_per_cell": 371.077006675982,
  "avg_per_gene": 78.85149200798377,
  "min_cell": 0,
  "max_cell": 2922,
  "total_counts": 4780214,
  "overdispersion": 2.6217006594824017
}
