{"ncells": 5112, "ngenes": 60623, "nvals": 1286167, "density": 0.004150200640986572, "avg_per_cell": 557.5152582159625, "avg_per_gene": 47.012157102089965, "min_cell": 345, "max_cell": 2922, "total_count": 2850018, "overdispersion": 1.6612167826631072, "s_index": 759}