{
	"numRecords": 147379924,
	"numReads": 283328981,
	"numBarcodes": 1638909,
	"medianReadsPerBarcode": 3.000000,
	"meanReadsPerBarcode": 172.876579,
	"numUMIs": 1048576,
	"numBarcodeUMIs": 102351649,
	"medianUMIsPerBarcode": 1.000000,
	"meanUMIsPerBarcode": 62.451087,
	"gtRecords": 61899986,
	"numTargets": 191419,
	"medianTargetsPerSet": 4.000000,
	"meanTargetsPerSet": 4.851563,
	"numSingleton": 50855152,
	"gtTargets": 6007,
	"numBarcodesOnWhitelist": 530525,
	"percentageBarcodesOnWhitelist": 32.370620,
	"numReadsOnWhitelist": 272665667,
	"percentageReadsOnWhitelist": 96.236420
}
