{"ncells": 6045, "ngenes": 60623, "nvals": 17964112, "density": 0.04901985527799323, "avg_counts_per_cell": 12692.528205128205, "avg_counts_per_gene": 1265.630750705178, "avg_nnzero_per_cell": 2971.7306865177834, "avg_nnzero_per_gene": 296.32502515546906, "min_cell": 108, "max_cell": 75547, "total_counts": 76726333, "overdispersion": 1.6762964147307162, "s_index": 4103}