{
  "ncells": 6192,
  "ngenes": 63140,
  "nvals": 2431932,
  "density": 0.006220365473059744,
  "avg_counts_per_cell": 766.6989664082687,
  "avg_counts_per_gene": 75.18847006651885,
  "avg_nnzero_per_cell": 392.75387596899225,
  "avg_nnzero_per_gene": 38.51650300918594,
  "min_cell": 77,
  "max_cell": 3897,
  "total_counts": 4747400,
  "overdispersion": 0.3230877597799958,
  "s_index": 1090
}
