{
  "ncells": 196735,
  "ngenes": 63140,
  "nvals": 2883538,
  "density": 0.00023213438316210585,
  "avg_counts_per_cell": 26.60068620225176,
  "avg_counts_per_gene": 82.88384542286981,
  "avg_nnzero_per_cell": 14.656964952855363,
  "avg_nnzero_per_gene": 45.6689578713969,
  "min_cell": 0,
  "max_cell": 3897,
  "total_counts": 5233286,
  "overdispersion": 35.59612214473167,
  "s_index": 1090
}
