{
  "ncells": 858,
  "ngenes": 63140,
  "nvals": 1079798,
  "density": 0.01993198966591428,
  "avg_counts_per_cell": 3783.6981351981353,
  "avg_counts_per_gene": 51.416107063668036,
  "avg_nnzero_per_cell": 1258.5058275058275,
  "avg_nnzero_per_gene": 17.10164713335445,
  "min_cell": 119,
  "max_cell": 35774,
  "total_counts": 3246413,
  "overdispersion": 8.979008533645128,
  "s_index": 724
}
