{
  "ncells": 220415,
  "ngenes": 63140,
  "nvals": 2209831,
  "density": 0.00015878641285924552,
  "avg_counts_per_cell": 21.11627611550938,
  "avg_counts_per_gene": 73.71466582198289,
  "avg_nnzero_per_cell": 10.025774107932763,
  "avg_nnzero_per_gene": 34.9989071903706,
  "min_cell": 0,
  "max_cell": 35774,
  "total_counts": 4654344,
  "overdispersion": 995.7398710338218,
  "s_index": 724
}
