{
  "ncells": 8296,
  "ngenes": 60623,
  "nvals": 25277483,
  "density": 0.05026059892007532,
  "avg_per_cell": 10625.72480713597,
  "avg_per_gene": 1454.0852976593042,
  "min_cell": 1091,
  "max_cell": 162529,
  "total_counts": 88151013,
  "overdispersion": 0.788217233252473
}
