{
  "ncells": 30486,
  "ngenes": 63140,
  "nvals": 209760,
  "density": 0.00010897268494918275,
  "avg_counts_per_cell": 18.945384766778194,
  "avg_counts_per_gene": 9.147434273044029,
  "avg_nnzero_per_cell": 6.880535327691399,
  "avg_nnzero_per_gene": 3.3221412733607854,
  "min_cell": 0,
  "max_cell": 43640,
  "total_counts": 577569,
  "overdispersion": 835.8624305131278,
  "s_index": 209
}
