{
  "ncells": 75,
  "ngenes": 63140,
  "nvals": 100842,
  "density": 0.02129490022172949,
  "avg_counts_per_cell": 5440.346666666666,
  "avg_counts_per_gene": 6.462242635413367,
  "avg_nnzero_per_cell": 1344.56,
  "avg_nnzero_per_gene": 1.5971175166297118,
  "min_cell": 618,
  "max_cell": 43640,
  "total_counts": 408026,
  "overdispersion": 6.293199575435068,
  "s_index": 75
}
