{
  "ncells": 6814,
  "ngenes": 60623,
  "nvals": 2555781,
  "density": 0.006187056526330183,
  "avg_per_cell": 703.0811564426182,
  "avg_per_gene": 79.02602972469195,
  "min_cell": 1,
  "max_cell": 7254,
  "total_counts": 4790795,
  "overdispersion": 3.818831328375766
}
