{
  "ncells": 146114,
  "ngenes": 63140,
  "nvals": 859388,
  "density": 0.0000931521487973066,
  "avg_counts_per_cell": 11.735884309511752,
  "avg_counts_per_gene": 27.15833069369655,
  "avg_nnzero_per_cell": 5.881626675061938,
  "avg_nnzero_per_gene": 13.610833069369654,
  "min_cell": 0,
  "max_cell": 10310,
  "total_counts": 1714777,
  "overdispersion": 304.8938939954959,
  "s_index": 541
}
