{
  "ncells": 599,
  "ngenes": 63140,
  "nvals": 587811,
  "density": 0.015541978685836335,
  "avg_counts_per_cell": 2375.2838063439067,
  "avg_counts_per_gene": 22.53397212543554,
  "avg_nnzero_per_cell": 981.3205342237062,
  "avg_nnzero_per_gene": 9.309645232815965,
  "min_cell": 203,
  "max_cell": 10310,
  "total_counts": 1422795,
  "overdispersion": 0.6316220725919854,
  "s_index": 541
}
