{
  "ncells": 513972,
  "ngenes": 63140,
  "nvals": 16630192,
  "density": 0.0005124520389563773,
  "avg_counts_per_cell": 210.12844668581167,
  "avg_counts_per_gene": 1710.4868229331644,
  "avg_nnzero_per_cell": 32.35622173970567,
  "avg_nnzero_per_gene": 263.38599936648717,
  "min_cell": 0,
  "max_cell": 103928,
  "total_counts": 108000138,
  "overdispersion": 96.95143203673778,
  "s_index": 4585
}
