{
  "ncells": 12087,
  "ngenes": 63140,
  "nvals": 13498060,
  "density": 0.01768675885596504,
  "avg_counts_per_cell": 8499.158269214859,
  "avg_counts_per_gene": 1627.0086474501109,
  "avg_nnzero_per_cell": 1116.7419541656325,
  "avg_nnzero_per_gene": 213.7798542920494,
  "min_cell": 0,
  "max_cell": 103928,
  "total_counts": 102729326,
  "overdispersion": 1.682666085012114,
  "s_index": 4585
}
