{
  "ncells": 55455,
  "ngenes": 63140,
  "nvals": 389018,
  "density": 0.00011110264789912757,
  "avg_counts_per_cell": 15.962564241276711,
  "avg_counts_per_gene": 14.019702248970543,
  "avg_nnzero_per_cell": 7.015021188350915,
  "avg_nnzero_per_gene": 6.16119733924612,
  "min_cell": 0,
  "max_cell": 38294,
  "total_counts": 885204,
  "overdispersion": 4658.062946287687,
  "s_index": 148
}
