{
  "ncells": 118,
  "ngenes": 63140,
  "nvals": 297442,
  "density": 0.03992231414720046,
  "avg_counts_per_cell": 6659.838983050848,
  "avg_counts_per_gene": 12.446325625593918,
  "avg_nnzero_per_cell": 2520.6949152542375,
  "avg_nnzero_per_gene": 4.710833069369655,
  "min_cell": 699,
  "max_cell": 38294,
  "total_counts": 785861,
  "overdispersion": 12.970785387282545,
  "s_index": 118
}
