{
  "ncells": 4806,
  "ngenes": 63140,
  "nvals": 17226288,
  "density": 0.05676796940156765,
  "avg_counts_per_cell": 11295.66937161881,
  "avg_counts_per_gene": 859.787567310738,
  "avg_nnzero_per_cell": 3584.3295880149813,
  "avg_nnzero_per_gene": 272.8268609439341,
  "min_cell": 169,
  "max_cell": 55334,
  "total_counts": 54286987,
  "overdispersion": 0.7117214089190582,
  "s_index": 3520
}
