{
  "ncells": 383438,
  "ngenes": 63140,
  "nvals": 19116430,
  "density": 0.0007895998598664429,
  "avg_counts_per_cell": 147.27899947318733,
  "avg_counts_per_gene": 894.3991922711435,
  "avg_nnzero_per_cell": 49.8553351519672,
  "avg_nnzero_per_gene": 302.7625910674691,
  "min_cell": 0,
  "max_cell": 55334,
  "total_counts": 56472365,
  "overdispersion": 127.72819937372847,
  "s_index": 3520
}
