{
  "ncells": 13367,
  "ngenes": 63140,
  "nvals": 5282753,
  "density": 0.006259242530128056,
  "avg_counts_per_cell": 901.2065534525324,
  "avg_counts_per_gene": 190.78916693063036,
  "avg_nnzero_per_cell": 395.2085733522855,
  "avg_nnzero_per_gene": 83.66729490022173,
  "min_cell": 34,
  "max_cell": 29599,
  "total_counts": 12046428,
  "overdispersion": 1.6659249099090445,
  "s_index": 1645
}
