{
  "ncells": 345138,
  "ngenes": 63140,
  "nvals": 7491285,
  "density": 0.0003437628680744584,
  "avg_counts_per_cell": 42.22652678059211,
  "avg_counts_per_gene": 230.820066518847,
  "avg_nnzero_per_cell": 21.705187490221302,
  "avg_nnzero_per_gene": 118.64562876148241,
  "min_cell": 0,
  "max_cell": 29599,
  "total_counts": 14573979,
  "overdispersion": 53.35046948535948,
  "s_index": 1645
}
