{
	"numRecords": 96852473,
	"numReads": 343573222,
	"numBarcodes": 1487075,
	"medianReadsPerBarcode": 3.000000,
	"meanReadsPerBarcode": 231.039606,
	"numUMIs": 1048576,
	"numBarcodeUMIs": 54428859,
	"medianUMIsPerBarcode": 1.000000,
	"meanUMIsPerBarcode": 36.601287,
	"gtRecords": 36750527,
	"numBarcodesOnWhitelist": 407655,
	"percentageBarcodesOnWhitelist": 27.413210,
	"numReadsOnWhitelist": 329474232,
	"percentageReadsOnWhitelist": 95.896365
}
