{"ncells": 6392, "ngenes": 60623, "nvals": 7787854, "density": 0.020097572809751364, "avg_counts_per_cell": 5711.25719649562, "avg_counts_per_gene": 602.1865628556818, "avg_nnzero_per_cell": 1218.375156445557, "avg_nnzero_per_gene": 128.4636853999307, "min_cell": 247, "max_cell": 66298, "total_counts": 36506356, "overdispersion": 13.292474899933634, "s_index": 3084}