{
  "ncells": 450799,
  "ngenes": 63140,
  "nvals": 12541510,
  "density": 0.0004406180734346892,
  "avg_counts_per_cell": 90.82420768457783,
  "avg_counts_per_gene": 648.4552106430156,
  "avg_nnzero_per_cell": 27.820625156666274,
  "avg_nnzero_per_gene": 198.63018688628443,
  "min_cell": 0,
  "max_cell": 51403,
  "total_counts": 40943462,
  "overdispersion": 143.24459348330697,
  "s_index": 3646
}
