{
  "ncells": 5276,
  "ngenes": 63140,
  "nvals": 10437329,
  "density": 0.03133141498380316,
  "avg_counts_per_cell": 7239.322782410917,
  "avg_counts_per_gene": 604.920288248337,
  "avg_nnzero_per_cell": 1978.2655420773312,
  "avg_nnzero_per_gene": 165.30454545454546,
  "min_cell": 295,
  "max_cell": 51403,
  "total_counts": 38194667,
  "overdispersion": 1.0942384706215227,
  "s_index": 3646
}
