{
	"numRecords": 59083286,
	"numReads": 92585683,
	"numBarcodes": 1200693,
	"medianReadsPerBarcode": 2.000000,
	"meanReadsPerBarcode": 77.110205,
	"numUMIs": 1048572,
	"numBarcodeUMIs": 48784575,
	"medianUMIsPerBarcode": 1.000000,
	"meanUMIsPerBarcode": 40.630348,
	"gtRecords": 29374088,
	"numTargets": 166453,
	"medianTargetsPerSet": 3.000000,
	"meanTargetsPerSet": 4.276274,
	"numSingleton": 19276999,
	"gtTargets": 8917,
	"numBarcodesOnWhitelist": 379043,
	"percentageBarcodesOnWhitelist": 31.568686,
	"numReadsOnWhitelist": 90046947,
	"percentageReadsOnWhitelist": 97.257960
}
