{
  "ncells": 394441,
  "ngenes": 63140,
  "nvals": 8799589,
  "density": 0.00035332613231215147,
  "avg_counts_per_cell": 63.92298214435112,
  "avg_counts_per_gene": 399.33235666772254,
  "avg_nnzero_per_cell": 22.309011994189245,
  "avg_nnzero_per_gene": 139.36631295533735,
  "min_cell": 0,
  "max_cell": 40310,
  "total_counts": 25213845,
  "overdispersion": 9.476819355537785,
  "s_index": 1911
}
