{
  "ncells": 6420,
  "ngenes": 63140,
  "nvals": 4559900,
  "density": 0.0112490465237217,
  "avg_counts_per_cell": 1804.2797507788162,
  "avg_counts_per_gene": 183.45701615457713,
  "avg_nnzero_per_cell": 710.2647975077882,
  "avg_nnzero_per_gene": 72.21887868229332,
  "min_cell": 221,
  "max_cell": 40310,
  "total_counts": 11583476,
  "overdispersion": 1.0568126142366685,
  "s_index": 1911
}
