{
	"numRecords": 61307260,
	"numReads": 347696173,
	"numBarcodes": 1086924,
	"medianReadsPerBarcode": 1.000000,
	"meanReadsPerBarcode": 319.890050,
	"numUMIs": 1048574,
	"numBarcodeUMIs": 26702255,
	"medianUMIsPerBarcode": 1.000000,
	"meanUMIsPerBarcode": 24.566810,
	"gtRecords": 23587002,
	"numBarcodesOnWhitelist": 188152,
	"percentageBarcodesOnWhitelist": 17.310502,
	"numReadsOnWhitelist": 337769615,
	"percentageReadsOnWhitelist": 97.145048
}
