{
  "ncells": 4551,
  "ngenes": 63140,
  "nvals": 10631454,
  "density": 0.036998255856078584,
  "avg_counts_per_cell": 9311.15117556581,
  "avg_counts_per_gene": 671.128428888185,
  "avg_nnzero_per_cell": 2336.0698747528018,
  "avg_nnzero_per_gene": 168.3790624010136,
  "min_cell": 158,
  "max_cell": 52909,
  "total_counts": 42375049,
  "overdispersion": 0.5953804849766341,
  "s_index": 3566
}
