{
  "ncells": 454748,
  "ngenes": 63140,
  "nvals": 13407186,
  "density": 0.0004669412689496501,
  "avg_counts_per_cell": 99.77884894491015,
  "avg_counts_per_gene": 718.6289515362686,
  "avg_nnzero_per_cell": 29.48267172148091,
  "avg_nnzero_per_gene": 212.34060817231548,
  "min_cell": 0,
  "max_cell": 52909,
  "total_counts": 45374232,
  "overdispersion": 137.85122148467687,
  "s_index": 3566
}
