{
	"numRecords": 125684520,
	"numReads": 266328045,
	"numBarcodes": 2035403,
	"medianReadsPerBarcode": 2.000000,
	"meanReadsPerBarcode": 130.847820,
	"numUMIs": 1048576,
	"numBarcodeUMIs": 92799793,
	"medianUMIsPerBarcode": 1.000000,
	"meanUMIsPerBarcode": 45.592835,
	"gtRecords": 46174118,
	"numBarcodesOnWhitelist": 457212,
	"percentageBarcodesOnWhitelist": 22.462972,
	"numReadsOnWhitelist": 257203335,
	"percentageReadsOnWhitelist": 96.573883
}
