{
	"numRecords": 91522718,
	"numReads": 438933846,
	"numBarcodes": 1522967,
	"medianReadsPerBarcode": 2.000000,
	"meanReadsPerBarcode": 288.209689,
	"numUMIs": 1048576,
	"numBarcodeUMIs": 36861418,
	"medianUMIsPerBarcode": 1.000000,
	"meanUMIsPerBarcode": 24.203688,
	"gtRecords": 30490162,
	"numBarcodesOnWhitelist": 333619,
	"percentageBarcodesOnWhitelist": 21.905859,
	"numReadsOnWhitelist": 427566496,
	"percentageReadsOnWhitelist": 97.410236
}
