{
  "ncells": 768,
  "ngenes": 63140,
  "nvals": 567279,
  "density": 0.011698519658694964,
  "avg_counts_per_cell": 3996.1953125,
  "avg_counts_per_gene": 48.607507127019325,
  "avg_nnzero_per_cell": 738.64453125,
  "avg_nnzero_per_gene": 8.984463097877732,
  "min_cell": 4,
  "max_cell": 98682,
  "total_counts": 3069078,
  "overdispersion": 4.614948550462591,
  "s_index": 594
}
