{
  "ncells": 129580,
  "ngenes": 63140,
  "nvals": 958411,
  "density": 0.00011714108342427226,
  "avg_counts_per_cell": 28.09211298039821,
  "avg_counts_per_gene": 57.65245486221096,
  "avg_nnzero_per_cell": 7.39628800740855,
  "avg_nnzero_per_gene": 15.179141590117199,
  "min_cell": 0,
  "max_cell": 98682,
  "total_counts": 3640176,
  "overdispersion": 474.45175144239175,
  "s_index": 595
}
