{
  "ncells": 152276,
  "ngenes": 63140,
  "nvals": 1772014,
  "density": 0.00018430245106261506,
  "avg_counts_per_cell": 30.990681394310332,
  "avg_counts_per_gene": 74.74084573962622,
  "avg_nnzero_per_cell": 11.636856760093515,
  "avg_nnzero_per_gene": 28.064840038010768,
  "min_cell": 0,
  "max_cell": 28280,
  "total_counts": 4719137,
  "overdispersion": 1334.4261159836633,
  "s_index": 1049
}
