{
  "ncells": 2521,
  "ngenes": 63140,
  "nvals": 1298653,
  "density": 0.008158601105167024,
  "avg_counts_per_cell": 1621.7413724712417,
  "avg_counts_per_gene": 64.751504592968,
  "avg_nnzero_per_cell": 515.1340737802459,
  "avg_nnzero_per_gene": 20.56783338612607,
  "min_cell": 5,
  "max_cell": 28280,
  "total_counts": 4088410,
  "overdispersion": 46.37231473293977,
  "s_index": 1049
}
