{
  "ncells": 8209,
  "ngenes": 63140,
  "nvals": 4606250,
  "density": 0.008886948674926771,
  "avg_counts_per_cell": 2460.910098672189,
  "avg_counts_per_gene": 319.9494931897371,
  "avg_nnzero_per_cell": 561.1219393348764,
  "avg_nnzero_per_gene": 72.95296167247386,
  "min_cell": 187,
  "max_cell": 91226,
  "total_counts": 20201611,
  "overdispersion": 0.9274860324482934,
  "s_index": 2227
}
