{
  "ncells": 558356,
  "ngenes": 63140,
  "nvals": 8030705,
  "density": 0.00022779170638810497,
  "avg_counts_per_cell": 65.48810615449642,
  "avg_counts_per_gene": 579.1206366803927,
  "avg_nnzero_per_cell": 14.38276834134495,
  "avg_nnzero_per_gene": 127.18886601203674,
  "min_cell": 0,
  "max_cell": 91226,
  "total_counts": 36565677,
  "overdispersion": 18.797496106411486,
  "s_index": 2227
}
