{
	"numRecords": 283424082,
	"numReads": 444619424,
	"numBarcodes": 2099620,
	"medianReadsPerBarcode": 1.000000,
	"meanReadsPerBarcode": 211.761854,
	"numUMIs": 16443445,
	"numBarcodeUMIs": 230138660,
	"medianUMIsPerBarcode": 1.000000,
	"meanUMIsPerBarcode": 109.609672,
	"gtRecords": 162903486,
	"numBarcodesOnWhitelist": 48336,
	"percentageBarcodesOnWhitelist": 2.302131,
	"numReadsOnWhitelist": 42417692,
	"percentageReadsOnWhitelist": 9.540225
}
