{
	"numRecords": 24206331,
	"numReads": 307927953,
	"numBarcodes": 438634,
	"medianReadsPerBarcode": 4.000000,
	"meanReadsPerBarcode": 702.015696,
	"numUMIs": 1037726,
	"numBarcodeUMIs": 10578519,
	"medianUMIsPerBarcode": 1.000000,
	"meanUMIsPerBarcode": 24.116961,
	"gtRecords": 9330727,
	"numTargets": 156334,
	"medianTargetsPerSet": 4.000000,
	"meanTargetsPerSet": 4.670295,
	"numSingleton": 53862468,
	"gtTargets": 7930,
	"numBarcodesOnWhitelist": 133757,
	"percentageBarcodesOnWhitelist": 30.493988,
	"numReadsOnWhitelist": 299394917,
	"percentageReadsOnWhitelist": 97.228886
}
