{
  "ncells": 232873,
  "ngenes": 63140,
  "nvals": 5083462,
  "density": 0.0003457290444660196,
  "avg_counts_per_cell": 38.959832183207155,
  "avg_counts_per_gene": 143.69168514412416,
  "avg_nnzero_per_cell": 21.82933186758448,
  "avg_nnzero_per_gene": 80.51095977193538,
  "min_cell": 0,
  "max_cell": 31109,
  "total_counts": 9072693,
  "overdispersion": 142.15738181537438,
  "s_index": 888
}
