{
  "ncells": 3648,
  "ngenes": 63140,
  "nvals": 2215078,
  "density": 0.009616778573373567,
  "avg_counts_per_cell": 1618.439418859649,
  "avg_counts_per_gene": 93.50755464048147,
  "avg_nnzero_per_cell": 607.203399122807,
  "avg_nnzero_per_gene": 35.08200823566677,
  "min_cell": 49,
  "max_cell": 31109,
  "total_counts": 5904067,
  "overdispersion": 3.5077410882151594,
  "s_index": 888
}
