{
  "ncells": 267959,
  "ngenes": 63140,
  "nvals": 4435648,
  "density": 0.00026217069694507407,
  "avg_counts_per_cell": 54.56622841554118,
  "avg_counts_per_gene": 231.57288565093444,
  "avg_nnzero_per_cell": 16.553457805111975,
  "avg_nnzero_per_gene": 70.2509977827051,
  "min_cell": 0,
  "max_cell": 26587,
  "total_counts": 14621512,
  "overdispersion": 122.96297723967827,
  "s_index": 2282
}
