{
  "ncells": 3654,
  "ngenes": 63140,
  "nvals": 3448182,
  "density": 0.014945727507303863,
  "avg_counts_per_cell": 3580.7353585112205,
  "avg_counts_per_gene": 207.2221571111815,
  "avg_nnzero_per_cell": 943.6732348111658,
  "avg_nnzero_per_gene": 54.61168831168831,
  "min_cell": 182,
  "max_cell": 26587,
  "total_counts": 13084007,
  "overdispersion": 1.1033611973511623,
  "s_index": 2282
}
