{
  "ncells": 143760,
  "ngenes": 63140,
  "nvals": 1676992,
  "density": 0.0001847516599745925,
  "avg_counts_per_cell": 23.746271563717308,
  "avg_counts_per_gene": 54.06658219828952,
  "avg_nnzero_per_cell": 11.66521981079577,
  "avg_nnzero_per_gene": 26.55989863794742,
  "min_cell": 0,
  "max_cell": 18091,
  "total_counts": 3413764,
  "overdispersion": 140.78200415250487,
  "s_index": 1099
}
