{
  "ncells": 1378,
  "ngenes": 63140,
  "nvals": 1367076,
  "density": 0.015712267484011617,
  "avg_counts_per_cell": 2227.2859216255442,
  "avg_counts_per_gene": 48.60943934114666,
  "avg_nnzero_per_cell": 992.0725689404935,
  "avg_nnzero_per_gene": 21.651504592968006,
  "min_cell": 239,
  "max_cell": 18091,
  "total_counts": 3069200,
  "overdispersion": 0.6186697443445711,
  "s_index": 1099
}
