{
  "ncells": 1539,
  "ngenes": 63140,
  "nvals": 5672170,
  "density": 0.058372197225427865,
  "avg_counts_per_cell": 16328.009096816115,
  "avg_counts_per_gene": 397.98552423186567,
  "avg_nnzero_per_cell": 3685.620532813515,
  "avg_nnzero_per_gene": 89.83481152993348,
  "min_cell": 765,
  "max_cell": 60127,
  "total_counts": 25128806,
  "overdispersion": 0.5874614824612812,
  "s_index": 1508
}
