{
  "ncells": 328466,
  "ngenes": 63140,
  "nvals": 8211472,
  "density": 0.0003959369351755808,
  "avg_counts_per_cell": 84.86020775361834,
  "avg_counts_per_gene": 441.4585524231866,
  "avg_nnzero_per_cell": 24.999458086986174,
  "avg_nnzero_per_gene": 130.05182134938232,
  "min_cell": 0,
  "max_cell": 60127,
  "total_counts": 27873693,
  "overdispersion": 274.36687879526164,
  "s_index": 1508
}
