{
  "ncells": 14529,
  "ngenes": 63140,
  "nvals": 17692587,
  "density": 0.01928639417068782,
  "avg_counts_per_cell": 3373.787941358662,
  "avg_counts_per_gene": 776.3345739626227,
  "avg_nnzero_per_cell": 1217.742927937229,
  "avg_nnzero_per_gene": 280.21202090592334,
  "min_cell": 211,
  "max_cell": 58682,
  "total_counts": 49017765,
  "overdispersion": 0.9365014957865763,
  "s_index": 4303
}
