{
  "ncells": 593245,
  "ngenes": 63140,
  "nvals": 22152042,
  "density": 0.0005913915324805286,
  "avg_counts_per_cell": 91.23644362784347,
  "avg_counts_per_gene": 857.2309787773203,
  "avg_nnzero_per_cell": 37.34046136082057,
  "avg_nnzero_per_gene": 350.84006968641114,
  "min_cell": 0,
  "max_cell": 58682,
  "total_counts": 54125564,
  "overdispersion": 63.23598738481756,
  "s_index": 4303
}
