{
	"numRecords": 79531632,
	"numReads": 159049490,
	"numBarcodes": 993337,
	"medianReadsPerBarcode": 3.000000,
	"meanReadsPerBarcode": 160.116345,
	"numUMIs": 1048576,
	"numBarcodeUMIs": 40743785,
	"medianUMIsPerBarcode": 1.000000,
	"meanUMIsPerBarcode": 41.017082,
	"gtRecords": 35238220,
	"numTargets": 177818,
	"medianTargetsPerSet": 4.000000,
	"meanTargetsPerSet": 4.769586,
	"numSingleton": 20878905,
	"gtTargets": 8030,
	"numBarcodesOnWhitelist": 286465,
	"percentageBarcodesOnWhitelist": 28.838652,
	"numReadsOnWhitelist": 153501470,
	"percentageReadsOnWhitelist": 96.511765
}
