{
  "ncells": 8775,
  "ngenes": 60623,
  "nvals": 6765955,
  "density": 0.012718753655361873,
  "avg_per_cell": 3055.3747008547007,
  "avg_per_gene": 442.256453821157,
  "min_cell": 572,
  "max_cell": 37925,
  "total_counts": 26810913,
  "overdispersion": 3.808436072394245
}
