{"ncells": 2119, "ngenes": 60623, "nvals": 2221005, "density": 0.01728944909968452, "avg_counts_per_cell": 7017.450684285041, "avg_counts_per_gene": 245.28607954076836, "avg_nnzero_per_cell": 1048.1382727701746, "avg_nnzero_per_gene": 36.6363426422315, "min_cell": 3520, "max_cell": 37925, "total_counts": 14869978, "overdispersion": 0.6201975690336616, "s_index": 2119}