{"ncells": 2119, "ngenes": 60623, "nvals": 2221005, "density": 0.01728944909968452, "avg_per_cell": 7017.450684285041, "avg_per_gene": 245.28607954076836, "min_cell": 3520, "max_cell": 37925, "total_count": 14869978, "overdispersion": 0.6201975690336616, "s_index": 2119}