{
	"numRecords": 72381069,
	"numReads": 160789542,
	"numBarcodes": 987113,
	"medianReadsPerBarcode": 4.000000,
	"meanReadsPerBarcode": 162.888689,
	"numUMIs": 1048576,
	"numBarcodeUMIs": 44446964,
	"medianUMIsPerBarcode": 1.000000,
	"meanUMIsPerBarcode": 45.027230,
	"gtRecords": 29408175,
	"numTargets": 183506,
	"medianTargetsPerSet": 4.000000,
	"meanTargetsPerSet": 4.725836,
	"numSingleton": 36471833,
	"gtTargets": 6480,
	"numBarcodesOnWhitelist": 397929,
	"percentageBarcodesOnWhitelist": 40.312406,
	"numReadsOnWhitelist": 156071973,
	"percentageReadsOnWhitelist": 97.065998
}
