{"ncells": 6345, "ngenes": 60623, "nvals": 12217315, "density": 0.03176191805217865, "avg_counts_per_cell": 5249.188494877857, "avg_counts_per_gene": 549.3971100077529, "avg_nnzero_per_cell": 1925.5027580772262, "avg_nnzero_per_gene": 201.52937004107352, "min_cell": 68, "max_cell": 71174, "total_counts": 33306101, "overdispersion": 1.1157942872484283, "s_index": 3703}