{
  "ncells": 3855,
  "ngenes": 63140,
  "nvals": 2154931,
  "density": 0.008853284262793611,
  "avg_counts_per_cell": 981.6173800259403,
  "avg_counts_per_gene": 59.932451694646815,
  "avg_nnzero_per_cell": 558.9963683527886,
  "avg_nnzero_per_gene": 34.12941083306937,
  "min_cell": 122,
  "max_cell": 12113,
  "total_counts": 3784135,
  "overdispersion": 1.0327488848230542,
  "s_index": 1184
}
