{
  "ncells": 445392,
  "ngenes": 63140,
  "nvals": 3402125,
  "density": 0.00012097712981593183,
  "avg_counts_per_cell": 11.68530642669828,
  "avg_counts_per_gene": 82.42860310421285,
  "avg_nnzero_per_cell": 7.638495976577936,
  "avg_nnzero_per_gene": 53.88224580297751,
  "min_cell": 0,
  "max_cell": 12109,
  "total_counts": 5204542,
  "overdispersion": 156.83897389973004,
  "s_index": 1184
}
