{
	"numRecords": 5541571,
	"numReads": 101316203,
	"numBarcodes": 238350,
	"medianReadsPerBarcode": 3.000000,
	"meanReadsPerBarcode": 425.073224,
	"numUMIs": 882805,
	"numBarcodeUMIs": 2992631,
	"medianUMIsPerBarcode": 1.000000,
	"meanUMIsPerBarcode": 12.555616,
	"gtRecords": 2841551,
	"numTargets": 140034,
	"medianTargetsPerSet": 3.000000,
	"meanTargetsPerSet": 3.629553,
	"numSingleton": 32040488,
	"gtTargets": 8650,
	"numBarcodesOnWhitelist": 95994,
	"percentageBarcodesOnWhitelist": 40.274386,
	"numReadsOnWhitelist": 97812448,
	"percentageReadsOnWhitelist": 96.541762
}
