{
  "ncells": 813,
  "ngenes": 60623,
  "nvals": 323998,
  "density": 0.006573767797952133,
  "avg_per_cell": 907.9151291512915,
  "avg_per_gene": 12.175824357092193,
  "min_cell": 98,
  "max_cell": 20207,
  "total_counts": 738135,
  "overdispersion": 2.013922840713694
}
