{"ncells": 805, "ngenes": 60623, "nvals": 323473, "density": 0.006628339304630195, "avg_counts_per_cell": 915.9639751552795, "avg_counts_per_gene": 12.162891971693911, "avg_nnzero_per_cell": 401.82981366459626, "avg_nnzero_per_gene": 5.335813140227306, "min_cell": 99, "max_cell": 20207, "total_counts": 737351, "overdispersion": 1.9850610877894828, "s_index": 463}