{
  "ncells": 313694,
  "ngenes": 63140,
  "nvals": 6888166,
  "density": 0.00034777056038415755,
  "avg_counts_per_cell": 82.63982097203007,
  "avg_counts_per_gene": 410.5735825150459,
  "avg_nnzero_per_cell": 21.958233182655707,
  "avg_nnzero_per_gene": 109.09353816914792,
  "min_cell": 0,
  "max_cell": 57094,
  "total_counts": 25923616,
  "overdispersion": 224.4700741465594,
  "s_index": 2852
}
