{
  "ncells": 5477,
  "ngenes": 63140,
  "nvals": 4691243,
  "density": 0.013565650094682812,
  "avg_counts_per_cell": 4171.077597224758,
  "avg_counts_per_gene": 361.8148875514729,
  "avg_nnzero_per_cell": 856.5351469782728,
  "avg_nnzero_per_gene": 74.29906556857776,
  "min_cell": 183,
  "max_cell": 57094,
  "total_counts": 22844992,
  "overdispersion": 4.200301960458766,
  "s_index": 2852
}
