{
  "ncells": 66,
  "ngenes": 63140,
  "nvals": 103576,
  "density": 0.024854819976771195,
  "avg_counts_per_cell": 7877.818181818182,
  "avg_counts_per_gene": 8.234653151726322,
  "avg_nnzero_per_cell": 1569.3333333333333,
  "avg_nnzero_per_gene": 1.640418118466899,
  "min_cell": 623,
  "max_cell": 74576,
  "total_counts": 519936,
  "overdispersion": 1.8988102160903808,
  "s_index": 66
}
