{
  "ncells": 30871,
  "ngenes": 63140,
  "nvals": 199776,
  "density": 0.00010249154453479137,
  "avg_counts_per_cell": 21.089177545269024,
  "avg_counts_per_gene": 10.31111815014254,
  "avg_nnzero_per_cell": 6.471316121926727,
  "avg_nnzero_per_gene": 3.1640164713335444,
  "min_cell": 0,
  "max_cell": 74576,
  "total_counts": 651044,
  "overdispersion": 852.6283788584205,
  "s_index": 168
}
