{
	"numRecords": 88122372,
	"numReads": 343411275,
	"numBarcodes": 1124719,
	"medianReadsPerBarcode": 5.000000,
	"meanReadsPerBarcode": 305.330731,
	"numUMIs": 1048576,
	"numBarcodeUMIs": 50499859,
	"medianUMIsPerBarcode": 1.000000,
	"meanUMIsPerBarcode": 44.899979,
	"gtRecords": 25592562,
	"numTargets": 170531,
	"medianTargetsPerSet": 3.000000,
	"meanTargetsPerSet": 3.678587,
	"numSingleton": 116672149,
	"gtTargets": 7785,
	"numBarcodesOnWhitelist": 420672,
	"percentageBarcodesOnWhitelist": 37.402409,
	"numReadsOnWhitelist": 331638942,
	"percentageReadsOnWhitelist": 96.571943
}
