{
  "ncells": 119166,
  "ngenes": 63140,
  "nvals": 1661049,
  "density": 0.00022076260227140552,
  "avg_counts_per_cell": 36.34717117298558,
  "avg_counts_per_gene": 68.5990972442192,
  "avg_nnzero_per_cell": 13.938950707416545,
  "avg_nnzero_per_gene": 26.30739626227431,
  "min_cell": 0,
  "max_cell": 18840,
  "total_counts": 4331347,
  "overdispersion": 241.66541895438183,
  "s_index": 595
}
