{
  "ncells": 669,
  "ngenes": 63140,
  "nvals": 1316294,
  "density": 0.031161776354820214,
  "avg_counts_per_cell": 5899.964125560538,
  "avg_counts_per_gene": 62.51308203991131,
  "avg_nnzero_per_cell": 1967.5545590433483,
  "avg_nnzero_per_gene": 20.847228381374723,
  "min_cell": 195,
  "max_cell": 18840,
  "total_counts": 3947076,
  "overdispersion": 0.518286185524976,
  "s_index": 595
}
