{
  "ncells": 11018,
  "ngenes": 63140,
  "nvals": 22673803,
  "density": 0.032592451158190594,
  "avg_counts_per_cell": 8428.895625340352,
  "avg_counts_per_gene": 1470.8516312955337,
  "avg_nnzero_per_cell": 2057.887366128154,
  "avg_nnzero_per_gene": 359.10362686094396,
  "min_cell": 0,
  "max_cell": 82872,
  "total_counts": 92869572,
  "overdispersion": 2.1452686062265443,
  "s_index": 5216
}
