{
  "ncells": 570976,
  "ngenes": 63140,
  "nvals": 24848579,
  "density": 0.000689253732636958,
  "avg_counts_per_cell": 167.11962849576864,
  "avg_counts_per_gene": 1511.2653943617358,
  "avg_nnzero_per_cell": 43.519480678697526,
  "avg_nnzero_per_gene": 393.54733924611975,
  "min_cell": 0,
  "max_cell": 82872,
  "total_counts": 95421297,
  "overdispersion": 143.68454979191142,
  "s_index": 5216
}
