{
  "ncells": 23,
  "ngenes": 63140,
  "nvals": 15535,
  "density": 0.01069741499221881,
  "avg_counts_per_cell": 1808.695652173913,
  "avg_counts_per_gene": 0.6588533417801711,
  "avg_nnzero_per_cell": 675.4347826086956,
  "avg_nnzero_per_gene": 0.24604054482103263,
  "min_cell": 164,
  "max_cell": 4458,
  "total_counts": 41600,
  "overdispersion": 1.0307350911883382,
  "s_index": 23
}
