{
  "ncells": 10205,
  "ngenes": 63140,
  "nvals": 22790,
  "density": 0.00003536932230422987,
  "avg_counts_per_cell": 4.963743263106321,
  "avg_counts_per_gene": 0.8022648083623694,
  "avg_nnzero_per_cell": 2.233219010289074,
  "avg_nnzero_per_gene": 0.3609439341146658,
  "min_cell": 0,
  "max_cell": 4458,
  "total_counts": 50655,
  "overdispersion": 538.9244688285925,
  "s_index": 34
}
