{
	"numRecords": 148442572,
	"numReads": 665413950,
	"numBarcodes": 2168951,
	"medianReadsPerBarcode": 2.000000,
	"meanReadsPerBarcode": 306.790679,
	"numUMIs": 1048576,
	"numBarcodeUMIs": 74802916,
	"medianUMIsPerBarcode": 1.000000,
	"meanUMIsPerBarcode": 34.488062,
	"gtRecords": 56007156,
	"numBarcodesOnWhitelist": 483222,
	"percentageBarcodesOnWhitelist": 22.279065,
	"numReadsOnWhitelist": 643117514,
	"percentageReadsOnWhitelist": 96.649238
}
