{
  "ncells": 9653,
  "ngenes": 60623,
  "nvals": 14024972,
  "density": 0.023966370704267468,
  "avg_per_cell": 4824.291619185746,
  "avg_per_gene": 768.171931445161,
  "min_cell": 480,
  "max_cell": 25127,
  "total_counts": 46568887,
  "overdispersion": 0.7719451020674394
}
