{"ncells": 7811, "ngenes": 60623, "nvals": 12924938, "density": 0.027295082201070697, "avg_per_cell": 5688.715913455383, "avg_per_gene": 732.9653761773584, "min_cell": 2103, "max_cell": 25127, "total_count": 44434560, "overdispersion": 0.48087070447836533, "s_index": 4857}