{
  "ncells": 1517149,
  "ngenes": 63140,
  "nvals": 12721949,
  "density": 0.00013280696056777234,
  "avg_counts_per_cell": 32.1740336644588,
  "avg_counts_per_gene": 773.0884225530567,
  "avg_nnzero_per_cell": 8.385431490249145,
  "avg_nnzero_per_gene": 201.48794741843523,
  "min_cell": 0,
  "max_cell": 66742,
  "total_counts": 48812803,
  "overdispersion": 27.455253462138433,
  "s_index": 2390
}
