{
  "ncells": 64502,
  "ngenes": 63140,
  "nvals": 10357783,
  "density": 0.0025432499793476312,
  "avg_counts_per_cell": 697.7676351120896,
  "avg_counts_per_gene": 712.8192587899905,
  "avg_nnzero_per_cell": 160.58080369600944,
  "avg_nnzero_per_gene": 164.0447101678809,
  "min_cell": 8,
  "max_cell": 66777,
  "total_counts": 45007408,
  "overdispersion": 0.5029531185096372,
  "s_index": 2391
}
