{
  "ncells": 3448,
  "ngenes": 60623,
  "nvals": 5609572,
  "density": 0.02683644874853766,
  "avg_per_cell": 6703.131670533643,
  "avg_per_gene": 381.2480081817132,
  "min_cell": 602,
  "max_cell": 43812,
  "total_counts": 23112398,
  "overdispersion": 4.653389841674342
}
