{
	"numRecords": 4784781,
	"numReads": 32818917,
	"numBarcodes": 192962,
	"medianReadsPerBarcode": 3.000000,
	"meanReadsPerBarcode": 170.079689,
	"numUMIs": 803061,
	"numBarcodeUMIs": 2294064,
	"medianUMIsPerBarcode": 1.000000,
	"meanUMIsPerBarcode": 11.888683,
	"gtRecords": 1662013,
	"numTargets": 137448,
	"medianTargetsPerSet": 3.000000,
	"meanTargetsPerSet": 4.149135,
	"numSingleton": 7464352,
	"gtTargets": 10778,
	"numBarcodesOnWhitelist": 106472,
	"percentageBarcodesOnWhitelist": 55.177703,
	"numReadsOnWhitelist": 31767415,
	"percentageReadsOnWhitelist": 96.796049
}
