{"ncells": 1181, "ngenes": 60623, "nvals": 694865, "density": 0.009705392761859385, "avg_counts_per_cell": 1185.1388653683318, "avg_counts_per_gene": 23.087755472345478, "avg_nnzero_per_cell": 588.3700254022016, "avg_nnzero_per_gene": 11.462068851755934, "min_cell": 108, "max_cell": 7230, "total_counts": 1399649, "overdispersion": 0.6480061338592411, "s_index": 683}