{
  "ncells": 368425,
  "ngenes": 63140,
  "nvals": 10850828,
  "density": 0.00046645441672724916,
  "avg_counts_per_cell": 136.89623396892176,
  "avg_counts_per_gene": 798.7962464364904,
  "avg_nnzero_per_cell": 29.45193187215851,
  "avg_nnzero_per_gene": 171.8534684827368,
  "min_cell": 0,
  "max_cell": 83524,
  "total_counts": 50435995,
  "overdispersion": 230.64742308481127,
  "s_index": 3120
}
