{
  "ncells": 4020,
  "ngenes": 63140,
  "nvals": 9792321,
  "density": 0.038579359301055695,
  "avg_counts_per_cell": 12185.05895522388,
  "avg_counts_per_gene": 775.7988121634463,
  "avg_nnzero_per_cell": 2435.900746268657,
  "avg_nnzero_per_gene": 155.0890243902439,
  "min_cell": 4,
  "max_cell": 83524,
  "total_counts": 48983937,
  "overdispersion": 1.6900752839534352,
  "s_index": 3120
}
