{
  "ncells": 333413,
  "ngenes": 63140,
  "nvals": 7658195,
  "density": 0.00036378041473238354,
  "avg_counts_per_cell": 52.09319972526566,
  "avg_counts_per_gene": 275.07998099461514,
  "avg_nnzero_per_cell": 22.969095386202696,
  "avg_nnzero_per_gene": 121.2891194171682,
  "min_cell": 0,
  "max_cell": 63316,
  "total_counts": 17368550,
  "overdispersion": 182.2917187686798,
  "s_index": 1957
}
