{
  "ncells": 2885,
  "ngenes": 63140,
  "nvals": 3768842,
  "density": 0.020689859238280425,
  "avg_counts_per_cell": 4282.915424610052,
  "avg_counts_per_gene": 195.69545454545454,
  "avg_nnzero_per_cell": 1306.357712305026,
  "avg_nnzero_per_gene": 59.69024390243902,
  "min_cell": 213,
  "max_cell": 63316,
  "total_counts": 12356211,
  "overdispersion": 1.245680493979457,
  "s_index": 1957
}
