{"ncells": 5764, "ngenes": 60623, "nvals": 9631597, "density": 0.027563661414649873, "avg_per_cell": 7597.62213740458, "avg_per_gene": 722.37754647576, "min_cell": 51, "max_cell": 108527, "total_count": 43792694, "overdispersion": 4.09127378672514, "s_index": 2746}