{
  "ncells": 238536,
  "ngenes": 63140,
  "nvals": 2706831,
  "density": 0.00017972257473151954,
  "avg_counts_per_cell": 30.522877050005032,
  "avg_counts_per_gene": 115.31208425720621,
  "avg_nnzero_per_cell": 11.347683368548143,
  "avg_nnzero_per_gene": 42.870304086157745,
  "min_cell": 0,
  "max_cell": 12491,
  "total_counts": 7280805,
  "overdispersion": 334.5550601098478,
  "s_index": 1416
}
