{
  "ncells": 4510,
  "ngenes": 63140,
  "nvals": 1929912,
  "density": 0.00677729495640912,
  "avg_counts_per_cell": 1355.8671840354766,
  "avg_counts_per_gene": 96.84765600253405,
  "avg_nnzero_per_cell": 427.91840354767186,
  "avg_nnzero_per_gene": 30.565600253405133,
  "min_cell": 1,
  "max_cell": 12491,
  "total_counts": 6114961,
  "overdispersion": 12.260383761576351,
  "s_index": 1416
}
