{
  "ncells": 14824,
  "ngenes": 60623,
  "nvals": 1314850,
  "density": 0.0014630978774190305,
  "avg_per_cell": 133.68240690771722,
  "avg_per_gene": 32.6890454118074,
  "min_cell": 45,
  "max_cell": 2352,
  "total_counts": 1981708,
  "overdispersion": 1.2680066114631665
}
