{"ncells": 3229, "ngenes": 60623, "nvals": 619216, "density": 0.0031632731893925584, "avg_per_cell": 303.62000619386805, "avg_per_gene": 16.171898454382, "min_cell": 161, "max_cell": 2352, "total_count": 980389, "overdispersion": 0.9456010281311357, "s_index": 442}