{"ncells": 3229, "ngenes": 60623, "nvals": 619216, "density": 0.0031632731893925584, "avg_counts_per_cell": 303.62000619386805, "avg_counts_per_gene": 16.171898454382, "avg_nnzero_per_cell": 191.76711056054506, "avg_nnzero_per_gene": 10.214209128548571, "min_cell": 161, "max_cell": 2352, "total_counts": 980389, "overdispersion": 0.9456010281311357, "s_index": 442}