{
  "ncells": 533939,
  "ngenes": 63140,
  "nvals": 19237252,
  "density": 0.000570619767879855,
  "avg_counts_per_cell": 184.10416920284902,
  "avg_counts_per_gene": 1556.864048146975,
  "avg_nnzero_per_cell": 36.02893214393404,
  "avg_nnzero_per_gene": 304.6761482420019,
  "min_cell": 0,
  "max_cell": 93373,
  "total_counts": 98300396,
  "overdispersion": 206.87724933219178,
  "s_index": 4202
}
