{
  "ncells": 6549,
  "ngenes": 63140,
  "nvals": 17599115,
  "density": 0.042560944896620795,
  "avg_counts_per_cell": 14683.339135745915,
  "avg_counts_per_gene": 1522.9836553690213,
  "avg_nnzero_per_cell": 2687.298060772637,
  "avg_nnzero_per_gene": 278.7316281279696,
  "min_cell": 5,
  "max_cell": 93373,
  "total_counts": 96161188,
  "overdispersion": 1.879766079258505,
  "s_index": 4202
}
