{
	"numRecords": 39375979,
	"numReads": 258205286,
	"numBarcodes": 1339803,
	"medianReadsPerBarcode": 2.000000,
	"meanReadsPerBarcode": 192.718844,
	"numUMIs": 1048439,
	"numBarcodeUMIs": 24714575,
	"medianUMIsPerBarcode": 1.000000,
	"meanUMIsPerBarcode": 18.446425,
	"gtRecords": 12990585,
	"numBarcodesOnWhitelist": 285796,
	"percentageBarcodesOnWhitelist": 21.331196,
	"numReadsOnWhitelist": 246710570,
	"percentageReadsOnWhitelist": 95.548226
}
