{
  "ncells": 5523,
  "ngenes": 60623,
  "nvals": 3621694,
  "density": 0.01081681211654846,
  "avg_per_cell": 2433.487597320297,
  "avg_per_gene": 221.70054269831581,
  "min_cell": 129,
  "max_cell": 44048,
  "total_counts": 13440152,
  "overdispersion": 7.209166901053571
}
