{"ncells": 10090, "ngenes": 60623, "nvals": 4113562, "density": 0.006724956152753324, "avg_counts_per_cell": 1445.6082259663033, "avg_counts_per_gene": 240.60483644821272, "avg_nnzero_per_cell": 407.6870168483647, "avg_nnzero_per_gene": 67.85480758128104, "min_cell": 123, "max_cell": 44048, "total_counts": 14586187, "overdispersion": 8.591087594711643, "s_index": 1814}