{
	"numRecords": 97591446,
	"numReads": 151497034,
	"numBarcodes": 3569651,
	"medianReadsPerBarcode": 2.000000,
	"meanReadsPerBarcode": 42.440293,
	"numUMIs": 1048576,
	"numBarcodeUMIs": 83522806,
	"medianUMIsPerBarcode": 1.000000,
	"meanUMIsPerBarcode": 23.398031,
	"gtRecords": 48698266,
	"numBarcodesOnWhitelist": 22806,
	"percentageBarcodesOnWhitelist": 0.638886,
	"numReadsOnWhitelist": 2176863,
	"percentageReadsOnWhitelist": 1.436901
}
