{"ncells": 277, "ngenes": 60623, "nvals": 202901, "density": 0.012082783511827939, "avg_counts_per_cell": 2064.5848375451264, "avg_counts_per_gene": 9.433548323243654, "avg_nnzero_per_cell": 732.4945848375452, "avg_nnzero_per_gene": 3.346931032776339, "min_cell": 750, "max_cell": 11274, "total_counts": 571890, "overdispersion": 0.2962070185543597, "s_index": 277}