{
  "ncells": 23013,
  "ngenes": 60623,
  "nvals": 22658681,
  "density": 0.01624141874272878,
  "avg_per_cell": 3823.2712814496153,
  "avg_per_gene": 1451.3458918232354,
  "min_cell": 10,
  "max_cell": 47239,
  "total_counts": 87984942,
  "overdispersion": 0.5418684629164052
}
