{"ncells": 12344, "ngenes": 60623, "nvals": 19824664, "density": 0.026491862860688182, "avg_per_cell": 6100.040505508749, "avg_per_gene": 1242.0846873298913, "min_cell": 1628, "max_cell": 47239, "total_count": 75298900, "overdispersion": 0.39325184101598826, "s_index": 5243}