{"ncells": 12344, "ngenes": 60623, "nvals": 19824664, "density": 0.026491862860688182, "avg_counts_per_cell": 6100.040505508749, "avg_counts_per_gene": 1242.0846873298913, "avg_nnzero_per_cell": 1606.0162022034997, "avg_nnzero_per_gene": 327.0155551523349, "min_cell": 1628, "max_cell": 47239, "total_counts": 75298900, "overdispersion": 0.39325184101598826, "s_index": 5243}