{
  "ncells": 233680,
  "ngenes": 63140,
  "nvals": 4194546,
  "density": 0.0002842882040930654,
  "avg_counts_per_cell": 45.48271567956179,
  "avg_counts_per_gene": 168.33070953436808,
  "avg_nnzero_per_cell": 17.949957206436153,
  "avg_nnzero_per_gene": 66.43246753246753,
  "min_cell": 0,
  "max_cell": 25885,
  "total_counts": 10628401,
  "overdispersion": 97.62951337833691,
  "s_index": 2176
}
