{
  "ncells": 2665,
  "ngenes": 63140,
  "nvals": 2817891,
  "density": 0.016746436193194075,
  "avg_counts_per_cell": 3430.7136960600374,
  "avg_counts_per_gene": 144.80285080772884,
  "avg_nnzero_per_cell": 1057.369981238274,
  "avg_nnzero_per_gene": 44.62925245486221,
  "min_cell": 213,
  "max_cell": 25885,
  "total_counts": 9142852,
  "overdispersion": 0.3063306094769378,
  "s_index": 2176
}
