{"ncells": 798, "ngenes": 60623, "nvals": 525596, "density": 0.01086454982448947, "avg_counts_per_cell": 1960.2368421052631, "avg_counts_per_gene": 25.803226498193755, "avg_nnzero_per_cell": 658.641604010025, "avg_nnzero_per_gene": 8.669910759942596, "min_cell": 76, "max_cell": 16827, "total_counts": 1564269, "overdispersion": 2.558748062336139, "s_index": 320}