{
  "ncells": 211229,
  "ngenes": 63140,
  "nvals": 8040481,
  "density": 0.0006028703281621135,
  "avg_counts_per_cell": 92.11012218966145,
  "avg_counts_per_gene": 308.14585049097246,
  "avg_nnzero_per_cell": 38.06523252015585,
  "avg_nnzero_per_gene": 127.34369654735508,
  "min_cell": 0,
  "max_cell": 46297,
  "total_counts": 19456329,
  "overdispersion": 135.26387276560212,
  "s_index": 2204
}
