{
  "ncells": 6140,
  "ngenes": 63140,
  "nvals": 4001223,
  "density": 0.010320953178862132,
  "avg_counts_per_cell": 2083.6708469055375,
  "avg_counts_per_gene": 202.6249445676275,
  "avg_nnzero_per_cell": 651.664983713355,
  "avg_nnzero_per_gene": 63.3706525182135,
  "min_cell": 113,
  "max_cell": 46297,
  "total_counts": 12793739,
  "overdispersion": 6.83325530880653,
  "s_index": 2204
}
