{
	"numRecords": 19510311,
	"numReads": 44076035,
	"numBarcodes": 629132,
	"medianReadsPerBarcode": 2.000000,
	"meanReadsPerBarcode": 70.058485,
	"numUMIs": 1048488,
	"numBarcodeUMIs": 15556292,
	"medianUMIsPerBarcode": 1.000000,
	"meanUMIsPerBarcode": 24.726595,
	"gtRecords": 8245395,
	"numBarcodesOnWhitelist": 184359,
	"percentageBarcodesOnWhitelist": 29.303707,
	"numReadsOnWhitelist": 42031162,
	"percentageReadsOnWhitelist": 95.360579
}
