{
  "ncells": 4077,
  "ngenes": 60623,
  "nvals": 2853269,
  "density": 0.011544219674633316,
  "avg_per_cell": 1915.0515084621045,
  "avg_per_gene": 128.7904755620804,
  "min_cell": 441,
  "max_cell": 21468,
  "total_counts": 7807665,
  "overdispersion": 0.8652114210185179
}
