{"ncells": 18060, "ngenes": 60623, "nvals": 4245639, "density": 0.0038778222118147215, "avg_per_cell": 580.901827242525, "avg_per_gene": 173.05456674859377, "min_cell": 69, "max_cell": 21468, "total_count": 10491087, "overdispersion": 3.4446486305967263, "s_index": 1493}