{
	"numRecords": 92239321,
	"numReads": 256249266,
	"numBarcodes": 1335031,
	"medianReadsPerBarcode": 3.000000,
	"meanReadsPerBarcode": 191.942559,
	"numUMIs": 1048575,
	"numBarcodeUMIs": 56786077,
	"medianUMIsPerBarcode": 1.000000,
	"meanUMIsPerBarcode": 42.535400,
	"gtRecords": 34321307,
	"numTargets": 187487,
	"medianTargetsPerSet": 4.000000,
	"meanTargetsPerSet": 4.455011,
	"numSingleton": 53293735,
	"gtTargets": 6493,
	"numBarcodesOnWhitelist": 357176,
	"percentageBarcodesOnWhitelist": 26.754135,
	"numReadsOnWhitelist": 245588608,
	"percentageReadsOnWhitelist": 95.839731
}
