{
  "ncells": 1833,
  "ngenes": 60623,
  "nvals": 1111326,
  "density": 0.010000957596508896,
  "avg_per_cell": 1341.5662847790506,
  "avg_per_gene": 40.56366395592432,
  "min_cell": 125,
  "max_cell": 15101,
  "total_counts": 2459091,
  "overdispersion": 0.7734869925118505
}
