{"ncells": 1253, "ngenes": 60623, "nvals": 995056, "density": 0.013099629954305664, "avg_per_cell": 1822.733439744613, "avg_per_gene": 37.67357273642017, "min_cell": 551, "max_cell": 15101, "total_count": 2283885, "overdispersion": 0.4260462689420457, "s_index": 1002}