{
  "ncells": 1341,
  "ngenes": 63140,
  "nvals": 1006036,
  "density": 0.011881743327151742,
  "avg_counts_per_cell": 2591.461595824012,
  "avg_counts_per_gene": 55.03880266075388,
  "avg_nnzero_per_cell": 750.2132736763609,
  "avg_nnzero_per_gene": 15.933417801710485,
  "min_cell": 61,
  "max_cell": 74408,
  "total_counts": 3475150,
  "overdispersion": 16.55870606019385,
  "s_index": 894
}
