{
  "ncells": 276613,
  "ngenes": 63140,
  "nvals": 2719228,
  "density": 0.0001556927749222646,
  "avg_counts_per_cell": 20.977683622967827,
  "avg_counts_per_gene": 91.90212226797593,
  "avg_nnzero_per_cell": 9.830441808591788,
  "avg_nnzero_per_gene": 43.06664554957238,
  "min_cell": 0,
  "max_cell": 74408,
  "total_counts": 5802700,
  "overdispersion": 1900.9959639433384,
  "s_index": 895
}
