{
  "ncells": 8384,
  "ngenes": 63140,
  "nvals": 4251556,
  "density": 0.008031414800987506,
  "avg_counts_per_cell": 766.831822519084,
  "avg_counts_per_gene": 101.82321824516947,
  "avg_nnzero_per_cell": 507.10353053435114,
  "avg_nnzero_per_gene": 67.33538169147926,
  "min_cell": 144,
  "max_cell": 22206,
  "total_counts": 6429118,
  "overdispersion": 1.9365065561197168,
  "s_index": 1316
}
