{
  "ncells": 871036,
  "ngenes": 63140,
  "nvals": 6905420,
  "density": 0.00012555945325770637,
  "avg_counts_per_cell": 10.928601114075652,
  "avg_counts_per_gene": 150.7634621476085,
  "avg_nnzero_per_cell": 7.927823878691581,
  "avg_nnzero_per_gene": 109.36680392777954,
  "min_cell": 0,
  "max_cell": 22206,
  "total_counts": 9519205,
  "overdispersion": 150.40679687565273,
  "s_index": 1315
}
