{
  "ncells": 23686,
  "ngenes": 63140,
  "nvals": 130949,
  "density": 0.0000875600263836188,
  "avg_counts_per_cell": 14.508781558726675,
  "avg_counts_per_gene": 5.442746278112132,
  "avg_nnzero_per_cell": 5.528540065861691,
  "avg_nnzero_per_gene": 2.0739467849223945,
  "min_cell": 0,
  "max_cell": 50298,
  "total_counts": 343655,
  "overdispersion": 480.35374194901044,
  "s_index": 142
}
