{
  "ncells": 34,
  "ngenes": 63140,
  "nvals": 51860,
  "density": 0.024157334774264475,
  "avg_counts_per_cell": 6817.529411764706,
  "avg_counts_per_gene": 3.6711434906556857,
  "avg_nnzero_per_cell": 1525.2941176470588,
  "avg_nnzero_per_gene": 0.8213493823249921,
  "min_cell": 549,
  "max_cell": 50298,
  "total_counts": 231796,
  "overdispersion": 1.194063273561141,
  "s_index": 34
}
