{
  "ncells": 6148,
  "ngenes": 63140,
  "nvals": 8330855,
  "density": 0.021461058539346937,
  "avg_counts_per_cell": 4007.5959661678594,
  "avg_counts_per_gene": 390.2233132720938,
  "avg_nnzero_per_cell": 1355.0512361743656,
  "avg_nnzero_per_gene": 131.94258789990496,
  "min_cell": 225,
  "max_cell": 75618,
  "total_counts": 24638700,
  "overdispersion": 1.889413241171357,
  "s_index": 2945
}
