{
  "ncells": 266148,
  "ngenes": 63140,
  "nvals": 10727933,
  "density": 0.0006383932229656431,
  "avg_counts_per_cell": 102.48991538542465,
  "avg_counts_per_gene": 432.01593284764016,
  "avg_nnzero_per_cell": 40.30814809805071,
  "avg_nnzero_per_gene": 169.90707950586,
  "min_cell": 0,
  "max_cell": 75618,
  "total_counts": 27277486,
  "overdispersion": 106.25567385860847,
  "s_index": 2945
}
