{
  "ncells": 8851,
  "ngenes": 63140,
  "nvals": 18484728,
  "density": 0.03307624088189051,
  "avg_counts_per_cell": 8769.289119873461,
  "avg_counts_per_gene": 1229.283782071587,
  "avg_nnzero_per_cell": 2088.433849282567,
  "avg_nnzero_per_gene": 292.75780804561293,
  "min_cell": 406,
  "max_cell": 74966,
  "total_counts": 77616978,
  "overdispersion": 1.6674832860188111,
  "s_index": 3949
}
