{
  "ncells": 641380,
  "ngenes": 63140,
  "nvals": 38335274,
  "density": 0.0009466263318247113,
  "avg_counts_per_cell": 160.61367675948736,
  "avg_counts_per_gene": 1631.5235983528667,
  "avg_nnzero_per_cell": 59.76998659141227,
  "avg_nnzero_per_gene": 607.1471967057333,
  "min_cell": 0,
  "max_cell": 74966,
  "total_counts": 103014400,
  "overdispersion": 142.09731844947328,
  "s_index": 3949
}
