{
  "ncells": 12650,
  "ngenes": 60623,
  "nvals": 7428525,
  "density": 0.009686673009676404,
  "avg_per_cell": 1314.6395256916996,
  "avg_per_gene": 274.3214621513287,
  "min_cell": 229,
  "max_cell": 58149,
  "total_counts": 16630190,
  "overdispersion": 3.0472495580688004
}
