{
	"numRecords": 123593924,
	"numReads": 385135307,
	"numBarcodes": 1248985,
	"medianReadsPerBarcode": 3.000000,
	"meanReadsPerBarcode": 308.358633,
	"numUMIs": 1048576,
	"numBarcodeUMIs": 56174289,
	"medianUMIsPerBarcode": 1.000000,
	"meanUMIsPerBarcode": 44.975952,
	"gtRecords": 46593442,
	"numTargets": 156402,
	"medianTargetsPerSet": 4.000000,
	"meanTargetsPerSet": 4.969183,
	"numSingleton": 36666847,
	"gtTargets": 6686,
	"numBarcodesOnWhitelist": 346190,
	"percentageBarcodesOnWhitelist": 27.717707,
	"numReadsOnWhitelist": 372394975,
	"percentageReadsOnWhitelist": 96.691985
}
