{
  "ncells": 6053,
  "ngenes": 60623,
  "nvals": 6777013,
  "density": 0.018468440334267065,
  "avg_per_cell": 5654.339666281183,
  "avg_per_gene": 564.5665506490935,
  "min_cell": 1440,
  "max_cell": 53890,
  "total_counts": 34225718,
  "overdispersion": 2.986227462409834
}
