{
  "ncells": 3245,
  "ngenes": 60623,
  "nvals": 465098,
  "density": 0.0023642442784699304,
  "avg_per_cell": 260.3362095531587,
  "avg_per_gene": 13.93515662372367,
  "min_cell": 2,
  "max_cell": 1793,
  "total_counts": 844791,
  "overdispersion": 2.943073622418951
}
