{"ncells": 2705, "ngenes": 60623, "nvals": 429180, "density": 0.002617187165318532, "avg_per_cell": 288.75859519408505, "avg_per_gene": 12.884416805502863, "min_cell": 169, "max_cell": 1793, "total_count": 781092, "overdispersion": 2.99247222109016, "s_index": 390}