{"ncells": 2705, "ngenes": 60623, "nvals": 429180, "density": 0.002617187165318532, "avg_counts_per_cell": 288.75859519408505, "avg_counts_per_gene": 12.884416805502863, "avg_nnzero_per_cell": 158.66173752310536, "avg_nnzero_per_gene": 7.079491282186629, "min_cell": 169, "max_cell": 1793, "total_counts": 781092, "overdispersion": 2.99247222109016, "s_index": 390}