{
  "ncells": 6236,
  "ngenes": 63140,
  "nvals": 3102880,
  "density": 0.00788050948410153,
  "avg_counts_per_cell": 1627.244547787043,
  "avg_counts_per_gene": 160.71423820082356,
  "avg_nnzero_per_cell": 497.57536882617063,
  "avg_nnzero_per_gene": 49.142857142857146,
  "min_cell": 199,
  "max_cell": 35036,
  "total_counts": 10147497,
  "overdispersion": 1.2494714292552587,
  "s_index": 1697
}
