{
  "ncells": 447853,
  "ngenes": 63140,
  "nvals": 5278829,
  "density": 0.0001866798866854362,
  "avg_counts_per_cell": 36.13190042268334,
  "avg_counts_per_gene": 256.2841305036427,
  "avg_nnzero_per_cell": 11.786968045318442,
  "avg_nnzero_per_gene": 83.60514729173266,
  "min_cell": 0,
  "max_cell": 35036,
  "total_counts": 16181780,
  "overdispersion": 35.5575400850237,
  "s_index": 1697
}
