{
  "ncells": 1979113,
  "ngenes": 63140,
  "nvals": 27541926,
  "density": 0.0002204038304825165,
  "avg_counts_per_cell": 47.376390837713664,
  "avg_counts_per_gene": 1485.0052423186569,
  "avg_nnzero_per_cell": 13.916297856666093,
  "avg_nnzero_per_gene": 436.2040861577447,
  "min_cell": 0,
  "max_cell": 31617,
  "total_counts": 93763231,
  "overdispersion": 27.76813430134923,
  "s_index": 3515
}
