{
  "ncells": 54177,
  "ngenes": 63140,
  "nvals": 23059229,
  "density": 0.00674101435568929,
  "avg_counts_per_cell": 1478.702106059767,
  "avg_counts_per_gene": 1268.7938549255623,
  "avg_nnzero_per_cell": 425.62764641822173,
  "avg_nnzero_per_gene": 365.2079347481787,
  "min_cell": 11,
  "max_cell": 31630,
  "total_counts": 80111644,
  "overdispersion": 0.1412190905085362,
  "s_index": 3515
}
