{
  "ncells": 1974,
  "ngenes": 63140,
  "nvals": 2304889,
  "density": 0.018492613349533803,
  "avg_counts_per_cell": 3969.2624113475176,
  "avg_counts_per_gene": 124.09445676274945,
  "avg_nnzero_per_cell": 1167.6236068895644,
  "avg_nnzero_per_gene": 36.50441875197973,
  "min_cell": 219,
  "max_cell": 40927,
  "total_counts": 7835324,
  "overdispersion": 2.15300524522688,
  "s_index": 1464
}
