{
  "ncells": 216457,
  "ngenes": 63140,
  "nvals": 4024180,
  "density": 0.00029444296727935667,
  "avg_counts_per_cell": 46.24270409365371,
  "avg_counts_per_gene": 158.52956921127654,
  "avg_nnzero_per_cell": 18.591128954018583,
  "avg_nnzero_per_gene": 63.73424136838771,
  "min_cell": 0,
  "max_cell": 40927,
  "total_counts": 10009557,
  "overdispersion": 236.23792378324637,
  "s_index": 1464
}
