{
  "ncells": 4189,
  "ngenes": 63140,
  "nvals": 2819729,
  "density": 0.010660864733668651,
  "avg_counts_per_cell": 1083.4970159942707,
  "avg_counts_per_gene": 71.88420969274628,
  "avg_nnzero_per_cell": 673.1269992838386,
  "avg_nnzero_per_gene": 44.65836236933798,
  "min_cell": 201,
  "max_cell": 8713,
  "total_counts": 4538769,
  "overdispersion": 1.9037865346304035,
  "s_index": 1197
}
