{
  "ncells": 389987,
  "ngenes": 63140,
  "nvals": 4294761,
  "density": 0.00017441518495618674,
  "avg_counts_per_cell": 15.591796649631911,
  "avg_counts_per_gene": 96.30342096927463,
  "avg_nnzero_per_cell": 11.01257477813363,
  "avg_nnzero_per_gene": 68.0196547355084,
  "min_cell": 0,
  "max_cell": 8711,
  "total_counts": 6080598,
  "overdispersion": 245.59251176840147,
  "s_index": 1197
}
