{
  "ncells": 424615,
  "ngenes": 63140,
  "nvals": 5698602,
  "density": 0.00021255357631523933,
  "avg_counts_per_cell": 22.032302203172286,
  "avg_counts_per_gene": 148.16670890085524,
  "avg_nnzero_per_cell": 13.42063280854421,
  "avg_nnzero_per_gene": 90.25343680709534,
  "min_cell": 0,
  "max_cell": 16036,
  "total_counts": 9355246,
  "overdispersion": 102.78810716370627,
  "s_index": 1506
}
