{
  "ncells": 6168,
  "ngenes": 63140,
  "nvals": 2954598,
  "density": 0.007586639658149576,
  "avg_counts_per_cell": 1009.7558365758755,
  "avg_counts_per_gene": 98.64070319923978,
  "avg_nnzero_per_cell": 479.0204280155642,
  "avg_nnzero_per_gene": 46.79439341146658,
  "min_cell": 109,
  "max_cell": 16036,
  "total_counts": 6228174,
  "overdispersion": 0.9503256625373597,
  "s_index": 1506
}
