{
  "ncells": 9665,
  "ngenes": 60623,
  "nvals": 341565,
  "density": 0.0005829537224790576,
  "avg_per_cell": 68.56078634247284,
  "avg_per_gene": 10.930504923873777,
  "min_cell": 16,
  "max_cell": 990,
  "total_counts": 662640,
  "overdispersion": 1.8102656283175025
}
