{"ncells": 2679, "ngenes": 60623, "nvals": 173943, "density": 0.0010710181196404876, "avg_per_cell": 149.69540873460247, "avg_per_gene": 6.615212048232519, "min_cell": 71, "max_cell": 990, "total_count": 401034, "overdispersion": 0.8442379300230928, "s_index": 265}