{"ncells": 13169, "ngenes": 60623, "nvals": 8346109, "density": 0.010454272844317354, "avg_counts_per_cell": 2518.257118991571, "avg_counts_per_gene": 547.0354156013394, "avg_nnzero_per_cell": 633.7693826410509, "avg_nnzero_per_gene": 137.67231908681524, "min_cell": 89, "max_cell": 51225, "total_counts": 33162928, "overdispersion": 9.856829672844228, "s_index": 2896}