{
  "ncells": 14264,
  "ngenes": 60623,
  "nvals": 548041,
  "density": 0.0006337738206770198,
  "avg_per_cell": 51.70779584969153,
  "avg_per_gene": 12.166339508107484,
  "min_cell": 17,
  "max_cell": 7191,
  "total_counts": 737560,
  "overdispersion": 48.292725585570594
}
