{"ncells": 3172, "ngenes": 60623, "nvals": 279628, "density": 0.0014541528328834612, "avg_per_cell": 143.78846153846155, "avg_per_gene": 7.52349768239777, "min_cell": 44, "max_cell": 7191, "total_count": 456097, "overdispersion": 14.47007001230218, "s_index": 180}