{
  "ncells": 8534,
  "ngenes": 63140,
  "nvals": 10912625,
  "density": 0.020252191034628,
  "avg_counts_per_cell": 2619.8293883290366,
  "avg_counts_per_gene": 354.09604054482105,
  "avg_nnzero_per_cell": 1278.723341926412,
  "avg_nnzero_per_gene": 172.83219828951536,
  "min_cell": 158,
  "max_cell": 35393,
  "total_counts": 22357624,
  "overdispersion": 7.964048643606292,
  "s_index": 2857
}
