{
  "ncells": 468845,
  "ngenes": 63140,
  "nvals": 16488756,
  "density": 0.0005569984991963601,
  "avg_counts_per_cell": 60.81803794430995,
  "avg_counts_per_gene": 451.6033101045296,
  "avg_nnzero_per_cell": 35.168885239258174,
  "avg_nnzero_per_gene": 261.1459613557175,
  "min_cell": 0,
  "max_cell": 35393,
  "total_counts": 28514233,
  "overdispersion": 347.55175274375085,
  "s_index": 2857
}
