{
  "ncells": 83,
  "ngenes": 60623,
  "nvals": 9924,
  "density": 0.0019722921178470377,
  "avg_per_cell": 209.9156626506024,
  "avg_per_gene": 0.28739917193144515,
  "min_cell": 84,
  "max_cell": 581,
  "total_counts": 17423,
  "overdispersion": 0.6488355330255623
}
