{"ncells": 9, "ngenes": 60623, "nvals": 1739, "density": 0.0031872758230741174, "avg_counts_per_cell": 360.8888888888889, "avg_counts_per_gene": 0.0535770252214506, "avg_nnzero_per_cell": 193.22222222222223, "avg_nnzero_per_gene": 0.028685482407667058, "min_cell": 312, "max_cell": 491, "total_counts": 3248, "overdispersion": 0.7086846702450583, "s_index": 9}