{"ncells": 9, "ngenes": 60623, "nvals": 1739, "density": 0.0031872758230741174, "avg_per_cell": 360.8888888888889, "avg_per_gene": 0.0535770252214506, "min_cell": 312, "max_cell": 491, "total_count": 3248, "overdispersion": 0.7086846702450583, "s_index": 9}