{
  "ncells": 4457,
  "ngenes": 60623,
  "nvals": 4230386,
  "density": 0.015656689470213425,
  "avg_per_cell": 2977.9385236706303,
  "avg_per_gene": 218.93789485838707,
  "min_cell": 124,
  "max_cell": 72563,
  "total_counts": 13272672,
  "overdispersion": 3.8154420908633035
}
