{"ncells": 4577, "ngenes": 60623, "nvals": 4237350, "density": 0.015271299729405333, "avg_per_cell": 2903.046537032991, "avg_per_gene": 219.1782656747439, "min_cell": 120, "max_cell": 72563, "total_count": 13287244, "overdispersion": 3.9368912486114986, "s_index": 1659}