{"ncells": 4577, "ngenes": 60623, "nvals": 4237350, "density": 0.015271299729405333, "avg_counts_per_cell": 2903.046537032991, "avg_counts_per_gene": 219.1782656747439, "avg_nnzero_per_cell": 925.7920034957396, "avg_nnzero_per_gene": 69.89673886148822, "min_cell": 120, "max_cell": 72563, "total_counts": 13287244, "overdispersion": 3.9368912486114986, "s_index": 1659}