{
  "ncells": 171918,
  "ngenes": 63140,
  "nvals": 1577395,
  "density": 0.00014531636715241547,
  "avg_counts_per_cell": 24.48946590816552,
  "avg_counts_per_gene": 66.68007602153943,
  "avg_nnzero_per_cell": 9.175275422003514,
  "avg_nnzero_per_gene": 24.982499208108965,
  "min_cell": 0,
  "max_cell": 23969,
  "total_counts": 4210180,
  "overdispersion": 68.3308749781917,
  "s_index": 767
}
