{
  "ncells": 1275,
  "ngenes": 63140,
  "nvals": 676446,
  "density": 0.008402690566248672,
  "avg_counts_per_cell": 2146.3898039215687,
  "avg_counts_per_gene": 43.34252454862211,
  "avg_nnzero_per_cell": 530.5458823529411,
  "avg_nnzero_per_gene": 10.713430471967058,
  "min_cell": 254,
  "max_cell": 23969,
  "total_counts": 2736647,
  "overdispersion": 1.5575608501187328,
  "s_index": 764
}
