{
  "ncells": 6692,
  "ngenes": 63140,
  "nvals": 15012812,
  "density": 0.03553051776704336,
  "avg_counts_per_cell": 9117.818439928273,
  "avg_counts_per_gene": 966.3674532784289,
  "avg_nnzero_per_cell": 2243.3968918111177,
  "avg_nnzero_per_gene": 237.77022489705416,
  "min_cell": 420,
  "max_cell": 180020,
  "total_counts": 61016441,
  "overdispersion": 1.6273786470433795,
  "s_index": 4669
}
