{
  "ncells": 510594,
  "ngenes": 63140,
  "nvals": 19233818,
  "density": 0.0005966027042340168,
  "avg_counts_per_cell": 129.75762934934605,
  "avg_counts_per_gene": 1049.310532150776,
  "avg_nnzero_per_cell": 37.669494745335825,
  "avg_nnzero_per_gene": 304.6217611656636,
  "min_cell": 0,
  "max_cell": 180020,
  "total_counts": 66253467,
  "overdispersion": 155.57329347240898,
  "s_index": 4669
}
