{
  "ncells": 466844,
  "ngenes": 63140,
  "nvals": 6457628,
  "density": 0.00021907693900698929,
  "avg_counts_per_cell": 26.401868718458413,
  "avg_counts_per_gene": 195.20991447576813,
  "avg_nnzero_per_cell": 13.832517928901304,
  "avg_nnzero_per_gene": 102.2747545137789,
  "min_cell": 0,
  "max_cell": 77420,
  "total_counts": 12325554,
  "overdispersion": 711.8421592035805,
  "s_index": 996
}
