{
  "ncells": 1465,
  "ngenes": 63140,
  "nvals": 1691168,
  "density": 0.01828287753202429,
  "avg_counts_per_cell": 4523.17337883959,
  "avg_counts_per_gene": 104.94851124485271,
  "avg_nnzero_per_cell": 1154.3808873720136,
  "avg_nnzero_per_gene": 26.784415584415584,
  "min_cell": 185,
  "max_cell": 77420,
  "total_counts": 6626449,
  "overdispersion": 7.007612761626368,
  "s_index": 988
}
