{
	"numRecords": 11528127,
	"numReads": 59327973,
	"numBarcodes": 1964676,
	"medianReadsPerBarcode": 4.000000,
	"meanReadsPerBarcode": 30.197332,
	"numUMIs": 1039437,
	"numBarcodeUMIs": 9099440,
	"medianUMIsPerBarcode": 1.000000,
	"meanUMIsPerBarcode": 4.631522,
	"gtRecords": 4576195,
	"numBarcodesOnWhitelist": 158646,
	"percentageBarcodesOnWhitelist": 8.074919,
	"numReadsOnWhitelist": 30979576,
	"percentageReadsOnWhitelist": 52.217486
}
