{"ncells": 2771, "ngenes": 60623, "nvals": 1421528, "density": 0.008462164597640215, "avg_counts_per_cell": 1060.338505954529, "avg_counts_per_gene": 48.466720551605825, "avg_nnzero_per_cell": 513.0018044027427, "avg_nnzero_per_gene": 23.44865810006103, "min_cell": 651, "max_cell": 7254, "total_counts": 2938198, "overdispersion": 2.4467196323173863, "s_index": 1033}