{"ncells": 874, "ngenes": 60623, "nvals": 213967, "density": 0.004038294065687359, "avg_counts_per_cell": 544.5354691075515, "avg_counts_per_gene": 7.850551770780067, "avg_nnzero_per_cell": 244.81350114416475, "avg_nnzero_per_gene": 3.529469013410752, "min_cell": 182, "max_cell": 20870, "total_counts": 475924, "overdispersion": 5.6181167527501135, "s_index": 281}