{
	"numRecords": 50015385,
	"numReads": 73304242,
	"numBarcodes": 1238047,
	"medianReadsPerBarcode": 2.000000,
	"meanReadsPerBarcode": 59.209579,
	"numUMIs": 1048573,
	"numBarcodeUMIs": 33529365,
	"medianUMIsPerBarcode": 1.000000,
	"meanUMIsPerBarcode": 27.082465,
	"gtRecords": 28345643,
	"numTargets": 184257,
	"medianTargetsPerSet": 4.000000,
	"meanTargetsPerSet": 4.820069,
	"numSingleton": 15841675,
	"gtTargets": 6779,
	"numBarcodesOnWhitelist": 185584,
	"percentageBarcodesOnWhitelist": 14.990061,
	"numReadsOnWhitelist": 67915591,
	"percentageReadsOnWhitelist": 92.648923
}
