{
  "ncells": 4408,
  "ngenes": 63140,
  "nvals": 9294001,
  "density": 0.03339308565587836,
  "avg_counts_per_cell": 9307.996370235935,
  "avg_counts_per_gene": 649.8202090592334,
  "avg_nnzero_per_cell": 2108.4394283121596,
  "avg_nnzero_per_gene": 147.19672157111182,
  "min_cell": 380,
  "max_cell": 73643,
  "total_counts": 41029648,
  "overdispersion": 4.578966504445535,
  "s_index": 3322
}
