{
  "ncells": 460696,
  "ngenes": 63140,
  "nvals": 11462236,
  "density": 0.0003940490882729286,
  "avg_counts_per_cell": 94.42896834354976,
  "avg_counts_per_gene": 688.993474817865,
  "avg_nnzero_per_cell": 24.880259433552713,
  "avg_nnzero_per_gene": 181.5368387709851,
  "min_cell": 0,
  "max_cell": 73643,
  "total_counts": 43503048,
  "overdispersion": 502.1156414056383,
  "s_index": 3322
}
