{
  "ncells": 4210,
  "ngenes": 63140,
  "nvals": 3288294,
  "density": 0.012370406373650682,
  "avg_counts_per_cell": 4601.6118764845605,
  "avg_counts_per_gene": 306.8227114349066,
  "avg_nnzero_per_cell": 781.0674584323041,
  "avg_nnzero_per_gene": 52.07941083306937,
  "min_cell": 309,
  "max_cell": 25910,
  "total_counts": 19372786,
  "overdispersion": 0.38225823016870575,
  "s_index": 2811
}
