{
  "ncells": 218305,
  "ngenes": 63140,
  "nvals": 4040839,
  "density": 0.0002931590372354888,
  "avg_counts_per_cell": 97.62986189047433,
  "avg_counts_per_gene": 337.5528508077289,
  "avg_nnzero_per_cell": 18.510061611048762,
  "avg_nnzero_per_gene": 63.99808362369338,
  "min_cell": 0,
  "max_cell": 25910,
  "total_counts": 21313087,
  "overdispersion": 63.82861461651132,
  "s_index": 2811
}
