{"ncells": 5105, "ngenes": 60623, "nvals": 14157941, "density": 0.04574745384130366, "avg_per_cell": 11394.393143976493, "avg_per_gene": 959.5100374445343, "min_cell": 4770, "max_cell": 50175, "total_count": 58168377, "overdispersion": 0.9176266128298869, "s_index": 5006}