{
  "ncells": 1358,
  "ngenes": 63140,
  "nvals": 1957470,
  "density": 0.02282920391509062,
  "avg_counts_per_cell": 4669.204712812961,
  "avg_counts_per_gene": 100.42413683877099,
  "avg_nnzero_per_cell": 1441.4359351988219,
  "avg_nnzero_per_gene": 31.002058916693063,
  "min_cell": 450,
  "max_cell": 72293,
  "total_counts": 6340780,
  "overdispersion": 0.1747819980908012,
  "s_index": 1342
}
