{
  "ncells": 214001,
  "ngenes": 63140,
  "nvals": 3090523,
  "density": 0.00022872392742216693,
  "avg_counts_per_cell": 35.27090527614357,
  "avg_counts_per_gene": 119.5440133037694,
  "avg_nnzero_per_cell": 14.44162877743562,
  "avg_nnzero_per_gene": 48.94714919227114,
  "min_cell": 0,
  "max_cell": 72293,
  "total_counts": 7548009,
  "overdispersion": 160.42384115064272,
  "s_index": 1342
}
