{
	"numRecords": 2613887,
	"numReads": 26392307,
	"numBarcodes": 565113,
	"medianReadsPerBarcode": 2.000000,
	"meanReadsPerBarcode": 46.702707,
	"numUMIs": 736337,
	"numBarcodeUMIs": 1856586,
	"medianUMIsPerBarcode": 1.000000,
	"meanUMIsPerBarcode": 3.285336,
	"gtRecords": 1231259,
	"numTargets": 137088,
	"medianTargetsPerSet": 1.000000,
	"meanTargetsPerSet": 1.442000,
	"numSingleton": 23134311,
	"gtTargets": 12258,
	"numBarcodesOnWhitelist": 86639,
	"percentageBarcodesOnWhitelist": 15.331270,
	"numReadsOnWhitelist": 23625733,
	"percentageReadsOnWhitelist": 89.517498
}
