{"ncells": 4466, "ngenes": 60623, "nvals": 396054, "density": 0.0014628448294514492, "avg_counts_per_cell": 159.23219883564713, "avg_counts_per_gene": 11.730382857991192, "avg_nnzero_per_cell": 88.6820420958352, "avg_nnzero_per_gene": 6.533065008330172, "min_cell": 65, "max_cell": 2485, "total_counts": 711131, "overdispersion": 3.612191942102032, "s_index": 321}