{
  "ncells": 748709,
  "ngenes": 63140,
  "nvals": 9836199,
  "density": 0.00020807009971512941,
  "avg_counts_per_cell": 31.43386282253853,
  "avg_counts_per_gene": 372.74019638897687,
  "avg_nnzero_per_cell": 13.13754609601327,
  "avg_nnzero_per_gene": 155.7839562876148,
  "min_cell": 0,
  "max_cell": 47703,
  "total_counts": 23534816,
  "overdispersion": 118.39344179506341,
  "s_index": 2667
}
