{
  "ncells": 3288,
  "ngenes": 63140,
  "nvals": 7457184,
  "density": 0.03592017738359202,
  "avg_counts_per_cell": 5978.400547445255,
  "avg_counts_per_gene": 311.3237408932531,
  "avg_nnzero_per_cell": 2268.0,
  "avg_nnzero_per_gene": 118.10554323725056,
  "min_cell": 253,
  "max_cell": 47709,
  "total_counts": 19656981,
  "overdispersion": 1.3902279939122397,
  "s_index": 2667
}
