{
	"numRecords": 90170792,
	"numReads": 268579404,
	"numBarcodes": 1425421,
	"medianReadsPerBarcode": 3.000000,
	"meanReadsPerBarcode": 188.421108,
	"numUMIs": 1048576,
	"numBarcodeUMIs": 62078342,
	"medianUMIsPerBarcode": 1.000000,
	"meanUMIsPerBarcode": 43.550882,
	"gtRecords": 26139752,
	"numBarcodesOnWhitelist": 395205,
	"percentageBarcodesOnWhitelist": 27.725493,
	"numReadsOnWhitelist": 261555762,
	"percentageReadsOnWhitelist": 97.384892
}
