{
  "ncells": 390963,
  "ngenes": 63140,
  "nvals": 11585933,
  "density": 0.0004693434664663306,
  "avg_counts_per_cell": 109.73941523878219,
  "avg_counts_per_gene": 679.5066677225213,
  "avg_nnzero_per_cell": 29.634346472684115,
  "avg_nnzero_per_gene": 183.49592968007602,
  "min_cell": 0,
  "max_cell": 168171,
  "total_counts": 42904051,
  "overdispersion": 314.79402450615606,
  "s_index": 2974
}
