{
  "ncells": 3749,
  "ngenes": 63140,
  "nvals": 8968613,
  "density": 0.03788831282048986,
  "avg_counts_per_cell": 10648.766070952253,
  "avg_counts_per_gene": 632.2810262907824,
  "avg_nnzero_per_cell": 2392.2680714857297,
  "avg_nnzero_per_gene": 142.04328476401648,
  "min_cell": 231,
  "max_cell": 168171,
  "total_counts": 39922224,
  "overdispersion": 2.5446313075945044,
  "s_index": 2974
}
