{
  "ncells": 275572,
  "ngenes": 63140,
  "nvals": 5424714,
  "density": 0.00031177205146701146,
  "avg_counts_per_cell": 56.91282496044591,
  "avg_counts_per_gene": 248.39374406081723,
  "avg_nnzero_per_cell": 19.6852873296271,
  "avg_nnzero_per_gene": 85.91564776686728,
  "min_cell": 0,
  "max_cell": 19597,
  "total_counts": 15683581,
  "overdispersion": 115.51594964466156,
  "s_index": 2179
}
