{
  "ncells": 3093,
  "ngenes": 63140,
  "nvals": 3905913,
  "density": 0.020000371750980916,
  "avg_counts_per_cell": 4321.815066278694,
  "avg_counts_per_gene": 211.7100728539753,
  "avg_nnzero_per_cell": 1262.823472356935,
  "avg_nnzero_per_gene": 61.861149825783976,
  "min_cell": 267,
  "max_cell": 19597,
  "total_counts": 13367374,
  "overdispersion": 0.860941951853012,
  "s_index": 2179
}
