{
	"numRecords": 20211027,
	"numReads": 87238296,
	"numBarcodes": 479117,
	"medianReadsPerBarcode": 4.000000,
	"meanReadsPerBarcode": 182.081404,
	"numUMIs": 7506938,
	"numBarcodeUMIs": 12045993,
	"medianUMIsPerBarcode": 1.000000,
	"meanUMIsPerBarcode": 25.142070,
	"gtRecords": 6543893,
	"numBarcodesOnWhitelist": 273507,
	"percentageBarcodesOnWhitelist": 57.085639,
	"numReadsOnWhitelist": 85183684,
	"percentageReadsOnWhitelist": 97.644828
}
