{"ncells": 14142, "ngenes": 60623, "nvals": 2216583, "density": 0.0025854476049845636, "avg_counts_per_cell": 635.4398246358365, "avg_counts_per_gene": 148.23400359599492, "avg_nnzero_per_cell": 156.73759015697922, "avg_nnzero_per_gene": 36.5634000296917, "min_cell": 25, "max_cell": 199358, "total_counts": 8986390, "overdispersion": 79.29386939629315, "s_index": 732}