{
  "ncells": 420429,
  "ngenes": 63140,
  "nvals": 18548718,
  "density": 0.0006987416904952357,
  "avg_counts_per_cell": 93.69735674751266,
  "avg_counts_per_gene": 623.9006335128287,
  "avg_nnzero_per_cell": 44.11855033786917,
  "avg_nnzero_per_gene": 293.7712701932214,
  "min_cell": 0,
  "max_cell": 26169,
  "total_counts": 39393086,
  "overdispersion": 40.79515842135828,
  "s_index": 3430
}
