{
  "ncells": 11391,
  "ngenes": 63140,
  "nvals": 14233523,
  "density": 0.01979000837759678,
  "avg_counts_per_cell": 3040.0190501272937,
  "avg_counts_per_gene": 548.4456287614825,
  "avg_nnzero_per_cell": 1249.5411289614608,
  "avg_nnzero_per_gene": 225.42798542920494,
  "min_cell": 308,
  "max_cell": 26169,
  "total_counts": 34628857,
  "overdispersion": 0.41880614703757124,
  "s_index": 3430
}
