{
	"numRecords": 24014909,
	"numReads": 266087625,
	"numBarcodes": 514833,
	"medianReadsPerBarcode": 2.000000,
	"meanReadsPerBarcode": 516.842598,
	"numUMIs": 1040809,
	"numBarcodeUMIs": 9638819,
	"medianUMIsPerBarcode": 1.000000,
	"meanUMIsPerBarcode": 18.722224,
	"gtRecords": 10914221,
	"numTargets": 157229,
	"medianTargetsPerSet": 4.000000,
	"meanTargetsPerSet": 4.761945,
	"numSingleton": 48855242,
	"gtTargets": 7767,
	"numBarcodesOnWhitelist": 176687,
	"percentageBarcodesOnWhitelist": 34.319284,
	"numReadsOnWhitelist": 256581661,
	"percentageReadsOnWhitelist": 96.427506
}
