{"ncells": 1126, "ngenes": 60623, "nvals": 853954, "density": 0.012510038968087105, "avg_per_cell": 2249.4280639431618, "avg_per_gene": 41.78044636524091, "min_cell": 522, "max_cell": 17837, "total_count": 2532856, "overdispersion": 0.7957664427059175, "s_index": 994}