{"ncells": 8406, "ngenes": 60623, "nvals": 17420638, "density": 0.034185130837658215, "avg_per_cell": 10583.506305020224, "avg_per_gene": 1467.5115715157613, "min_cell": 186, "max_cell": 73791, "total_count": 88964954, "overdispersion": 1.8156853056055604, "s_index": 4628}