{
  "ncells": 6414,
  "ngenes": 60623,
  "nvals": 463174,
  "density": 0.0011911810966889012,
  "avg_per_cell": 112.60555035859058,
  "avg_per_gene": 11.913828085050229,
  "min_cell": 18,
  "max_cell": 1253,
  "total_counts": 722252,
  "overdispersion": 6.629150774436926
}
