{"ncells": 2191, "ngenes": 60623, "nvals": 316030, "density": 0.0023792961916436917, "avg_per_cell": 224.61524418073938, "avg_per_gene": 8.117909044422085, "min_cell": 106, "max_cell": 1253, "total_count": 492132, "overdispersion": 5.2684297864949405, "s_index": 332}