{
	"numRecords": 98103707,
	"numReads": 478544572,
	"numBarcodes": 1553281,
	"medianReadsPerBarcode": 2.000000,
	"meanReadsPerBarcode": 308.086284,
	"numUMIs": 1048576,
	"numBarcodeUMIs": 37978105,
	"medianUMIsPerBarcode": 1.000000,
	"meanUMIsPerBarcode": 24.450248,
	"gtRecords": 35827945,
	"numTargets": 191269,
	"medianTargetsPerSet": 4.000000,
	"meanTargetsPerSet": 5.277598,
	"numSingleton": 78152789,
	"gtTargets": 5997,
	"numBarcodesOnWhitelist": 284691,
	"percentageBarcodesOnWhitelist": 18.328364,
	"numReadsOnWhitelist": 465159740,
	"percentageReadsOnWhitelist": 97.203012
}
