{
  "ncells": 1322,
  "ngenes": 60623,
  "nvals": 4547992,
  "density": 0.05674803302461833,
  "avg_per_cell": 11352.744326777609,
  "avg_per_gene": 247.568216683437,
  "min_cell": 1420,
  "max_cell": 128348,
  "total_counts": 15008328,
  "overdispersion": 0.5534769952034447
}
