{
	"numRecords": 14288294,
	"numReads": 53152977,
	"numBarcodes": 1969602,
	"medianReadsPerBarcode": 1.000000,
	"meanReadsPerBarcode": 26.986659,
	"numUMIs": 1045958,
	"numBarcodeUMIs": 12287815,
	"medianUMIsPerBarcode": 1.000000,
	"meanUMIsPerBarcode": 6.238730,
	"gtRecords": 8006640,
	"numBarcodesOnWhitelist": 133292,
	"percentageBarcodesOnWhitelist": 6.767459,
	"numReadsOnWhitelist": 32225131,
	"percentageReadsOnWhitelist": 60.627142
}
