{
  "ncells": 1209,
  "ngenes": 63140,
  "nvals": 1252530,
  "density": 0.01640806086124733,
  "avg_counts_per_cell": 3877.545905707196,
  "avg_counts_per_gene": 74.24695913842255,
  "avg_nnzero_per_cell": 1036.0049627791564,
  "avg_nnzero_per_gene": 19.83734558124802,
  "min_cell": 53,
  "max_cell": 59541,
  "total_counts": 4687953,
  "overdispersion": 3.0448756306925717,
  "s_index": 607
}
