{
  "ncells": 180376,
  "ngenes": 63140,
  "nvals": 2328459,
  "density": 0.00020444912951974082,
  "avg_counts_per_cell": 32.34543952632279,
  "avg_counts_per_gene": 92.40324675324675,
  "avg_nnzero_per_cell": 12.908918037876436,
  "avg_nnzero_per_gene": 36.87771618625277,
  "min_cell": 0,
  "max_cell": 59541,
  "total_counts": 5834341,
  "overdispersion": 421.09813088800337,
  "s_index": 607
}
