{
  "ncells": 4120,
  "ngenes": 63140,
  "nvals": 3632416,
  "density": 0.013963483828508693,
  "avg_counts_per_cell": 2551.151213592233,
  "avg_counts_per_gene": 166.4672632245803,
  "avg_nnzero_per_cell": 881.6543689320388,
  "avg_nnzero_per_gene": 57.52955337345581,
  "min_cell": 144,
  "max_cell": 28374,
  "total_counts": 10510743,
  "overdispersion": 5.860303577251058,
  "s_index": 1970
}
