{
  "ncells": 400169,
  "ngenes": 63140,
  "nvals": 8854138,
  "density": 0.00035042756994561625,
  "avg_counts_per_cell": 42.72156263978469,
  "avg_counts_per_gene": 270.7609280962939,
  "avg_nnzero_per_cell": 22.12599676636621,
  "avg_nnzero_per_gene": 140.2302502375673,
  "min_cell": 0,
  "max_cell": 28374,
  "total_counts": 17095845,
  "overdispersion": 174.9552564886564,
  "s_index": 1970
}
