{
  "ncells": 186979,
  "ngenes": 63140,
  "nvals": 1779702,
  "density": 0.00015074741657445154,
  "avg_counts_per_cell": 17.1241797207173,
  "avg_counts_per_gene": 50.710516312955335,
  "avg_nnzero_per_cell": 9.51819188251087,
  "avg_nnzero_per_gene": 28.186601203674375,
  "min_cell": 0,
  "max_cell": 6340,
  "total_counts": 3201862,
  "overdispersion": 114.17353863681927,
  "s_index": 1091
}
