{
  "ncells": 2090,
  "ngenes": 63140,
  "nvals": 1391502,
  "density": 0.010544669474532935,
  "avg_counts_per_cell": 1315.266028708134,
  "avg_counts_per_gene": 43.53668039277795,
  "avg_nnzero_per_cell": 665.7904306220096,
  "avg_nnzero_per_gene": 22.038359201773837,
  "min_cell": 52,
  "max_cell": 6340,
  "total_counts": 2748906,
  "overdispersion": 0.6100444651741289,
  "s_index": 1091
}
