{
	"numRecords": 16093754,
	"numReads": 25128743,
	"numBarcodes": 505576,
	"medianReadsPerBarcode": 2.000000,
	"meanReadsPerBarcode": 49.703196,
	"numUMIs": 1044973,
	"numBarcodeUMIs": 12358303,
	"medianUMIsPerBarcode": 1.000000,
	"meanUMIsPerBarcode": 24.444006,
	"gtRecords": 8451572,
	"numTargets": 166850,
	"medianTargetsPerSet": 3.000000,
	"meanTargetsPerSet": 4.208588,
	"numSingleton": 5778107,
	"gtTargets": 11324,
	"numBarcodesOnWhitelist": 233099,
	"percentageBarcodesOnWhitelist": 46.105630,
	"numReadsOnWhitelist": 24045219,
	"percentageReadsOnWhitelist": 95.688109
}
