{
  "ncells": 3311,
  "ngenes": 60623,
  "nvals": 3820856,
  "density": 0.01903549021171506,
  "avg_per_cell": 2759.804590758079,
  "avg_per_gene": 150.7301354271481,
  "min_cell": 636,
  "max_cell": 17569,
  "total_counts": 9137713,
  "overdispersion": 0.2636666082232241
}
