{"ncells": 1986, "ngenes": 60623, "nvals": 2857338, "density": 0.02373257973490065, "avg_counts_per_cell": 3688.176233635448, "avg_counts_per_gene": 120.82407667057058, "avg_nnzero_per_cell": 1438.7401812688822, "avg_nnzero_per_gene": 47.132903353512695, "min_cell": 1972, "max_cell": 17569, "total_counts": 7324718, "overdispersion": 0.2021121914749836, "s_index": 1980}