{
  "ncells": 394928,
  "ngenes": 63140,
  "nvals": 13229372,
  "density": 0.0005305382801916903,
  "avg_counts_per_cell": 126.15824909856987,
  "avg_counts_per_gene": 789.0944726005702,
  "avg_nnzero_per_cell": 33.49818701130333,
  "avg_nnzero_per_gene": 209.52442191954387,
  "min_cell": 0,
  "max_cell": 44655,
  "total_counts": 49823425,
  "overdispersion": 110.5575753232614,
  "s_index": 3712
}
