{
  "ncells": 3993,
  "ngenes": 63140,
  "nvals": 10049790,
  "density": 0.03986145060158731,
  "avg_counts_per_cell": 11616.512146255947,
  "avg_counts_per_gene": 734.6330852074755,
  "avg_nnzero_per_cell": 2516.8519909842225,
  "avg_nnzero_per_gene": 159.16677225213812,
  "min_cell": 392,
  "max_cell": 44655,
  "total_counts": 46384733,
  "overdispersion": 0.29349928279703097,
  "s_index": 3712
}
