{"ncells": 81, "ngenes": 60623, "nvals": 177419, "density": 0.03613080884633486, "avg_counts_per_cell": 7173.308641975309, "avg_counts_per_gene": 9.584448146742986, "avg_nnzero_per_cell": 2190.358024691358, "avg_nnzero_per_gene": 2.926595516553123, "min_cell": 512, "max_cell": 32125, "total_counts": 581038, "overdispersion": 2.7148746309987737, "s_index": 81}