{
	"numRecords": 68637596,
	"numReads": 92672799,
	"numBarcodes": 1118429,
	"medianReadsPerBarcode": 1.000000,
	"meanReadsPerBarcode": 82.859796,
	"numUMIs": 1048576,
	"numBarcodeUMIs": 58423389,
	"medianUMIsPerBarcode": 1.000000,
	"meanUMIsPerBarcode": 52.237012,
	"gtRecords": 42260934,
	"numTargets": 173299,
	"medianTargetsPerSet": 3.000000,
	"meanTargetsPerSet": 4.066761,
	"numSingleton": 24504742,
	"gtTargets": 7749,
	"numBarcodesOnWhitelist": 380701,
	"percentageBarcodesOnWhitelist": 34.038906,
	"numReadsOnWhitelist": 89376060,
	"percentageReadsOnWhitelist": 96.442603
}
