{"ncells": 3407, "ngenes": 60623, "nvals": 7734543, "density": 0.037447695828657805, "avg_counts_per_cell": 12768.043146463164, "avg_counts_per_gene": 717.5613710967784, "avg_nnzero_per_cell": 2270.191664220722, "avg_nnzero_per_gene": 127.58429968823714, "min_cell": 238, "max_cell": 109555, "total_counts": 43500723, "overdispersion": 4.540905214703591, "s_index": 1902}