{
  "ncells": 2241,
  "ngenes": 60623,
  "nvals": 6151595,
  "density": 0.04528021231988016,
  "avg_per_cell": 16201.213743864346,
  "avg_per_gene": 598.8967883476569,
  "min_cell": 210,
  "max_cell": 80366,
  "total_counts": 36306920,
  "overdispersion": 1.1430019871600403
}
