{"ncells": 2207, "ngenes": 60623, "nvals": 6146641, "density": 0.04594075108703085, "avg_per_cell": 16447.539646579065, "avg_per_gene": 598.7780215429788, "min_cell": 215, "max_cell": 80366, "total_count": 36299720, "overdispersion": 1.1106244321881555, "s_index": 1576}