{
	"numRecords": 9567213,
	"numReads": 45322762,
	"numBarcodes": 1312972,
	"medianReadsPerBarcode": 1.000000,
	"meanReadsPerBarcode": 34.519214,
	"numUMIs": 1035949,
	"numBarcodeUMIs": 8103694,
	"medianUMIsPerBarcode": 1.000000,
	"meanUMIsPerBarcode": 6.172023,
	"gtRecords": 5552983,
	"numBarcodesOnWhitelist": 99008,
	"percentageBarcodesOnWhitelist": 7.540755,
	"numReadsOnWhitelist": 26163149,
	"percentageReadsOnWhitelist": 57.726290
}
