{
  "ncells": 2098,
  "ngenes": 60623,
  "nvals": 1284446,
  "density": 0.010098873742291414,
  "avg_per_cell": 1676.9246901811248,
  "avg_per_gene": 58.03388153011233,
  "min_cell": 9,
  "max_cell": 14652,
  "total_counts": 3518188,
  "overdispersion": 1.3563597228687585
}
