{"ncells": 2747, "ngenes": 60623, "nvals": 1362782, "density": 0.008183334527202414, "avg_per_cell": 1371.0367673825992, "avg_per_gene": 62.125562905168, "min_cell": 237, "max_cell": 14652, "total_count": 3766238, "overdispersion": 1.4659703805737678, "s_index": 1107}