{
	"numRecords": 60870304,
	"numReads": 199383512,
	"numBarcodes": 1663261,
	"medianReadsPerBarcode": 2.000000,
	"meanReadsPerBarcode": 119.875060,
	"numUMIs": 1048564,
	"numBarcodeUMIs": 39351867,
	"medianUMIsPerBarcode": 1.000000,
	"meanUMIsPerBarcode": 23.659466,
	"gtRecords": 20946980,
	"numBarcodesOnWhitelist": 352396,
	"percentageBarcodesOnWhitelist": 21.187054,
	"numReadsOnWhitelist": 191602041,
	"percentageReadsOnWhitelist": 96.097234
}
