{
  "ncells": 5929,
  "ngenes": 60623,
  "nvals": 11345273,
  "density": 0.03156429373537406,
  "avg_per_cell": 3924.205093607691,
  "avg_per_gene": 383.79182818402256,
  "min_cell": 1438,
  "max_cell": 35319,
  "total_counts": 23266612,
  "overdispersion": 0.3714845994894994
}
