{
  "ncells": 8007,
  "ngenes": 63140,
  "nvals": 7492763,
  "density": 0.014820661553703068,
  "avg_counts_per_cell": 3282.114275009367,
  "avg_counts_per_gene": 416.2161704149509,
  "avg_nnzero_per_cell": 935.7765705008118,
  "avg_nnzero_per_gene": 118.66903706050047,
  "min_cell": 223,
  "max_cell": 56001,
  "total_counts": 26279889,
  "overdispersion": 18.718477599975056,
  "s_index": 3113
}
