{
  "ncells": 362876,
  "ngenes": 63140,
  "nvals": 9298932,
  "density": 0.0004058543906597895,
  "avg_counts_per_cell": 78.32158368147797,
  "avg_counts_per_gene": 450.12706683560344,
  "avg_nnzero_per_cell": 25.625646226259107,
  "avg_nnzero_per_gene": 147.27481786506178,
  "min_cell": 0,
  "max_cell": 56001,
  "total_counts": 28421023,
  "overdispersion": 690.9238025293811,
  "s_index": 3113
}
