{
  "ncells": 4214,
  "ngenes": 63140,
  "nvals": 12691910,
  "density": 0.04770104298100409,
  "avg_counts_per_cell": 30677.051020408162,
  "avg_counts_per_gene": 2047.404070319924,
  "avg_nnzero_per_cell": 3011.843853820598,
  "avg_nnzero_per_gene": 201.0121951219512,
  "min_cell": 374,
  "max_cell": 318153,
  "total_counts": 129273093,
  "overdispersion": 3.4051968964205135,
  "s_index": 3702
}
