{
  "ncells": 502838,
  "ngenes": 63140,
  "nvals": 15291463,
  "density": 0.0004816331491998455,
  "avg_counts_per_cell": 265.0956212537636,
  "avg_counts_per_gene": 2111.1839087741528,
  "avg_nnzero_per_cell": 30.410317040478244,
  "avg_nnzero_per_gene": 242.18344947735193,
  "min_cell": 0,
  "max_cell": 318153,
  "total_counts": 133300152,
  "overdispersion": 500.6769500561745,
  "s_index": 3702
}
