{
  "ncells": 10514,
  "ngenes": 60623,
  "nvals": 1496295,
  "density": 0.002347533658901972,
  "avg_per_cell": 220.48354574852578,
  "avg_per_gene": 38.23901819441466,
  "min_cell": 1,
  "max_cell": 3965,
  "total_counts": 2318164,
  "overdispersion": 3.0542210555469262
}
