{"ncells": 3051, "ngenes": 60623, "nvals": 674385, "density": 0.003646097434940975, "avg_per_cell": 374.9521468371026, "avg_per_gene": 18.870379229005493, "min_cell": 229, "max_cell": 3965, "total_count": 1143979, "overdispersion": 2.2834151033615115, "s_index": 478}