{"ncells": 788, "ngenes": 60623, "nvals": 1200813, "density": 0.025136901266552852, "avg_counts_per_cell": 4317.312182741117, "avg_counts_per_gene": 56.11800801675932, "avg_nnzero_per_cell": 1523.8743654822335, "avg_nnzero_per_gene": 19.807878198043646, "min_cell": 2957, "max_cell": 24127, "total_counts": 3402042, "overdispersion": 0.09906315897408281, "s_index": 788}