{
  "ncells": 101416,
  "ngenes": 60623,
  "nvals": 12289256,
  "density": 0.001998856835803736,
  "avg_per_cell": 470.99501064920725,
  "avg_per_gene": 787.9258697194134,
  "min_cell": 12,
  "max_cell": 89030,
  "total_counts": 47766430,
  "overdispersion": 67.02175074336284
}
