{"ncells": 4600, "ngenes": 60623, "nvals": 9145919, "density": 0.0327968470855874, "avg_per_cell": 9616.813260869565, "avg_per_gene": 729.7121719479405, "min_cell": 145, "max_cell": 89030, "total_count": 44237341, "overdispersion": 2.2453512703251786, "s_index": 2349}