{
  "ncells": 386094,
  "ngenes": 63140,
  "nvals": 6102010,
  "density": 0.0002503083197004948,
  "avg_counts_per_cell": 39.19454847783182,
  "avg_counts_per_gene": 239.6702565726956,
  "avg_nnzero_per_cell": 15.80446730588924,
  "avg_nnzero_per_gene": 96.64254038644283,
  "min_cell": 0,
  "max_cell": 70680,
  "total_counts": 15132780,
  "overdispersion": 375.5846329935732,
  "s_index": 1659
}
