{
  "ncells": 2034,
  "ngenes": 63140,
  "nvals": 3492343,
  "density": 0.027193265640276215,
  "avg_counts_per_cell": 5897.572271386431,
  "avg_counts_per_gene": 189.98514412416853,
  "avg_nnzero_per_cell": 1716.9827925270404,
  "avg_nnzero_per_gene": 55.31110231232182,
  "min_cell": 202,
  "max_cell": 70680,
  "total_counts": 11995662,
  "overdispersion": 2.6038249290967728,
  "s_index": 1659
}
