{
  "ncells": 403040,
  "ngenes": 63140,
  "nvals": 5857945,
  "density": 0.00023019323807419646,
  "avg_counts_per_cell": 22.704466057959507,
  "avg_counts_per_gene": 144.9288565093443,
  "avg_nnzero_per_cell": 14.534401052004764,
  "avg_nnzero_per_gene": 92.77708267342413,
  "min_cell": 0,
  "max_cell": 11707,
  "total_counts": 9150808,
  "overdispersion": 168.46490327356366,
  "s_index": 1632
}
