{
  "ncells": 4425,
  "ngenes": 63140,
  "nvals": 3712683,
  "density": 0.013288318130815031,
  "avg_counts_per_cell": 1550.3039548022598,
  "avg_counts_per_gene": 108.64895470383276,
  "avg_nnzero_per_cell": 839.024406779661,
  "avg_nnzero_per_gene": 58.80080772885651,
  "min_cell": 192,
  "max_cell": 11707,
  "total_counts": 6860095,
  "overdispersion": 1.1937803153718705,
  "s_index": 1632
}
