{
  "ncells": 6250,
  "ngenes": 63140,
  "nvals": 4688343,
  "density": 0.01188050174216028,
  "avg_counts_per_cell": 2628.57824,
  "avg_counts_per_gene": 260.19344314222366,
  "avg_nnzero_per_cell": 750.13488,
  "avg_nnzero_per_gene": 74.25313588850175,
  "min_cell": 180,
  "max_cell": 12657,
  "total_counts": 16428614,
  "overdispersion": 0.7268267006460856,
  "s_index": 2709
}
