{
  "ncells": 300691,
  "ngenes": 63140,
  "nvals": 5707132,
  "density": 0.00030060272312041833,
  "avg_counts_per_cell": 59.832199833051206,
  "avg_counts_per_gene": 284.938295850491,
  "avg_nnzero_per_cell": 18.980055937823213,
  "avg_nnzero_per_gene": 90.38853341780171,
  "min_cell": 0,
  "max_cell": 12657,
  "total_counts": 17991004,
  "overdispersion": 68.1529128788742,
  "s_index": 2709
}
