{
  "ncells": 853,
  "ngenes": 60623,
  "nvals": 1353148,
  "density": 0.026167295853938954,
  "avg_per_cell": 4368.152403282532,
  "avg_per_gene": 61.46238226415717,
  "min_cell": 2554,
  "max_cell": 20713,
  "total_counts": 3726034,
  "overdispersion": 0.122805093551825
}
