{"ncells": 244, "ngenes": 60623, "nvals": 475386, "density": 0.03213802152134544, "avg_per_cell": 5951.430327868852, "avg_per_gene": 23.953763423123238, "min_cell": 4583, "max_cell": 20713, "total_count": 1452149, "overdispersion": 0.21811027042661546, "s_index": 244}