{
  "ncells": 5143,
  "ngenes": 60623,
  "nvals": 479007,
  "density": 0.0015363420293073391,
  "avg_per_cell": 144.7283686564262,
  "avg_per_gene": 12.278145258400277,
  "min_cell": 2,
  "max_cell": 1134,
  "total_counts": 744338,
  "overdispersion": 2.908927633926197
}
