{"ncells": 2735, "ngenes": 60623, "nvals": 317632, "density": 0.001915708800706473, "avg_per_cell": 186.88775137111517, "avg_per_gene": 8.431420417993172, "min_cell": 119, "max_cell": 1134, "total_count": 511138, "overdispersion": 2.4458058042428874, "s_index": 277}