{
  "ncells": 1009,
  "ngenes": 63140,
  "nvals": 1040509,
  "density": 0.016332403364963978,
  "avg_counts_per_cell": 3323.139742319128,
  "avg_counts_per_gene": 53.104973075704784,
  "avg_nnzero_per_cell": 1031.2279484638257,
  "avg_nnzero_per_gene": 16.479394995248654,
  "min_cell": 374,
  "max_cell": 49997,
  "total_counts": 3353048,
  "overdispersion": 1.0205060773552679,
  "s_index": 878
}
