{
  "ncells": 172631,
  "ngenes": 63140,
  "nvals": 1404379,
  "density": 0.00012884303988931355,
  "avg_counts_per_cell": 22.194878092578968,
  "avg_counts_per_gene": 60.68299018055116,
  "avg_nnzero_per_cell": 8.135149538611257,
  "avg_nnzero_per_gene": 22.24230281913209,
  "min_cell": 0,
  "max_cell": 49997,
  "total_counts": 3831524,
  "overdispersion": 245.28876950324377,
  "s_index": 902
}
