{"ncells": 5932, "ngenes": 60623, "nvals": 8060191, "density": 0.022413349679823155, "avg_counts_per_cell": 4204.146830748483, "avg_counts_per_gene": 411.37850320835327, "avg_nnzero_per_cell": 1358.764497639919, "avg_nnzero_per_gene": 132.95599030071097, "min_cell": 60, "max_cell": 49846, "total_counts": 24938999, "overdispersion": 1.4385438508188428, "s_index": 3102}