{"ncells": 5932, "ngenes": 60623, "nvals": 8060191, "density": 0.022413349679823155, "avg_per_cell": 4204.146830748483, "avg_per_gene": 411.37850320835327, "min_cell": 60, "max_cell": 49846, "total_count": 24938999, "overdispersion": 1.4385438508188428, "s_index": 3102}