{
	"numRecords": 84025212,
	"numReads": 314883201,
	"numBarcodes": 802641,
	"medianReadsPerBarcode": 7.000000,
	"meanReadsPerBarcode": 392.308892,
	"numUMIs": 1048564,
	"numBarcodeUMIs": 40417109,
	"medianUMIsPerBarcode": 1.000000,
	"meanUMIsPerBarcode": 50.355151,
	"gtRecords": 27087830,
	"numBarcodesOnWhitelist": 325300,
	"percentageBarcodesOnWhitelist": 40.528705,
	"numReadsOnWhitelist": 306822859,
	"percentageReadsOnWhitelist": 97.440212
}
