{"ncells": 1638, "ngenes": 60623, "nvals": 4192410, "density": 0.04221943593139344, "avg_counts_per_cell": 14180.943833943835, "avg_counts_per_gene": 383.1612754235191, "avg_nnzero_per_cell": 2559.4688644688645, "avg_nnzero_per_gene": 69.15543605562246, "min_cell": 6390, "max_cell": 56475, "total_counts": 23228386, "overdispersion": 2.3629120583267413, "s_index": 1638}