{"ncells": 1638, "ngenes": 60623, "nvals": 4192410, "density": 0.04221943593139344, "avg_per_cell": 14180.943833943835, "avg_per_gene": 383.1612754235191, "min_cell": 6390, "max_cell": 56475, "total_count": 23228386, "overdispersion": 2.3629120583267413, "s_index": 1638}