{
	"numRecords": 107870680,
	"numReads": 315109680,
	"numBarcodes": 1667462,
	"medianReadsPerBarcode": 4.000000,
	"meanReadsPerBarcode": 188.975629,
	"numUMIs": 1048576,
	"numBarcodeUMIs": 63692837,
	"medianUMIsPerBarcode": 1.000000,
	"meanUMIsPerBarcode": 38.197474,
	"gtRecords": 36331100,
	"numTargets": 177310,
	"medianTargetsPerSet": 3.000000,
	"meanTargetsPerSet": 3.940567,
	"numSingleton": 94486681,
	"gtTargets": 5754,
	"numBarcodesOnWhitelist": 518592,
	"percentageBarcodesOnWhitelist": 31.100679,
	"numReadsOnWhitelist": 305031547,
	"percentageReadsOnWhitelist": 96.801706
}
