{"ncells": 8903, "ngenes": 60623, "nvals": 10506990, "density": 0.019467246201103728, "avg_counts_per_cell": 5188.103111310794, "avg_counts_per_gene": 761.9167972551671, "avg_nnzero_per_cell": 1180.1628664495115, "avg_nnzero_per_gene": 173.3168929284265, "min_cell": 160, "max_cell": 90069, "total_counts": 46189682, "overdispersion": 1.7275158907721506, "s_index": 3281}