{
	"numRecords": 49059433,
	"numReads": 82392501,
	"numBarcodes": 1568199,
	"medianReadsPerBarcode": 1.000000,
	"meanReadsPerBarcode": 52.539570,
	"numUMIs": 1048573,
	"numBarcodeUMIs": 42948183,
	"medianUMIsPerBarcode": 1.000000,
	"meanUMIsPerBarcode": 27.386947,
	"gtRecords": 22102201,
	"numBarcodesOnWhitelist": 16861,
	"percentageBarcodesOnWhitelist": 1.075182,
	"numReadsOnWhitelist": 1186058,
	"percentageReadsOnWhitelist": 1.439522
}
