{
  "ncells": 61,
  "ngenes": 60623,
  "nvals": 95293,
  "density": 0.02576877303777201,
  "avg_per_cell": 5513.4098360655735,
  "avg_per_gene": 5.547696418850931,
  "min_cell": 778,
  "max_cell": 22793,
  "total_counts": 336318,
  "overdispersion": 1.2173446568012347
}
