{"ncells": 746, "ngenes": 60623, "nvals": 185911, "density": 0.004110823544926432, "avg_per_cell": 679.8096514745308, "avg_per_gene": 8.365438859838676, "min_cell": 157, "max_cell": 22793, "total_count": 507138, "overdispersion": 7.376920069005008, "s_index": 252}