{
  "ncells": 6809,
  "ngenes": 60623,
  "nvals": 10469859,
  "density": 0.025364136087453058,
  "avg_per_cell": 6784.284035834924,
  "avg_per_gene": 761.9911584712073,
  "min_cell": 84,
  "max_cell": 83268,
  "total_counts": 46194190,
  "overdispersion": 14.84573410302034
}
