{
	"numRecords": 178989235,
	"numReads": 312008701,
	"numBarcodes": 1881151,
	"medianReadsPerBarcode": 2.000000,
	"meanReadsPerBarcode": 165.860530,
	"numUMIs": 1048576,
	"numBarcodeUMIs": 118870376,
	"medianUMIsPerBarcode": 1.000000,
	"meanUMIsPerBarcode": 63.190236,
	"gtRecords": 84236219,
	"numTargets": 198932,
	"medianTargetsPerSet": 4.000000,
	"meanTargetsPerSet": 4.371440,
	"numSingleton": 62464911,
	"gtTargets": 5990,
	"numBarcodesOnWhitelist": 501865,
	"percentageBarcodesOnWhitelist": 26.678613,
	"numReadsOnWhitelist": 302047429,
	"percentageReadsOnWhitelist": 96.807374
}
