{"ncells": 8509, "ngenes": 60623, "nvals": 24557461, "density": 0.04760663829763377, "avg_counts_per_cell": 10562.498530967212, "avg_counts_per_gene": 1482.5445787902281, "avg_nnzero_per_cell": 2886.057233517452, "avg_nnzero_per_gene": 405.08488527456575, "min_cell": 285, "max_cell": 160187, "total_counts": 89876300, "overdispersion": 1.241849174384856, "s_index": 5286}