{
  "ncells": 5646,
  "ngenes": 63140,
  "nvals": 12581055,
  "density": 0.035291621237423576,
  "avg_counts_per_cell": 7357.816861494864,
  "avg_counts_per_gene": 657.9384542286981,
  "avg_nnzero_per_cell": 2228.3129649309244,
  "avg_nnzero_per_gene": 199.2564935064935,
  "min_cell": 265,
  "max_cell": 60306,
  "total_counts": 41542234,
  "overdispersion": 11.11163434563509,
  "s_index": 3656
}
