{
  "ncells": 537646,
  "ngenes": 63140,
  "nvals": 19302879,
  "density": 0.0005686186392200858,
  "avg_counts_per_cell": 91.60216945722651,
  "avg_counts_per_gene": 780.0053848590434,
  "avg_nnzero_per_cell": 35.90258088035622,
  "avg_nnzero_per_gene": 305.71553690212227,
  "min_cell": 0,
  "max_cell": 60306,
  "total_counts": 49249540,
  "overdispersion": 770.1030407103078,
  "s_index": 3656
}
