{
  "ncells": 3432,
  "ngenes": 63140,
  "nvals": 3958343,
  "density": 0.018266761878180948,
  "avg_counts_per_cell": 3598.0262237762236,
  "avg_counts_per_gene": 195.5721571111815,
  "avg_nnzero_per_cell": 1153.363344988345,
  "avg_nnzero_per_gene": 62.69152676591701,
  "min_cell": 149,
  "max_cell": 30012,
  "total_counts": 12348426,
  "overdispersion": 3.821557187361133,
  "s_index": 2041
}
