{
  "ncells": 302463,
  "ngenes": 63140,
  "nvals": 6895294,
  "density": 0.000361057154611343,
  "avg_counts_per_cell": 55.49345539785032,
  "avg_counts_per_gene": 265.8333386126069,
  "avg_nnzero_per_cell": 22.797148742160196,
  "avg_nnzero_per_gene": 109.20643015521064,
  "min_cell": 0,
  "max_cell": 30012,
  "total_counts": 16784717,
  "overdispersion": 102.02632298391019,
  "s_index": 2041
}
