{
  "ncells": 1640,
  "ngenes": 63140,
  "nvals": 1487214,
  "density": 0.014362334572031182,
  "avg_counts_per_cell": 1895.875,
  "avg_counts_per_gene": 49.243506493506494,
  "avg_nnzero_per_cell": 906.8378048780488,
  "avg_nnzero_per_gene": 23.554228698131137,
  "min_cell": 73,
  "max_cell": 14644,
  "total_counts": 3109235,
  "overdispersion": 0.7118157718723178,
  "s_index": 1196
}
