{
  "ncells": 187563,
  "ngenes": 63140,
  "nvals": 2102657,
  "density": 0.00017754836824409936,
  "avg_counts_per_cell": 20.381359863086004,
  "avg_counts_per_gene": 60.54464681659804,
  "avg_nnzero_per_cell": 11.210403970932433,
  "avg_nnzero_per_gene": 33.30150459296801,
  "min_cell": 0,
  "max_cell": 14644,
  "total_counts": 3822789,
  "overdispersion": 143.54737716449023,
  "s_index": 1196
}
