{
  "ncells": 261747,
  "ngenes": 63140,
  "nvals": 5518631,
  "density": 0.0003339220253719798,
  "avg_counts_per_cell": 69.39853369857153,
  "avg_counts_per_gene": 287.69176433322775,
  "avg_nnzero_per_cell": 21.083836681986803,
  "avg_nnzero_per_gene": 87.4030883750396,
  "min_cell": 0,
  "max_cell": 63086,
  "total_counts": 18164858,
  "overdispersion": 332.271137105361,
  "s_index": 1778
}
