{
  "ncells": 3009,
  "ngenes": 63140,
  "nvals": 4467998,
  "density": 0.023517232064760214,
  "avg_counts_per_cell": 5513.837819873712,
  "avg_counts_per_gene": 262.76746911624963,
  "avg_nnzero_per_cell": 1484.8780325689597,
  "avg_nnzero_per_gene": 70.76335128286348,
  "min_cell": 0,
  "max_cell": 63086,
  "total_counts": 16591138,
  "overdispersion": 4.349268430214854,
  "s_index": 1778
}
