{"ncells": 1914, "ngenes": 60623, "nvals": 6020763, "density": 0.051888626439255056, "avg_per_cell": 11910.310344827587, "avg_per_gene": 376.03440938257756, "min_cell": 8844, "max_cell": 40599, "total_count": 22796334, "overdispersion": 0.15914459479107682, "s_index": 1914}