{
	"numRecords": 5446673,
	"numReads": 12243421,
	"numBarcodes": 1190260,
	"medianReadsPerBarcode": 3.000000,
	"meanReadsPerBarcode": 10.286342,
	"numUMIs": 1000857,
	"numBarcodeUMIs": 4601686,
	"medianUMIsPerBarcode": 1.000000,
	"meanUMIsPerBarcode": 3.866118,
	"gtRecords": 2621669,
	"numBarcodesOnWhitelist": 121700,
	"percentageBarcodesOnWhitelist": 10.224657,
	"numReadsOnWhitelist": 6585451,
	"percentageReadsOnWhitelist": 53.787671
}
