{"ncells": 2744, "ngenes": 60623, "nvals": 1170265, "density": 0.007034977054816969, "avg_counts_per_cell": 846.3491253644315, "avg_counts_per_gene": 38.308595747488575, "avg_nnzero_per_cell": 426.4814139941691, "avg_nnzero_per_gene": 19.303977038417763, "min_cell": 108, "max_cell": 4645, "total_counts": 2322382, "overdispersion": 1.9395850574702873, "s_index": 963}