{
  "ncells": 489699,
  "ngenes": 63140,
  "nvals": 3642828,
  "density": 0.00011781616209702173,
  "avg_counts_per_cell": 10.696403300803146,
  "avg_counts_per_gene": 82.95878999049731,
  "avg_nnzero_per_cell": 7.438912474805952,
  "avg_nnzero_per_gene": 57.69445676274945,
  "min_cell": 0,
  "max_cell": 40820,
  "total_counts": 5238018,
  "overdispersion": 585.1786098914242,
  "s_index": 1009
}
