{
  "ncells": 2282,
  "ngenes": 63140,
  "nvals": 1854868,
  "density": 0.012873385992814821,
  "avg_counts_per_cell": 1415.1358457493427,
  "avg_counts_per_gene": 51.145707950586,
  "avg_nnzero_per_cell": 812.8255915863277,
  "avg_nnzero_per_gene": 29.377066835603422,
  "min_cell": 188,
  "max_cell": 40820,
  "total_counts": 3229340,
  "overdispersion": 3.949919295332363,
  "s_index": 1009
}
