{
	"numRecords": 2108625,
	"numReads": 23084949,
	"numBarcodes": 345212,
	"medianReadsPerBarcode": 1.000000,
	"meanReadsPerBarcode": 66.871803,
	"numUMIs": 687318,
	"numBarcodeUMIs": 1449015,
	"medianUMIsPerBarcode": 1.000000,
	"meanUMIsPerBarcode": 4.197464,
	"gtRecords": 1367049,
	"numTargets": 126787,
	"medianTargetsPerSet": 1.000000,
	"meanTargetsPerSet": 1.159348,
	"numSingleton": 21781631,
	"gtTargets": 16187,
	"numBarcodesOnWhitelist": 30179,
	"percentageBarcodesOnWhitelist": 8.742164,
	"numReadsOnWhitelist": 22020767,
	"percentageReadsOnWhitelist": 95.390148
}
