{
  "ncells": 6117,
  "ngenes": 60623,
  "nvals": 471203,
  "density": 0.0012706681439869582,
  "avg_per_cell": 122.92725192087624,
  "avg_per_gene": 12.403642182010127,
  "min_cell": 16,
  "max_cell": 1337,
  "total_counts": 751946,
  "overdispersion": 8.057807555800437
}
