{"ncells": 2250, "ngenes": 60623, "nvals": 331557, "density": 0.0024307386085589077, "avg_per_cell": 235.66755555555557, "avg_per_gene": 8.746713293634429, "min_cell": 110, "max_cell": 1337, "total_count": 530252, "overdispersion": 6.5601117579339325, "s_index": 347}