{
	"numRecords": 20451676,
	"numReads": 30602157,
	"numBarcodes": 598006,
	"medianReadsPerBarcode": 2.000000,
	"meanReadsPerBarcode": 51.173662,
	"numUMIs": 1047205,
	"numBarcodeUMIs": 15562036,
	"medianUMIsPerBarcode": 1.000000,
	"meanUMIsPerBarcode": 26.023210,
	"gtRecords": 11129302,
	"numTargets": 168937,
	"medianTargetsPerSet": 3.000000,
	"meanTargetsPerSet": 4.224161,
	"numSingleton": 7152794,
	"gtTargets": 10163,
	"numBarcodesOnWhitelist": 262612,
	"percentageBarcodesOnWhitelist": 43.914610,
	"numReadsOnWhitelist": 29328520,
	"percentageReadsOnWhitelist": 95.838081
}
