{
  "ncells": 5089,
  "ngenes": 60623,
  "nvals": 4833437,
  "density": 0.015667012404283347,
  "avg_per_cell": 2217.022008253095,
  "avg_per_gene": 186.10799531530938,
  "min_cell": 918,
  "max_cell": 9151,
  "total_counts": 11282425,
  "overdispersion": 0.24362374921486343
}
