{"ncells": 5092, "ngenes": 60623, "nvals": 4834982, "density": 0.01566278701929205, "avg_counts_per_cell": 2216.2560879811467, "avg_counts_per_gene": 186.15337413193012, "avg_nnzero_per_cell": 949.5251374705421, "avg_nnzero_per_gene": 79.75491150223513, "min_cell": 917, "max_cell": 9151, "total_counts": 11285176, "overdispersion": 0.2438409581363121, "s_index": 2176}