{
	"numRecords": 111537768,
	"numReads": 314270084,
	"numBarcodes": 1163974,
	"medianReadsPerBarcode": 4.000000,
	"meanReadsPerBarcode": 269.997512,
	"numUMIs": 1048576,
	"numBarcodeUMIs": 55968658,
	"medianUMIsPerBarcode": 1.000000,
	"meanUMIsPerBarcode": 48.084114,
	"gtRecords": 41540588,
	"numTargets": 171606,
	"medianTargetsPerSet": 4.000000,
	"meanTargetsPerSet": 4.539776,
	"numSingleton": 28130888,
	"gtTargets": 8366,
	"numBarcodesOnWhitelist": 374081,
	"percentageBarcodesOnWhitelist": 32.138261,
	"numReadsOnWhitelist": 304105805,
	"percentageReadsOnWhitelist": 96.765750
}
