{
  "ncells": 6594,
  "ngenes": 60623,
  "nvals": 4786098,
  "density": 0.01197278599939779,
  "avg_per_cell": 5261.050652107977,
  "avg_per_gene": 572.2476287877538,
  "min_cell": 143,
  "max_cell": 55816,
  "total_counts": 34691368,
  "overdispersion": 1.0261637538586719
}
