{"ncells": 6358, "ngenes": 60623, "nvals": 4773146, "density": 0.012383595878377599, "avg_counts_per_cell": 5450.770839886757, "avg_counts_per_gene": 571.6642363459413, "avg_nnzero_per_cell": 750.7307329348852, "avg_nnzero_per_gene": 78.73490259472477, "min_cell": 159, "max_cell": 55816, "total_counts": 34656001, "overdispersion": 0.958304655893467, "s_index": 3696}