{
	"numRecords": 105284079,
	"numReads": 295578702,
	"numBarcodes": 1364402,
	"medianReadsPerBarcode": 4.000000,
	"meanReadsPerBarcode": 216.636081,
	"numUMIs": 1048576,
	"numBarcodeUMIs": 59320603,
	"medianUMIsPerBarcode": 1.000000,
	"meanUMIsPerBarcode": 43.477364,
	"gtRecords": 35738885,
	"numTargets": 181769,
	"medianTargetsPerSet": 4.000000,
	"meanTargetsPerSet": 4.615671,
	"numSingleton": 56999121,
	"gtTargets": 6709,
	"numBarcodesOnWhitelist": 421573,
	"percentageBarcodesOnWhitelist": 30.898005,
	"numReadsOnWhitelist": 284532897,
	"percentageReadsOnWhitelist": 96.262990
}
