{"ncells": 5779, "ngenes": 60623, "nvals": 10371212, "density": 0.029603250030740824, "avg_counts_per_cell": 7210.679183249697, "avg_counts_per_gene": 687.3713772000726, "avg_nnzero_per_cell": 1794.637826613601, "avg_nnzero_per_gene": 171.07718192765122, "min_cell": 80, "max_cell": 66210, "total_counts": 41670515, "overdispersion": 5.553066448247169, "s_index": 3381}