{
  "ncells": 1914,
  "ngenes": 60623,
  "nvals": 124626,
  "density": 0.001074061868673223,
  "avg_per_cell": 200.07523510971788,
  "avg_per_gene": 6.316810451478812,
  "min_cell": 5,
  "max_cell": 34619,
  "total_counts": 382944,
  "overdispersion": 52.36335486256758
}
