{"ncells": 1517, "ngenes": 60623, "nvals": 505884, "density": 0.0055008263950937645, "avg_counts_per_cell": 814.3085036255768, "avg_counts_per_gene": 20.376853669399402, "avg_nnzero_per_cell": 333.4765985497693, "avg_nnzero_per_gene": 8.34475364135724, "min_cell": 563, "max_cell": 2885, "total_counts": 1235306, "overdispersion": 1.5716788747396113, "s_index": 726}