{
  "ncells": 1754,
  "ngenes": 60623,
  "nvals": 66238,
  "density": 0.0006229313638878982,
  "avg_per_cell": 42.81356898517674,
  "avg_per_gene": 1.238721277402966,
  "min_cell": 22,
  "max_cell": 322,
  "total_counts": 75095,
  "overdispersion": 0.396458970162577
}
