{
	"numRecords": 298854914,
	"numReads": 1149700172,
	"numBarcodes": 5424623,
	"medianReadsPerBarcode": 2.000000,
	"meanReadsPerBarcode": 211.941027,
	"numUMIs": 16726618,
	"numBarcodeUMIs": 215571615,
	"medianUMIsPerBarcode": 1.000000,
	"meanUMIsPerBarcode": 39.739465,
	"gtRecords": 87803242,
	"numBarcodesOnWhitelist": 1737218,
	"percentageBarcodesOnWhitelist": 32.024677,
	"numReadsOnWhitelist": 1112364593,
	"percentageReadsOnWhitelist": 96.752581
}
