{
	"numRecords": 173378336,
	"numReads": 293662277,
	"numBarcodes": 1806719,
	"medianReadsPerBarcode": 2.000000,
	"meanReadsPerBarcode": 162.538988,
	"numUMIs": 1048576,
	"numBarcodeUMIs": 126508859,
	"medianUMIsPerBarcode": 1.000000,
	"meanUMIsPerBarcode": 70.021325,
	"gtRecords": 80219726,
	"numTargets": 186370,
	"medianTargetsPerSet": 4.000000,
	"meanTargetsPerSet": 5.095043,
	"numSingleton": 47316616,
	"gtTargets": 6684,
	"numBarcodesOnWhitelist": 568610,
	"percentageBarcodesOnWhitelist": 31.471967,
	"numReadsOnWhitelist": 282964285,
	"percentageReadsOnWhitelist": 96.357042
}
