{"ncells": 6259, "ngenes": 60623, "nvals": 20669072, "density": 0.05447266241282398, "avg_counts_per_cell": 15206.270969803483, "avg_counts_per_gene": 1569.9660194975504, "avg_nnzero_per_cell": 3302.2962134526283, "avg_nnzero_per_gene": 340.9443940418653, "min_cell": 93, "max_cell": 84655, "total_counts": 95176050, "overdispersion": 0.7906544580763162, "s_index": 4540}