{"ncells": 553, "ngenes": 60623, "nvals": 1001763, "density": 0.029881502550416904, "avg_counts_per_cell": 41050.551537070525, "avg_counts_per_gene": 374.46109562377313, "avg_nnzero_per_cell": 1811.506329113924, "avg_nnzero_per_gene": 16.524470910380547, "min_cell": 603, "max_cell": 348378, "total_counts": 22700955, "overdispersion": 1.8774543174016565, "s_index": 553}