{
  "ncells": 328658,
  "ngenes": 63140,
  "nvals": 8017833,
  "density": 0.00038637429055060906,
  "avg_counts_per_cell": 64.58739479945719,
  "avg_counts_per_gene": 336.1920177383592,
  "avg_nnzero_per_cell": 24.395672705365456,
  "avg_nnzero_per_gene": 126.98500158378206,
  "min_cell": 0,
  "max_cell": 25327,
  "total_counts": 21227164,
  "overdispersion": 38.309217221412666,
  "s_index": 2277
}
