{
  "ncells": 10097,
  "ngenes": 63140,
  "nvals": 7160946,
  "density": 0.01123242338358154,
  "avg_counts_per_cell": 1933.7731999603843,
  "avg_counts_per_gene": 309.2383275261324,
  "avg_nnzero_per_cell": 709.2152124393384,
  "avg_nnzero_per_gene": 113.4137789040228,
  "min_cell": 0,
  "max_cell": 25327,
  "total_counts": 19525308,
  "overdispersion": 0.7820244333349275,
  "s_index": 2277
}
