{
  "ncells": 292555,
  "ngenes": 63140,
  "nvals": 5726478,
  "density": 0.0003100098507882994,
  "avg_counts_per_cell": 48.69134350805832,
  "avg_counts_per_gene": 225.60810896420654,
  "avg_nnzero_per_cell": 19.57402197877322,
  "avg_nnzero_per_gene": 90.69493189737092,
  "min_cell": 0,
  "max_cell": 86141,
  "total_counts": 14244896,
  "overdispersion": 667.1788275610008,
  "s_index": 1409
}
