{
  "ncells": 1968,
  "ngenes": 63140,
  "nvals": 2623763,
  "density": 0.021115186989294665,
  "avg_counts_per_cell": 5259.837906504065,
  "avg_counts_per_gene": 163.94299968324358,
  "avg_nnzero_per_cell": 1333.2129065040651,
  "avg_nnzero_per_gene": 41.554687994931896,
  "min_cell": 191,
  "max_cell": 86141,
  "total_counts": 10351361,
  "overdispersion": 13.9059592882832,
  "s_index": 1409
}
