{
	"numRecords": 90443656,
	"numReads": 364963298,
	"numBarcodes": 1135804,
	"medianReadsPerBarcode": 5.000000,
	"meanReadsPerBarcode": 321.325949,
	"numUMIs": 1048576,
	"numBarcodeUMIs": 48416279,
	"medianUMIsPerBarcode": 1.000000,
	"meanUMIsPerBarcode": 42.627319,
	"gtRecords": 30457784,
	"numTargets": 181494,
	"medianTargetsPerSet": 4.000000,
	"meanTargetsPerSet": 4.692147,
	"numSingleton": 79473982,
	"gtTargets": 6986,
	"numBarcodesOnWhitelist": 345271,
	"percentageBarcodesOnWhitelist": 30.398819,
	"numReadsOnWhitelist": 354377551,
	"percentageReadsOnWhitelist": 97.099504
}
