{
  "ncells": 6394,
  "ngenes": 60623,
  "nvals": 11769062,
  "density": 0.03036209918583308,
  "avg_per_cell": 5149.5556771973725,
  "avg_per_gene": 543.1314682546229,
  "min_cell": 179,
  "max_cell": 38309,
  "total_counts": 32926259,
  "overdispersion": 1.0335875153984633
}
