{"ncells": 6401, "ngenes": 60623, "nvals": 11770103, "density": 0.030331578486912425, "avg_counts_per_cell": 5144.118887673801, "avg_counts_per_gene": 543.152021509988, "avg_nnzero_per_cell": 1838.791282612092, "avg_nnzero_per_gene": 194.1524338947264, "min_cell": 178, "max_cell": 38309, "total_counts": 32927505, "overdispersion": 1.0356987158159643, "s_index": 3808}