{"ncells": 6401, "ngenes": 60623, "nvals": 11770103, "density": 0.030331578486912425, "avg_per_cell": 5144.118887673801, "avg_per_gene": 543.152021509988, "min_cell": 178, "max_cell": 38309, "total_count": 32927505, "overdispersion": 1.0356987158159643, "s_index": 3808}