{
  "ncells": 247013,
  "ngenes": 63140,
  "nvals": 3455622,
  "density": 0.00022156534958813658,
  "avg_counts_per_cell": 24.538659908587807,
  "avg_counts_per_gene": 95.99885967690845,
  "avg_nnzero_per_cell": 13.989636172994944,
  "avg_nnzero_per_gene": 54.729521697814384,
  "min_cell": 0,
  "max_cell": 11508,
  "total_counts": 6061368,
  "overdispersion": 84.00138173249086,
  "s_index": 1534
}
