{
  "ncells": 3186,
  "ngenes": 63140,
  "nvals": 2491793,
  "density": 0.012386870933791148,
  "avg_counts_per_cell": 1567.635593220339,
  "avg_counts_per_gene": 79.1017896737409,
  "avg_nnzero_per_cell": 782.1070307595731,
  "avg_nnzero_per_gene": 39.4645707950586,
  "min_cell": 98,
  "max_cell": 11508,
  "total_counts": 4994487,
  "overdispersion": 0.44130803764439386,
  "s_index": 1534
}
