{
  "ncells": 2518,
  "ngenes": 60623,
  "nvals": 5785054,
  "density": 0.037897823364565,
  "avg_per_cell": 10044.875694996028,
  "avg_per_gene": 417.21783811424706,
  "min_cell": 197,
  "max_cell": 69826,
  "total_counts": 25292997,
  "overdispersion": 1.5537888811300284
}
