{
  "ncells": 650155,
  "ngenes": 63140,
  "nvals": 6163248,
  "density": 0.00015013714706714744,
  "avg_counts_per_cell": 12.256258892110344,
  "avg_counts_per_gene": 126.20316756414317,
  "avg_nnzero_per_cell": 9.479659465819688,
  "avg_nnzero_per_gene": 97.61241685144124,
  "min_cell": 0,
  "max_cell": 9482,
  "total_counts": 7968468,
  "overdispersion": 68.79833181252759,
  "s_index": 946
}
