{
  "ncells": 11591,
  "ngenes": 63140,
  "nvals": 3957518,
  "density": 0.005407511048557192,
  "avg_counts_per_cell": 480.1778966439479,
  "avg_counts_per_gene": 88.14922394678493,
  "avg_nnzero_per_cell": 341.4302476059011,
  "avg_nnzero_per_gene": 62.67846056382642,
  "min_cell": 74,
  "max_cell": 9482,
  "total_counts": 5565742,
  "overdispersion": 0.9337997070047287,
  "s_index": 946
}
