{
	"numRecords": 9733630,
	"numReads": 128226250,
	"numBarcodes": 287354,
	"medianReadsPerBarcode": 2.000000,
	"meanReadsPerBarcode": 446.230956,
	"numUMIs": 1002775,
	"numBarcodeUMIs": 4972715,
	"medianUMIsPerBarcode": 1.000000,
	"meanUMIsPerBarcode": 17.305188,
	"gtRecords": 4928566,
	"numTargets": 147613,
	"medianTargetsPerSet": 3.000000,
	"meanTargetsPerSet": 3.924695,
	"numSingleton": 33286162,
	"gtTargets": 8685,
	"numBarcodesOnWhitelist": 114705,
	"percentageBarcodesOnWhitelist": 39.917663,
	"numReadsOnWhitelist": 124884552,
	"percentageReadsOnWhitelist": 97.393905
}
