{
  "ncells": 1506,
  "ngenes": 60623,
  "nvals": 692510,
  "density": 0.007585140909291152,
  "avg_per_cell": 1308.0245683930943,
  "avg_per_gene": 32.49402042129225,
  "min_cell": 182,
  "max_cell": 16941,
  "total_counts": 1969885,
  "overdispersion": 0.9585686724875873
}
