{"ncells": 719, "ngenes": 60623, "nvals": 533468, "density": 0.01223889077383956, "avg_per_cell": 2354.161335187761, "avg_per_gene": 27.920789139435527, "min_cell": 903, "max_cell": 16941, "total_count": 1692642, "overdispersion": 0.31367006123522617, "s_index": 719}