{
  "ncells": 10604,
  "ngenes": 63140,
  "nvals": 19130325,
  "density": 0.02857248751285516,
  "avg_counts_per_cell": 4855.587797057714,
  "avg_counts_per_gene": 815.468055115616,
  "avg_nnzero_per_cell": 1804.0668615616748,
  "avg_nnzero_per_gene": 302.9826575863161,
  "min_cell": 407,
  "max_cell": 24232,
  "total_counts": 51488653,
  "overdispersion": 0.38048978164144365,
  "s_index": 4721
}
