{
  "ncells": 533793,
  "ngenes": 63140,
  "nvals": 21115673,
  "density": 0.000626509233483628,
  "avg_counts_per_cell": 100.72415337031396,
  "avg_counts_per_gene": 851.5338612606905,
  "avg_nnzero_per_cell": 39.55779300215627,
  "avg_nnzero_per_gene": 334.4262432689262,
  "min_cell": 0,
  "max_cell": 24232,
  "total_counts": 53765848,
  "overdispersion": 62.063647212969244,
  "s_index": 4721
}
