{
  "ncells": 1348,
  "ngenes": 60623,
  "nvals": 238149,
  "density": 0.0029142140380072376,
  "avg_per_cell": 424.97032640949556,
  "avg_per_gene": 9.449548851096118,
  "min_cell": 2,
  "max_cell": 2548,
  "total_counts": 572860,
  "overdispersion": 2.6639247158285437
}
