{"ncells": 1523, "ngenes": 60623, "nvals": 260095, "density": 0.002817050782697569, "avg_per_cell": 399.80892974392646, "avg_per_gene": 10.044191148573974, "min_cell": 173, "max_cell": 2548, "total_count": 608909, "overdispersion": 2.8832346068422874, "s_index": 436}