{"ncells": 6796, "ngenes": 60623, "nvals": 17700184, "density": 0.0429622469077868, "avg_counts_per_cell": 14605.69349617422, "avg_counts_per_gene": 1637.3371987529486, "avg_nnzero_per_cell": 2604.5002942907595, "avg_nnzero_per_gene": 291.9714299853191, "min_cell": 399, "max_cell": 108165, "total_counts": 99260293, "overdispersion": 1.6297257755818548, "s_index": 3695}