{"ncells": 4618, "ngenes": 60623, "nvals": 5223991, "density": 0.018659975420369356, "avg_counts_per_cell": 3703.777176266782, "avg_counts_per_gene": 282.1378519703743, "avg_nnzero_per_cell": 1131.2236899090515, "avg_nnzero_per_gene": 86.17176649126569, "min_cell": 294, "max_cell": 55007, "total_counts": 17104043, "overdispersion": 2.6206048526687686, "s_index": 1855}