{
  "ncells": 497552,
  "ngenes": 63140,
  "nvals": 15797953,
  "density": 0.0005028723576465026,
  "avg_counts_per_cell": 116.24451715599575,
  "avg_counts_per_gene": 916.0229965156794,
  "avg_nnzero_per_cell": 31.751360661800174,
  "avg_nnzero_per_gene": 250.20514729173266,
  "min_cell": 0,
  "max_cell": 117006,
  "total_counts": 57837692,
  "overdispersion": 233.78526965761012,
  "s_index": 4107
}
