{
  "ncells": 5713,
  "ngenes": 63140,
  "nvals": 12627955,
  "density": 0.03500775202136667,
  "avg_counts_per_cell": 9477.546823035183,
  "avg_counts_per_gene": 857.542366170415,
  "avg_nnzero_per_cell": 2210.3894626290917,
  "avg_nnzero_per_gene": 199.9992872980678,
  "min_cell": 259,
  "max_cell": 117006,
  "total_counts": 54145225,
  "overdispersion": 2.0747528021610666,
  "s_index": 4107
}
