{
  "ncells": 3725,
  "ngenes": 60623,
  "nvals": 5362338,
  "density": 0.023746001113494147,
  "avg_per_cell": 4843.575033557047,
  "avg_per_gene": 297.6150470943371,
  "min_cell": 316,
  "max_cell": 61529,
  "total_counts": 18042317,
  "overdispersion": 0.9933822027401696
}
