{"ncells": 2536, "ngenes": 60623, "nvals": 4813916, "density": 0.031312073985100344, "avg_per_cell": 6571.0595425867505, "avg_per_gene": 274.8825858172641, "min_cell": 2070, "max_cell": 61529, "total_count": 16664207, "overdispersion": 0.5530190828023102, "s_index": 2387}