{
  "ncells": 4921,
  "ngenes": 63140,
  "nvals": 2130933,
  "density": 0.006858226948085741,
  "avg_counts_per_cell": 976.0184921763869,
  "avg_counts_per_gene": 76.06884700665188,
  "avg_nnzero_per_cell": 433.0284495021337,
  "avg_nnzero_per_gene": 33.749334811529934,
  "min_cell": 99,
  "max_cell": 40280,
  "total_counts": 4802987,
  "overdispersion": 2.586949806852324,
  "s_index": 1270
}
