{
  "ncells": 428443,
  "ngenes": 63140,
  "nvals": 4983006,
  "density": 0.00018420176232101352,
  "avg_counts_per_cell": 20.035696697110232,
  "avg_counts_per_gene": 135.954292049414,
  "avg_nnzero_per_cell": 11.630499272948793,
  "avg_nnzero_per_gene": 78.919955654102,
  "min_cell": 0,
  "max_cell": 40280,
  "total_counts": 8584154,
  "overdispersion": 137.3399893410973,
  "s_index": 1270
}
