{
  "ncells": 4462,
  "ngenes": 63140,
  "nvals": 1648696,
  "density": 0.005852028611154455,
  "avg_counts_per_cell": 6138.356118332586,
  "avg_counts_per_gene": 433.7875356350966,
  "avg_nnzero_per_cell": 369.4970865082922,
  "avg_nnzero_per_gene": 26.111751662971177,
  "min_cell": 78,
  "max_cell": 53329,
  "total_counts": 27389345,
  "overdispersion": 0.8529041787659153,
  "s_index": 2960
}
