{
  "ncells": 332367,
  "ngenes": 63140,
  "nvals": 2175142,
  "density": 0.00010364900554976218,
  "avg_counts_per_cell": 84.55921015022551,
  "avg_counts_per_gene": 445.117057332911,
  "avg_nnzero_per_cell": 6.544398210411984,
  "avg_nnzero_per_gene": 34.44950902755781,
  "min_cell": 0,
  "max_cell": 53329,
  "total_counts": 28104691,
  "overdispersion": 131.22958199852172,
  "s_index": 2960
}
