{
  "ncells": 4081,
  "ngenes": 60623,
  "nvals": 11118545,
  "density": 0.044941124939406926,
  "avg_per_cell": 11837.017152658662,
  "avg_per_gene": 796.8405885554987,
  "min_cell": 323,
  "max_cell": 44225,
  "total_counts": 48306867,
  "overdispersion": 0.40360152427745344
}
