{
  "ncells": 302843,
  "ngenes": 63140,
  "nvals": 3048340,
  "density": 0.00015941944308111338,
  "avg_counts_per_cell": 17.542792800229822,
  "avg_counts_per_gene": 84.14178017104847,
  "avg_nnzero_per_cell": 10.0657436361415,
  "avg_nnzero_per_gene": 48.27906240101362,
  "min_cell": 0,
  "max_cell": 5448,
  "total_counts": 5312712,
  "overdispersion": 136.28064697082308,
  "s_index": 948
}
