{
  "ncells": 5073,
  "ngenes": 63140,
  "nvals": 1300073,
  "density": 0.00405880604997883,
  "avg_counts_per_cell": 642.4395821013208,
  "avg_counts_per_gene": 51.616978143807415,
  "avg_nnzero_per_cell": 256.2730139956633,
  "avg_nnzero_per_gene": 20.590323091542604,
  "min_cell": 72,
  "max_cell": 5448,
  "total_counts": 3259096,
  "overdispersion": 1.9381234137347711,
  "s_index": 948
}
