{"ncells": 1294, "ngenes": 60623, "nvals": 2541261, "density": 0.03239496917643976, "avg_counts_per_cell": 5311.66228748068, "avg_counts_per_gene": 113.37761245731818, "avg_nnzero_per_cell": 1963.8802163833075, "avg_nnzero_per_gene": 41.91909011431305, "min_cell": 383, "max_cell": 40703, "total_counts": 6873291, "overdispersion": 0.10307757222954599, "s_index": 1279}