{"ncells": 1294, "ngenes": 60623, "nvals": 2541261, "density": 0.03239496917643976, "avg_per_cell": 5311.66228748068, "avg_per_gene": 113.37761245731818, "min_cell": 383, "max_cell": 40703, "total_count": 6873291, "overdispersion": 0.10307757222954599, "s_index": 1279}