{
	"numRecords": 54813914,
	"numReads": 114215631,
	"numBarcodes": 720527,
	"medianReadsPerBarcode": 3.000000,
	"meanReadsPerBarcode": 158.516795,
	"numUMIs": 1048576,
	"numBarcodeUMIs": 29509102,
	"medianUMIsPerBarcode": 1.000000,
	"meanUMIsPerBarcode": 40.954887,
	"gtRecords": 25188140,
	"numTargets": 168739,
	"medianTargetsPerSet": 4.000000,
	"meanTargetsPerSet": 5.379004,
	"numSingleton": 17756402,
	"gtTargets": 7647,
	"numBarcodesOnWhitelist": 263567,
	"percentageBarcodesOnWhitelist": 36.579753,
	"numReadsOnWhitelist": 110503649,
	"percentageReadsOnWhitelist": 96.750023
}
