{
  "ncells": 1760,
  "ngenes": 60623,
  "nvals": 4784190,
  "density": 0.04483924867999394,
  "avg_per_cell": 11713.62784090909,
  "avg_per_gene": 340.0687032974284,
  "min_cell": 708,
  "max_cell": 56022,
  "total_counts": 20615985,
  "overdispersion": 0.8761413446073438
}
