{"ncells": 4301, "ngenes": 60623, "nvals": 5125346, "density": 0.01965695856550294, "avg_counts_per_cell": 4912.109509416415, "avg_counts_per_gene": 348.49781436088614, "avg_nnzero_per_cell": 1191.6637991164846, "avg_nnzero_per_gene": 84.54457879022813, "min_cell": 75, "max_cell": 56022, "total_counts": 21126983, "overdispersion": 3.3771877180270136, "s_index": 1452}