{
	"numRecords": 128547815,
	"numReads": 258150151,
	"numBarcodes": 1581844,
	"medianReadsPerBarcode": 3.000000,
	"meanReadsPerBarcode": 163.195708,
	"numUMIs": 1048576,
	"numBarcodeUMIs": 77773245,
	"medianUMIsPerBarcode": 1.000000,
	"meanUMIsPerBarcode": 49.166191,
	"gtRecords": 54796527,
	"numBarcodesOnWhitelist": 452017,
	"percentageBarcodesOnWhitelist": 28.575321,
	"numReadsOnWhitelist": 251104725,
	"percentageReadsOnWhitelist": 97.270803
}
