{
  "ncells": 4954,
  "ngenes": 60623,
  "nvals": 14966635,
  "density": 0.04983457295264496,
  "avg_per_cell": 10274.001009285426,
  "avg_per_gene": 839.5724559985484,
  "min_cell": 4243,
  "max_cell": 57856,
  "total_counts": 50897401,
  "overdispersion": 0.24057682508179618
}
