{
  "ncells": 321888,
  "ngenes": 63140,
  "nvals": 3367517,
  "density": 0.00016569157751653588,
  "avg_counts_per_cell": 13.948830027835768,
  "avg_counts_per_gene": 71.11119733924612,
  "avg_nnzero_per_cell": 10.461766204394076,
  "avg_nnzero_per_gene": 53.3341305036427,
  "min_cell": 0,
  "max_cell": 6871,
  "total_counts": 4489961,
  "overdispersion": 118.72304913668259,
  "s_index": 953
}
