{
  "ncells": 3600,
  "ngenes": 63140,
  "nvals": 1680692,
  "density": 0.0073940273818322595,
  "avg_counts_per_cell": 739.5016666666667,
  "avg_counts_per_gene": 42.16354133671207,
  "avg_nnzero_per_cell": 466.8588888888889,
  "avg_nnzero_per_gene": 26.618498574596135,
  "min_cell": 102,
  "max_cell": 6871,
  "total_counts": 2662206,
  "overdispersion": 1.1663830770765875,
  "s_index": 953
}
