{
	"numRecords": 84272030,
	"numReads": 190664153,
	"numBarcodes": 1192912,
	"medianReadsPerBarcode": 2.000000,
	"meanReadsPerBarcode": 159.830862,
	"numUMIs": 1048576,
	"numBarcodeUMIs": 48791935,
	"medianUMIsPerBarcode": 1.000000,
	"meanUMIsPerBarcode": 40.901538,
	"gtRecords": 35253148,
	"numBarcodesOnWhitelist": 255395,
	"percentageBarcodesOnWhitelist": 21.409375,
	"numReadsOnWhitelist": 184913679,
	"percentageReadsOnWhitelist": 96.983977
}
