{"ncells": 8175, "ngenes": 60623, "nvals": 13684529, "density": 0.02761243260031757, "avg_per_cell": 4576.443302752294, "avg_per_gene": 617.1325074641637, "min_cell": 189, "max_cell": 44954, "total_count": 37412424, "overdispersion": 0.9802832671717431, "s_index": 4201}