{"ncells": 12211, "ngenes": 60623, "nvals": 15283577, "density": 0.020646020486328204, "avg_per_cell": 3040.150929489804, "avg_per_gene": 612.3630140375765, "min_cell": 174, "max_cell": 27128, "total_count": 37123283, "overdispersion": 0.41180232790262217, "s_index": 3587}