{
	"numRecords": 77114157,
	"numReads": 291426346,
	"numBarcodes": 2512857,
	"medianReadsPerBarcode": 2.000000,
	"meanReadsPerBarcode": 115.974107,
	"numUMIs": 1048576,
	"numBarcodeUMIs": 46822342,
	"medianUMIsPerBarcode": 1.000000,
	"meanUMIsPerBarcode": 18.633110,
	"gtRecords": 25033431,
	"numBarcodesOnWhitelist": 557801,
	"percentageBarcodesOnWhitelist": 22.197881,
	"numReadsOnWhitelist": 281890735,
	"percentageReadsOnWhitelist": 96.727952
}
