{
  "ncells": 17365,
  "ngenes": 60623,
  "nvals": 10254602,
  "density": 0.009741068502939952,
  "avg_per_cell": 1582.753296861503,
  "avg_per_gene": 453.367715223595,
  "min_cell": 266,
  "max_cell": 28573,
  "total_counts": 27484511,
  "overdispersion": 0.9881184870480818
}
