{"ncells": 16842, "ngenes": 60623, "nvals": 10283754, "density": 0.010072113059576194, "avg_counts_per_cell": 1623.098266239164, "avg_counts_per_gene": 450.92161390891243, "avg_nnzero_per_cell": 610.6017100106876, "avg_nnzero_per_gene": 169.63452814938225, "min_cell": 378, "max_cell": 28573, "total_counts": 27336221, "overdispersion": 1.0512608168756346, "s_index": 2689}