{
  "ncells": 2133,
  "ngenes": 60623,
  "nvals": 2613407,
  "density": 0.020210579694311587,
  "avg_per_cell": 4219.8204406938585,
  "avg_per_gene": 148.47297230424095,
  "min_cell": 448,
  "max_cell": 49284,
  "total_counts": 9000877,
  "overdispersion": 0.9965974293927536
}
