{
	"numRecords": 314808220,
	"numReads": 1071924264,
	"numBarcodes": 4699937,
	"medianReadsPerBarcode": 2.000000,
	"meanReadsPerBarcode": 228.072049,
	"numUMIs": 16713931,
	"numBarcodeUMIs": 204605405,
	"medianUMIsPerBarcode": 1.000000,
	"meanUMIsPerBarcode": 43.533648,
	"gtRecords": 96438944,
	"numBarcodesOnWhitelist": 1669638,
	"percentageBarcodesOnWhitelist": 35.524689,
	"numReadsOnWhitelist": 1040798040,
	"percentageReadsOnWhitelist": 97.096229
}
