{"ncells": 10317, "ngenes": 60623, "nvals": 20474980, "density": 0.03273652911655856, "avg_counts_per_cell": 14613.12745953281, "avg_counts_per_gene": 2486.9049040793097, "avg_nnzero_per_cell": 1984.5866046331298, "avg_nnzero_per_gene": 337.7427708955347, "min_cell": 428, "max_cell": 363486, "total_counts": 150763636, "overdispersion": 3.786007492155691, "s_index": 3181}