{
	"numRecords": 111033570,
	"numReads": 343453164,
	"numBarcodes": 1314713,
	"medianReadsPerBarcode": 3.000000,
	"meanReadsPerBarcode": 261.238129,
	"numUMIs": 1048576,
	"numBarcodeUMIs": 57390615,
	"medianUMIsPerBarcode": 1.000000,
	"meanUMIsPerBarcode": 43.652580,
	"gtRecords": 43030434,
	"numTargets": 180649,
	"medianTargetsPerSet": 4.000000,
	"meanTargetsPerSet": 4.790039,
	"numSingleton": 56159558,
	"gtTargets": 6821,
	"numBarcodesOnWhitelist": 353428,
	"percentageBarcodesOnWhitelist": 26.882521,
	"numReadsOnWhitelist": 333273234,
	"percentageReadsOnWhitelist": 97.036006
}
