{"ncells": 6992, "ngenes": 60623, "nvals": 9440305, "density": 0.022271382771513075, "avg_per_cell": 5195.453232265446, "avg_per_gene": 599.2215660722828, "min_cell": 303, "max_cell": 72269, "total_count": 36326609, "overdispersion": 9.159433124078326, "s_index": 3485}