{"ncells": 6992, "ngenes": 60623, "nvals": 9440305, "density": 0.022271382771513075, "avg_counts_per_cell": 5195.453232265446, "avg_counts_per_gene": 599.2215660722828, "avg_nnzero_per_cell": 1350.1580377574371, "avg_nnzero_per_gene": 155.72150833841943, "min_cell": 303, "max_cell": 72269, "total_counts": 36326609, "overdispersion": 9.159433124078326, "s_index": 3485}