{
  "ncells": 4665,
  "ngenes": 63140,
  "nvals": 12674005,
  "density": 0.04302864286002863,
  "avg_counts_per_cell": 11726.675669882101,
  "avg_counts_per_gene": 866.4070636680393,
  "avg_nnzero_per_cell": 2716.828510182208,
  "avg_nnzero_per_gene": 200.72861894203356,
  "min_cell": 569,
  "max_cell": 77152,
  "total_counts": 54704942,
  "overdispersion": 1.5197515991694308,
  "s_index": 4018
}
