{
  "ncells": 478007,
  "ngenes": 63140,
  "nvals": 15644880,
  "density": 0.0005183622929398364,
  "avg_counts_per_cell": 122.2105471258789,
  "avg_counts_per_gene": 925.2058441558441,
  "avg_nnzero_per_cell": 32.72939517622127,
  "avg_nnzero_per_gene": 247.78080456129237,
  "min_cell": 0,
  "max_cell": 77152,
  "total_counts": 58417497,
  "overdispersion": 221.74064042971798,
  "s_index": 4018
}
