{
	"numRecords": 62041067,
	"numReads": 263233273,
	"numBarcodes": 981137,
	"medianReadsPerBarcode": 4.000000,
	"meanReadsPerBarcode": 268.294105,
	"numUMIs": 1048353,
	"numBarcodeUMIs": 23196603,
	"medianUMIsPerBarcode": 1.000000,
	"meanUMIsPerBarcode": 23.642573,
	"gtRecords": 20832803,
	"numBarcodesOnWhitelist": 285421,
	"percentageBarcodesOnWhitelist": 29.090841,
	"numReadsOnWhitelist": 255086152,
	"percentageReadsOnWhitelist": 96.904981
}
