{
  "ncells": 6192,
  "ngenes": 60623,
  "nvals": 5557115,
  "density": 0.014804065994174782,
  "avg_per_cell": 2282.186531007752,
  "avg_per_gene": 233.10128169176716,
  "min_cell": 276,
  "max_cell": 47419,
  "total_counts": 14131299,
  "overdispersion": 0.9122716123129856
}
