{"ncells": 8635, "ngenes": 60623, "nvals": 5893567, "density": 0.01125844625790149, "avg_per_cell": 1689.5606253618992, "avg_per_gene": 240.6571103376606, "min_cell": 64, "max_cell": 47419, "total_count": 14589356, "overdispersion": 1.38908924718997, "s_index": 2001}