{
  "ncells": 261245,
  "ngenes": 63140,
  "nvals": 3417406,
  "density": 0.0002071781796449184,
  "avg_counts_per_cell": 23.576918218530498,
  "avg_counts_per_gene": 97.55071270193221,
  "avg_nnzero_per_cell": 13.08123026278015,
  "avg_nnzero_per_gene": 54.12426354133671,
  "min_cell": 0,
  "max_cell": 54602,
  "total_counts": 6159352,
  "overdispersion": 261.13235454835785,
  "s_index": 466
}
