{
  "ncells": 304,
  "ngenes": 63140,
  "nvals": 417080,
  "density": 0.021729073237417268,
  "avg_counts_per_cell": 6563.598684210527,
  "avg_counts_per_gene": 31.601742160278746,
  "avg_nnzero_per_cell": 1371.9736842105262,
  "avg_nnzero_per_gene": 6.60563826417485,
  "min_cell": 151,
  "max_cell": 54602,
  "total_counts": 1995334,
  "overdispersion": 1.5126324064266194,
  "s_index": 299
}
