{
	"numRecords": 99214471,
	"numReads": 358973310,
	"numBarcodes": 4535986,
	"medianReadsPerBarcode": 2.000000,
	"meanReadsPerBarcode": 79.138981,
	"numUMIs": 1048576,
	"numBarcodeUMIs": 52287383,
	"medianUMIsPerBarcode": 1.000000,
	"meanUMIsPerBarcode": 11.527236,
	"gtRecords": 32665625,
	"numTargets": 187250,
	"medianTargetsPerSet": 2.000000,
	"meanTargetsPerSet": 3.772663,
	"numSingleton": 137456027,
	"gtTargets": 6142,
	"numBarcodesOnWhitelist": 292146,
	"percentageBarcodesOnWhitelist": 6.440628,
	"numReadsOnWhitelist": 317854128,
	"percentageReadsOnWhitelist": 88.545337
}
