{
  "ncells": 85238,
  "ngenes": 60623,
  "nvals": 14227453,
  "density": 0.0027533187003151646,
  "avg_per_cell": 453.3178863886999,
  "avg_per_gene": 637.3803671873711,
  "min_cell": 8,
  "max_cell": 57514,
  "total_counts": 38639910,
  "overdispersion": 15.09361396834692
}
