{"ncells": 14237, "ngenes": 60623, "nvals": 12485909, "density": 0.014466526143064599, "avg_counts_per_cell": 2569.4932218866334, "avg_counts_per_gene": 603.4322781782491, "avg_nnzero_per_cell": 877.0042143710051, "avg_nnzero_per_gene": 205.9599326988107, "min_cell": 93, "max_cell": 57514, "total_counts": 36581875, "overdispersion": 2.031706483755693, "s_index": 3917}