{"ncells": 14237, "ngenes": 60623, "nvals": 12485909, "density": 0.014466526143064599, "avg_per_cell": 2569.4932218866334, "avg_per_gene": 603.4322781782491, "min_cell": 93, "max_cell": 57514, "total_count": 36581875, "overdispersion": 2.031706483755693, "s_index": 3917}