{
	"numRecords": 4766183,
	"numReads": 22807491,
	"numBarcodes": 258751,
	"medianReadsPerBarcode": 4.000000,
	"meanReadsPerBarcode": 88.144552,
	"numUMIs": 960291,
	"numBarcodeUMIs": 3120907,
	"medianUMIsPerBarcode": 1.000000,
	"meanUMIsPerBarcode": 12.061430,
	"gtRecords": 1593187,
	"numBarcodesOnWhitelist": 146393,
	"percentageBarcodesOnWhitelist": 56.576786,
	"numReadsOnWhitelist": 21991684,
	"percentageReadsOnWhitelist": 96.423074
}
