{
  "ncells": 408,
  "ngenes": 60623,
  "nvals": 324243,
  "density": 0.013109104387676585,
  "avg_per_cell": 2460.5220588235293,
  "avg_per_gene": 16.559606090097816,
  "min_cell": 237,
  "max_cell": 18250,
  "total_counts": 1003893,
  "overdispersion": 0.8324270552169426
}
