{"ncells": 444, "ngenes": 60623, "nvals": 334456, "density": 0.012425635143085615, "avg_per_cell": 2299.7837837837837, "avg_per_gene": 16.843508239447075, "min_cell": 360, "max_cell": 18250, "total_count": 1021104, "overdispersion": 0.9601507691016579, "s_index": 414}