{"ncells": 444, "ngenes": 60623, "nvals": 334456, "density": 0.012425635143085615, "avg_counts_per_cell": 2299.7837837837837, "avg_counts_per_gene": 16.843508239447075, "avg_nnzero_per_cell": 753.2792792792793, "avg_nnzero_per_gene": 5.516982003530013, "min_cell": 360, "max_cell": 18250, "total_counts": 1021104, "overdispersion": 0.9601507691016579, "s_index": 414}