{"ncells": 4297, "ngenes": 60623, "nvals": 8380700, "density": 0.03217195976410188, "avg_per_cell": 5418.171747730975, "avg_per_gene": 384.04374577305646, "min_cell": 1364, "max_cell": 52044, "total_count": 23281884, "overdispersion": 1.558907479609055, "s_index": 2947}