{
  "ncells": 282041,
  "ngenes": 63140,
  "nvals": 7836231,
  "density": 0.00044003822730077804,
  "avg_counts_per_cell": 62.27938136653891,
  "avg_counts_per_gene": 278.1966898954704,
  "avg_nnzero_per_cell": 27.784013671771124,
  "avg_nnzero_per_gene": 124.10882166613874,
  "min_cell": 0,
  "max_cell": 19891,
  "total_counts": 17565339,
  "overdispersion": 87.55126857710066,
  "s_index": 2752
}
