{
  "ncells": 4982,
  "ngenes": 63140,
  "nvals": 7080624,
  "density": 0.02250936440555655,
  "avg_counts_per_cell": 3366.6553592934565,
  "avg_counts_per_gene": 265.64265125118783,
  "avg_nnzero_per_cell": 1421.2412685668405,
  "avg_nnzero_per_gene": 112.14165346848273,
  "min_cell": 188,
  "max_cell": 19891,
  "total_counts": 16772677,
  "overdispersion": 0.6438979244367227,
  "s_index": 2752
}
