{"ncells": 321, "ngenes": 60623, "nvals": 149362, "density": 0.007675340723576171, "avg_counts_per_cell": 1569.6043613707166, "avg_counts_per_gene": 8.31108655130891, "avg_nnzero_per_cell": 465.3021806853583, "avg_nnzero_per_gene": 2.463784372267951, "min_cell": 107, "max_cell": 62060, "total_counts": 503843, "overdispersion": 11.532602919591271, "s_index": 185}