{
	"numRecords": 5127055,
	"numReads": 13813495,
	"numBarcodes": 867880,
	"medianReadsPerBarcode": 3.000000,
	"meanReadsPerBarcode": 15.916365,
	"numUMIs": 995199,
	"numBarcodeUMIs": 4122860,
	"medianUMIsPerBarcode": 1.000000,
	"meanUMIsPerBarcode": 4.750495,
	"gtRecords": 2447459,
	"numBarcodesOnWhitelist": 214165,
	"percentageBarcodesOnWhitelist": 24.676799,
	"numReadsOnWhitelist": 9845868,
	"percentageReadsOnWhitelist": 71.277168
}
