{
  "ncells": 3341,
  "ngenes": 60623,
  "nvals": 1219528,
  "density": 0.006021128229050881,
  "avg_per_cell": 599.7674348997306,
  "avg_per_gene": 33.05384095145407,
  "min_cell": 2,
  "max_cell": 5778,
  "total_counts": 2003823,
  "overdispersion": 2.8284649526384094
}
