{"ncells": 2789, "ngenes": 60623, "nvals": 1146289, "density": 0.0067796642448331714, "avg_per_cell": 681.0803155252779, "avg_per_gene": 31.333536776470975, "min_cell": 249, "max_cell": 5778, "total_count": 1899533, "overdispersion": 2.495229684171771, "s_index": 776}