{"ncells": 5112, "ngenes": 60623, "nvals": 1286167, "density": 0.004150200640986572, "avg_counts_per_cell": 557.5152582159625, "avg_counts_per_gene": 47.012157102089965, "avg_nnzero_per_cell": 251.59761345852894, "avg_nnzero_per_gene": 21.215825676723355, "min_cell": 345, "max_cell": 2922, "total_counts": 2850018, "overdispersion": 1.6612167826631072, "s_index": 759}