{
  "ncells": 417088,
  "ngenes": 63140,
  "nvals": 8567408,
  "density": 0.00032532480412696135,
  "avg_counts_per_cell": 53.60570191422433,
  "avg_counts_per_gene": 354.10666772252137,
  "avg_nnzero_per_cell": 20.541008132576337,
  "avg_nnzero_per_gene": 135.68907190370604,
  "min_cell": 0,
  "max_cell": 42715,
  "total_counts": 22358295,
  "overdispersion": 31.346466005000543,
  "s_index": 2059
}
