{
  "ncells": 7006,
  "ngenes": 63140,
  "nvals": 4553618,
  "density": 0.01029394597381619,
  "avg_counts_per_cell": 2030.0482443619755,
  "avg_counts_per_gene": 225.2536902122268,
  "avg_nnzero_per_cell": 649.9597487867542,
  "avg_nnzero_per_gene": 72.11938549255622,
  "min_cell": 138,
  "max_cell": 42715,
  "total_counts": 14222518,
  "overdispersion": 1.4694472140175554,
  "s_index": 2059
}
