{
	"numRecords": 57879648,
	"numReads": 85980081,
	"numBarcodes": 1159864,
	"medianReadsPerBarcode": 1.000000,
	"meanReadsPerBarcode": 74.129451,
	"numUMIs": 1048576,
	"numBarcodeUMIs": 41596807,
	"medianUMIsPerBarcode": 1.000000,
	"meanUMIsPerBarcode": 35.863521,
	"gtRecords": 35454202,
	"numTargets": 170854,
	"medianTargetsPerSet": 4.000000,
	"meanTargetsPerSet": 5.128580,
	"numSingleton": 18711799,
	"gtTargets": 7668,
	"numBarcodesOnWhitelist": 374033,
	"percentageBarcodesOnWhitelist": 32.248005,
	"numReadsOnWhitelist": 82065846,
	"percentageReadsOnWhitelist": 95.447510
}
