{
  "ncells": 5798,
  "ngenes": 63140,
  "nvals": 18082007,
  "density": 0.049392822533476585,
  "avg_counts_per_cell": 13711.712487064506,
  "avg_counts_per_gene": 1259.1148083623693,
  "avg_nnzero_per_cell": 3118.6628147637116,
  "avg_nnzero_per_gene": 286.3795850490973,
  "min_cell": 231,
  "max_cell": 154630,
  "total_counts": 79500509,
  "overdispersion": 29.691236666818664,
  "s_index": 3262
}
