{
  "ncells": 548002,
  "ngenes": 63140,
  "nvals": 35036556,
  "density": 0.001012592458475556,
  "avg_counts_per_cell": 179.1174046810048,
  "avg_counts_per_gene": 1554.5881533101044,
  "avg_nnzero_per_cell": 63.935087828146614,
  "avg_nnzero_per_gene": 554.9026924295217,
  "min_cell": 0,
  "max_cell": 154630,
  "total_counts": 98156696,
  "overdispersion": 1969.462162751534,
  "s_index": 3262
}
