{
	"numRecords": 96680940,
	"numReads": 416541815,
	"numBarcodes": 2643818,
	"medianReadsPerBarcode": 3.000000,
	"meanReadsPerBarcode": 157.553135,
	"numUMIs": 1048574,
	"numBarcodeUMIs": 48412476,
	"medianUMIsPerBarcode": 1.000000,
	"meanUMIsPerBarcode": 18.311577,
	"gtRecords": 29522450,
	"numTargets": 184059,
	"medianTargetsPerSet": 2.000000,
	"meanTargetsPerSet": 3.740215,
	"numSingleton": 154173443,
	"gtTargets": 5533,
	"numBarcodesOnWhitelist": 265655,
	"percentageBarcodesOnWhitelist": 10.048158,
	"numReadsOnWhitelist": 376170183,
	"percentageReadsOnWhitelist": 90.307904
}
