{"ncells": 9200, "ngenes": 60623, "nvals": 11280911, "density": 0.02022641535821173, "avg_per_cell": 3515.7427173913043, "avg_per_gene": 533.5406198967389, "min_cell": 154, "max_cell": 44737, "total_count": 32344833, "overdispersion": 2.6134932446360297, "s_index": 3577}