{
  "ncells": 66,
  "ngenes": 60623,
  "nvals": 8733,
  "density": 0.0021826399521333788,
  "avg_per_cell": 213.3181818181818,
  "avg_per_gene": 0.23223858931428665,
  "min_cell": 67,
  "max_cell": 519,
  "total_counts": 14079,
  "overdispersion": 0.4437838361383716
}
