{"ncells": 13, "ngenes": 60623, "nvals": 2670, "density": 0.003387899236009689, "avg_per_cell": 341.46153846153845, "avg_per_gene": 0.07322303416195174, "min_cell": 309, "max_cell": 370, "total_count": 4439, "overdispersion": 0.18983074829590063, "s_index": 13}