{"ncells": 13, "ngenes": 60623, "nvals": 2670, "density": 0.003387899236009689, "avg_counts_per_cell": 341.46153846153845, "avg_counts_per_gene": 0.07322303416195174, "avg_nnzero_per_cell": 205.3846153846154, "avg_nnzero_per_gene": 0.04404269006812596, "min_cell": 309, "max_cell": 370, "total_counts": 4439, "overdispersion": 0.18983074829590063, "s_index": 13}