{
  "ncells": 67307,
  "ngenes": 63140,
  "nvals": 2125646,
  "density": 0.000500179777042583,
  "avg_counts_per_cell": 319.4112796588765,
  "avg_counts_per_gene": 340.4912100095027,
  "avg_nnzero_per_cell": 31.58135112246869,
  "avg_nnzero_per_gene": 33.66560025340513,
  "min_cell": 83,
  "max_cell": 46721,
  "total_counts": 21498615,
  "overdispersion": 0.34535054978692564,
  "s_index": 961
}
