{
  "ncells": 519190,
  "ngenes": 63140,
  "nvals": 3085314,
  "density": 0.00009411708619996953,
  "avg_counts_per_cell": 43.67926192723281,
  "avg_counts_per_gene": 359.16750079189103,
  "avg_nnzero_per_cell": 5.942552822666076,
  "avg_nnzero_per_gene": 48.86464998416218,
  "min_cell": 0,
  "max_cell": 46721,
  "total_counts": 22677836,
  "overdispersion": 8.288343661883236,
  "s_index": 961
}
