{
	"numRecords": 84849862,
	"numReads": 106307487,
	"numBarcodes": 1521292,
	"medianReadsPerBarcode": 1.000000,
	"meanReadsPerBarcode": 69.879738,
	"numUMIs": 1048576,
	"numBarcodeUMIs": 75069347,
	"medianUMIsPerBarcode": 1.000000,
	"meanUMIsPerBarcode": 49.345784,
	"gtRecords": 57368156,
	"numBarcodesOnWhitelist": 416288,
	"percentageBarcodesOnWhitelist": 27.364109,
	"numReadsOnWhitelist": 102688374,
	"percentageReadsOnWhitelist": 96.595618
}
