{
	"numRecords": 16432804,
	"numReads": 62231403,
	"numBarcodes": 386757,
	"medianReadsPerBarcode": 2.000000,
	"meanReadsPerBarcode": 160.905693,
	"numUMIs": 1038734,
	"numBarcodeUMIs": 7512017,
	"medianUMIsPerBarcode": 1.000000,
	"meanUMIsPerBarcode": 19.423093,
	"gtRecords": 8014958,
	"numTargets": 146265,
	"medianTargetsPerSet": 4.000000,
	"meanTargetsPerSet": 4.846267,
	"numSingleton": 11807187,
	"gtTargets": 6789,
	"numBarcodesOnWhitelist": 120813,
	"percentageBarcodesOnWhitelist": 31.237444,
	"numReadsOnWhitelist": 59413619,
	"percentageReadsOnWhitelist": 95.472087
}
