{
  "ncells": 827,
  "ngenes": 60623,
  "nvals": 1246093,
  "density": 0.024854642607439588,
  "avg_per_cell": 4244.467956469166,
  "avg_per_gene": 57.90170397373934,
  "min_cell": 2583,
  "max_cell": 24127,
  "total_counts": 3510175,
  "overdispersion": 0.10081745180822378
}
