{"ncells": 12781, "ngenes": 60623, "nvals": 11391964, "density": 0.014702674578669955, "avg_counts_per_cell": 3028.215084891636, "avg_counts_per_gene": 638.4312389687083, "avg_nnzero_per_cell": 891.3202409827087, "avg_nnzero_per_gene": 187.9148837899807, "min_cell": 200, "max_cell": 97989, "total_counts": 38703617, "overdispersion": 2.20291024055972, "s_index": 3649}