{
  "ncells": 5896,
  "ngenes": 63140,
  "nvals": 13667523,
  "density": 0.03671366670692382,
  "avg_counts_per_cell": 15460.524762550882,
  "avg_counts_per_gene": 1443.7005701615458,
  "avg_nnzero_per_cell": 2318.1009158751694,
  "avg_nnzero_per_gene": 216.4637789040228,
  "min_cell": 7,
  "max_cell": 103944,
  "total_counts": 91155254,
  "overdispersion": 2.43190819590528,
  "s_index": 4180
}
