{
  "ncells": 465158,
  "ngenes": 63140,
  "nvals": 16860377,
  "density": 0.0005740665067094828,
  "avg_counts_per_cell": 208.5928458717253,
  "avg_counts_per_gene": 1536.7220620842572,
  "avg_nnzero_per_cell": 36.246559233636745,
  "avg_nnzero_per_gene": 267.0316281279696,
  "min_cell": 0,
  "max_cell": 103944,
  "total_counts": 97028631,
  "overdispersion": 211.6269146542923,
  "s_index": 4180
}
