{
	"numRecords": 8893904,
	"numReads": 44931211,
	"numBarcodes": 1253459,
	"medianReadsPerBarcode": 6.000000,
	"meanReadsPerBarcode": 35.845776,
	"numUMIs": 1037857,
	"numBarcodeUMIs": 7541400,
	"medianUMIsPerBarcode": 1.000000,
	"meanUMIsPerBarcode": 6.016471,
	"gtRecords": 2707130,
	"numBarcodesOnWhitelist": 137643,
	"percentageBarcodesOnWhitelist": 10.981053,
	"numReadsOnWhitelist": 22515292,
	"percentageReadsOnWhitelist": 50.110583
}
