{"ncells": 8675, "ngenes": 60623, "nvals": 1776560, "density": 0.0033781036586441235, "avg_counts_per_cell": 424.57118155619594, "avg_counts_per_gene": 60.75507645613051, "avg_nnzero_per_cell": 204.7907780979827, "avg_nnzero_per_gene": 29.305049238737773, "min_cell": 45, "max_cell": 7257, "total_counts": 3683155, "overdispersion": 3.5100796450905514, "s_index": 1034}