{
  "ncells": 10985,
  "ngenes": 60623,
  "nvals": 4699669,
  "density": 0.0070571571103864635,
  "avg_per_cell": 1172.6380518889396,
  "avg_per_gene": 212.48418916912723,
  "min_cell": 188,
  "max_cell": 28784,
  "total_counts": 12881429,
  "overdispersion": 2.5246422470313186
}
