{"ncells": 3790, "ngenes": 60623, "nvals": 2946338, "density": 0.012823481008562065, "avg_per_cell": 2400.1604221635885, "avg_per_gene": 150.05209244016297, "min_cell": 922, "max_cell": 28784, "total_count": 9096608, "overdispersion": 1.348223962054843, "s_index": 1700}