{
	"numRecords": 145229769,
	"numReads": 291969258,
	"numBarcodes": 2600721,
	"medianReadsPerBarcode": 1.000000,
	"meanReadsPerBarcode": 112.264737,
	"numUMIs": 1048576,
	"numBarcodeUMIs": 101188769,
	"medianUMIsPerBarcode": 1.000000,
	"meanUMIsPerBarcode": 38.907968,
	"gtRecords": 65816959,
	"numBarcodesOnWhitelist": 475407,
	"percentageBarcodesOnWhitelist": 18.279815,
	"numReadsOnWhitelist": 276786536,
	"percentageReadsOnWhitelist": 94.799890
}
