{
	"numRecords": 15169540,
	"numReads": 26294869,
	"numBarcodes": 642161,
	"medianReadsPerBarcode": 1.000000,
	"meanReadsPerBarcode": 40.947471,
	"numUMIs": 1048267,
	"numBarcodeUMIs": 13208115,
	"medianUMIsPerBarcode": 1.000000,
	"meanUMIsPerBarcode": 20.568230,
	"gtRecords": 7531794,
	"numBarcodesOnWhitelist": 171776,
	"percentageBarcodesOnWhitelist": 26.749678,
	"numReadsOnWhitelist": 24614820,
	"percentageReadsOnWhitelist": 93.610734
}
