{
  "ncells": 416033,
  "ngenes": 63140,
  "nvals": 13811404,
  "density": 0.0005257817057455606,
  "avg_counts_per_cell": 58.535250809430984,
  "avg_counts_per_gene": 385.6920494140006,
  "avg_nnzero_per_cell": 33.197856900774696,
  "avg_nnzero_per_gene": 218.7425403864428,
  "min_cell": 0,
  "max_cell": 43173,
  "total_counts": 24352596,
  "overdispersion": 43.898966782533826,
  "s_index": 2150
}
