{
  "ncells": 12877,
  "ngenes": 63140,
  "nvals": 9745750,
  "density": 0.011986599459632302,
  "avg_counts_per_cell": 1495.879940980042,
  "avg_counts_per_gene": 305.0751662971175,
  "avg_nnzero_per_cell": 756.8338898811835,
  "avg_nnzero_per_gene": 154.35144124168514,
  "min_cell": 172,
  "max_cell": 43173,
  "total_counts": 19262446,
  "overdispersion": 1.179204784398271,
  "s_index": 2150
}
