{
  "ncells": 9099,
  "ngenes": 63140,
  "nvals": 6743594,
  "density": 0.011737974805210818,
  "avg_counts_per_cell": 1521.8782283767448,
  "avg_counts_per_gene": 219.31533101045295,
  "avg_nnzero_per_cell": 741.1357292010111,
  "avg_nnzero_per_gene": 106.80383275261325,
  "min_cell": 28,
  "max_cell": 29004,
  "total_counts": 13847570,
  "overdispersion": 1.2002061941891888,
  "s_index": 1905
}
