{
  "ncells": 391190,
  "ngenes": 63140,
  "nvals": 11098565,
  "density": 0.0004493394071254995,
  "avg_counts_per_cell": 47.7351926173982,
  "avg_counts_per_gene": 295.74802027241054,
  "avg_nnzero_per_cell": 28.371290165904036,
  "avg_nnzero_per_gene": 175.77708267342413,
  "min_cell": 0,
  "max_cell": 29004,
  "total_counts": 18673530,
  "overdispersion": 78.80085885453079,
  "s_index": 1905
}
