{"ncells": 2771, "ngenes": 60623, "nvals": 8579470, "density": 0.05107242861239194, "avg_counts_per_cell": 14841.576687116565, "avg_counts_per_gene": 678.3895386239546, "avg_nnzero_per_cell": 3096.1638397690363, "avg_nnzero_per_gene": 141.52169968493806, "min_cell": 331, "max_cell": 68877, "total_counts": 41126009, "overdispersion": 0.3374657702928813, "s_index": 2631}