{
  "ncells": 461867,
  "ngenes": 63140,
  "nvals": 24948194,
  "density": 0.0008554952481054743,
  "avg_counts_per_cell": 145.54745413722998,
  "avg_counts_per_gene": 1064.6747861894203,
  "avg_nnzero_per_cell": 54.01596996537965,
  "avg_nnzero_per_gene": 395.1250237567311,
  "min_cell": 0,
  "max_cell": 84335,
  "total_counts": 67223566,
  "overdispersion": 33.76154246458024,
  "s_index": 3374
}
