{
  "ncells": 31498,
  "ngenes": 63140,
  "nvals": 22469828,
  "density": 0.011298276315335084,
  "avg_counts_per_cell": 2020.0708933900564,
  "avg_counts_per_gene": 1007.7319132087425,
  "avg_nnzero_per_cell": 713.3731665502571,
  "avg_nnzero_per_gene": 355.87310738042447,
  "min_cell": 2,
  "max_cell": 84335,
  "total_counts": 63628193,
  "overdispersion": 1.7958185688646948,
  "s_index": 3374
}
