{
  "ncells": 5203,
  "ngenes": 60623,
  "nvals": 3162212,
  "density": 0.010025354361658877,
  "avg_per_cell": 1410.4995195079762,
  "avg_per_gene": 121.0568431123501,
  "min_cell": 391,
  "max_cell": 17454,
  "total_counts": 7338829,
  "overdispersion": 1.221584300921919
}
