{"ncells": 2084, "ngenes": 60623, "nvals": 1937940, "density": 0.015339287525182778, "avg_per_cell": 2472.749040307102, "avg_per_gene": 85.00418982894281, "min_cell": 1037, "max_cell": 17454, "total_count": 5153209, "overdispersion": 0.9590762476393317, "s_index": 1385}