{
  "ncells": 260502,
  "ngenes": 63140,
  "nvals": 3399701,
  "density": 0.00020669267385878897,
  "avg_counts_per_cell": 21.63019861651734,
  "avg_counts_per_gene": 89.24152676591702,
  "avg_nnzero_per_cell": 13.050575427443935,
  "avg_nnzero_per_gene": 53.84385492556224,
  "min_cell": 0,
  "max_cell": 16845,
  "total_counts": 5634710,
  "overdispersion": 272.1716750664454,
  "s_index": 873
}
