{
  "ncells": 2721,
  "ngenes": 63140,
  "nvals": 1126141,
  "density": 0.006554803108706354,
  "avg_counts_per_cell": 1041.86144799706,
  "avg_counts_per_gene": 44.898717136522016,
  "avg_nnzero_per_cell": 413.8702682837192,
  "avg_nnzero_per_gene": 17.83561925878999,
  "min_cell": 77,
  "max_cell": 16845,
  "total_counts": 2834905,
  "overdispersion": 3.662165286181465,
  "s_index": 873
}
