{
  "ncells": 3505,
  "ngenes": 60623,
  "nvals": 2830797,
  "density": 0.013322424884384615,
  "avg_per_cell": 2422.912410841655,
  "avg_per_gene": 140.0839285419725,
  "min_cell": 267,
  "max_cell": 20891,
  "total_counts": 8492308,
  "overdispersion": 2.1127146407054735
}
