{"ncells": 5565, "ngenes": 60623, "nvals": 3102432, "density": 0.009196015158507133, "avg_per_cell": 1615.0943396226414, "avg_per_gene": 148.2605611731521, "min_cell": 100, "max_cell": 20891, "total_count": 8988000, "overdispersion": 3.225666500025075, "s_index": 1698}