{
  "ncells": 3840,
  "ngenes": 63140,
  "nvals": 8311280,
  "density": 0.034279313166508285,
  "avg_counts_per_cell": 9578.8953125,
  "avg_counts_per_gene": 582.5618942033576,
  "avg_nnzero_per_cell": 2164.3958333333335,
  "avg_nnzero_per_gene": 131.63256255939183,
  "min_cell": 207,
  "max_cell": 97653,
  "total_counts": 36782958,
  "overdispersion": 9.144770801394431,
  "s_index": 3082
}
