{
  "ncells": 382519,
  "ngenes": 63140,
  "nvals": 9921841,
  "density": 0.0004108040095508022,
  "avg_counts_per_cell": 101.09291303177098,
  "avg_counts_per_gene": 612.4478935698448,
  "avg_nnzero_per_cell": 25.938165163037652,
  "avg_nnzero_per_gene": 157.1403389293633,
  "min_cell": 0,
  "max_cell": 97653,
  "total_counts": 38669960,
  "overdispersion": 915.8063000126031,
  "s_index": 3082
}
