{
	"numRecords": 112398474,
	"numReads": 126877697,
	"numBarcodes": 1713174,
	"medianReadsPerBarcode": 1.000000,
	"meanReadsPerBarcode": 74.060018,
	"numUMIs": 1048576,
	"numBarcodeUMIs": 102663888,
	"medianUMIsPerBarcode": 1.000000,
	"meanUMIsPerBarcode": 59.926130,
	"gtRecords": 89906460,
	"numBarcodesOnWhitelist": 516438,
	"percentageBarcodesOnWhitelist": 30.145099,
	"numReadsOnWhitelist": 123123181,
	"percentageReadsOnWhitelist": 97.040838
}
