{
  "ncells": 9240,
  "ngenes": 60623,
  "nvals": 17861129,
  "density": 0.03188596108816157,
  "avg_per_cell": 7673.07683982684,
  "avg_per_gene": 1169.5104168384937,
  "min_cell": 329,
  "max_cell": 50112,
  "total_counts": 70899230,
  "overdispersion": 1.7727098528006393
}
