{
	"numRecords": 87362472,
	"numReads": 175149529,
	"numBarcodes": 2562016,
	"medianReadsPerBarcode": 2.000000,
	"meanReadsPerBarcode": 68.363948,
	"numUMIs": 1048558,
	"numBarcodeUMIs": 70722904,
	"medianUMIsPerBarcode": 1.000000,
	"meanUMIsPerBarcode": 27.604396,
	"gtRecords": 33539582,
	"numBarcodesOnWhitelist": 16226,
	"percentageBarcodesOnWhitelist": 0.633329,
	"numReadsOnWhitelist": 2393526,
	"percentageReadsOnWhitelist": 1.366561
}
