{
  "ncells": 116,
  "ngenes": 60623,
  "nvals": 311704,
  "density": 0.04432481810989001,
  "avg_per_cell": 7102.060344827586,
  "avg_per_gene": 13.58954522211042,
  "min_cell": 575,
  "max_cell": 31354,
  "total_counts": 823839,
  "overdispersion": 1.2085262138701511
}
