{"ncells": 156, "ngenes": 60623, "nvals": 320752, "density": 0.03391621272623532, "avg_per_cell": 5391.826923076923, "avg_per_gene": 13.874684525675073, "min_cell": 194, "max_cell": 31354, "total_count": 841125, "overdispersion": 1.9588912254184938, "s_index": 156}