{
  "ncells": 514219,
  "ngenes": 63140,
  "nvals": 18098161,
  "density": 0.0005574189775269708,
  "avg_counts_per_cell": 95.73240973204024,
  "avg_counts_per_gene": 779.6551156160913,
  "avg_nnzero_per_cell": 35.195434241052936,
  "avg_nnzero_per_gene": 286.6354292049414,
  "min_cell": 0,
  "max_cell": 21555,
  "total_counts": 49227424,
  "overdispersion": 63.848056077434734,
  "s_index": 4021
}
