{
  "ncells": 13804,
  "ngenes": 63140,
  "nvals": 16657185,
  "density": 0.019111381459074952,
  "avg_counts_per_cell": 3433.87337003767,
  "avg_counts_per_gene": 750.7315172632245,
  "avg_nnzero_per_cell": 1206.6926253259924,
  "avg_nnzero_per_gene": 263.8135096610706,
  "min_cell": 0,
  "max_cell": 21555,
  "total_counts": 47401188,
  "overdispersion": 1.0534860514237403,
  "s_index": 4021
}
