{
	"numRecords": 138782972,
	"numReads": 314078790,
	"numBarcodes": 1774206,
	"medianReadsPerBarcode": 2.000000,
	"meanReadsPerBarcode": 177.024985,
	"numUMIs": 1048576,
	"numBarcodeUMIs": 87200868,
	"medianUMIsPerBarcode": 1.000000,
	"meanUMIsPerBarcode": 49.149235,
	"gtRecords": 52627928,
	"numBarcodesOnWhitelist": 476127,
	"percentageBarcodesOnWhitelist": 26.836061,
	"numReadsOnWhitelist": 302084325,
	"percentageReadsOnWhitelist": 96.181065
}
