barcodes	label_id	label	ent	SLC6A8	CALB2	MAP2	GFAP	GLUL	SLC1A3	CD44	CRX	PRPH	RCVRN	RHO	CTBP2	SEPTIN4	PVALB	ARR3	GNGT2	PDE6H	OPN1LW	RBPMS	NEFH	TUBB3	mahalanobis_0	mahalanobis_1	mahalanobis_2	mahalanobis_3	mahalanobis_4	mahalanobis_5	mahalanobis_6	mahalanobis_7	mahalanobis_8	mahalanobis_9	mahalanobis_10
ACTGATGAGACTAGAT	6	Retinal cone cell	0.0	11	0	0	0	0	0	0	0	0	9	0	0	11	0	11	11	11	11	0	0	0	0.0	0.0	0.0	0.0	0.0	0.0	1.0	0.0	0.0	0.0	0.0
ATAGACCCACCTCGTT	9	Retinal progenitor cell	0.0	0	0	0	0	0	0	0	0	0	10	0	0	0	0	0	0	0	0	0	0	0	0.0	0.0	0.0	0.0	0.0	0.0	0.0	0.0	0.0	1.0	0.0
ATCCACCGTCGAGTTT	2	Mueller cell	0.0	10	0	11	11	9	11	0	0	0	0	0	0	0	7	0	0	0	0	0	0	0	0.0	0.0	1.0	0.0	0.0	0.0	0.0	0.0	0.0	0.0	0.0
ATTTCTGGTCATGCAT	3	Muller glia precursor cell	0.0	0	0	0	0	8	0	11	0	0	0	0	11	0	0	0	0	0	0	9	0	0	0.0	0.0	0.0	1.0	0.0	0.0	0.0	0.0	0.0	0.0	0.0
CTAACTTCACCAGTTA	9	Retinal progenitor cell	0.0	0	0	0	0	11	0	0	0	9	0	0	0	0	9	0	0	0	0	11	0	0	0.0	0.0	0.0	0.0	0.0	0.0	0.0	0.0	0.0	1.0	0.0
CTCTGGTTCCGTAGTA	4	Photoreceptor cell	0.0	0	0	0	0	0	0	0	11	0	8	11	0	0	0	0	0	0	0	0	0	0	0.0	0.0	0.0	0.0	1.0	0.0	0.0	0.0	0.0	0.0	0.0
GGGAGATTCCAAATGC	9	Retinal progenitor cell	0.0	0	0	0	0	0	0	0	0	0	0	0	0	0	11	0	0	0	0	0	0	0	0.0	0.0	0.0	0.0	0.0	0.0	0.0	0.0	0.0	1.0	0.0
TACTTACCACTGTCGG	7	Retinal ganglion cell	0.0	9	11	10	0	7	0	0	0	8	0	0	0	10	8	0	0	9	0	10	11	11	0.0	0.0	0.0	0.0	0.0	0.0	0.0	1.0	0.0	0.0	0.0
TACTTGTTCTAAGCCA	9	Retinal progenitor cell	0.0	0	0	0	0	0	0	0	0	10	0	0	0	0	10	0	0	0	0	0	0	0	0.0	0.0	0.0	0.0	0.0	0.0	0.0	0.0	0.0	1.0	0.0
TGAGGGACAGCATACT	9	Retinal progenitor cell	0.0	0	0	0	0	0	0	0	0	0	11	0	0	0	0	0	0	0	0	0	0	0	0.0	0.0	0.0	0.0	0.0	0.0	0.0	0.0	0.0	1.0	0.0
TGGGAAGCACGGCGTT	5	Retina horizontal cell	1.6094379124341	0	0	0	0	10	0	0	0	0	0	0	0	0	0	0	0	10	0	0	0	0	0.19999999823243914	0.19999999823243914	0.0	0.0	0.0	0.20000000707023802	0.0	0.0	0.19999999823243914	0.0	0.19999999823243914
TTTCCTCTCATAGCAC	9	Retinal progenitor cell	0.0	0	0	0	0	0	0	0	0	11	0	0	0	0	0	0	0	0	0	0	0	0	0.0	0.0	0.0	0.0	0.0	0.0	0.0	0.0	0.0	1.0	0.0
