{
  "ncells": 6044,
  "ngenes": 60623,
  "nvals": 1935338,
  "density": 0.005281958007759995,
  "avg_per_cell": 859.0936465916611,
  "avg_per_gene": 85.65003381554855,
  "min_cell": 18,
  "max_cell": 12922,
  "total_counts": 5192362,
  "overdispersion": 1.2199716018444693
}
