{"ncells": 2935, "ngenes": 60623, "nvals": 1565986, "density": 0.008801209227267997, "avg_per_cell": 1400.2732538330495, "avg_per_gene": 67.7927849166158, "min_cell": 526, "max_cell": 12922, "total_count": 4109802, "overdispersion": 0.6105816925988553, "s_index": 1198}