{
	"numRecords": 64745930,
	"numReads": 87331640,
	"numBarcodes": 1023120,
	"medianReadsPerBarcode": 1.000000,
	"meanReadsPerBarcode": 85.358159,
	"numUMIs": 1048576,
	"numBarcodeUMIs": 53519512,
	"medianUMIsPerBarcode": 1.000000,
	"meanUMIsPerBarcode": 52.310102,
	"gtRecords": 40219546,
	"numTargets": 172561,
	"medianTargetsPerSet": 3.000000,
	"meanTargetsPerSet": 4.444088,
	"numSingleton": 21515467,
	"gtTargets": 8557,
	"numBarcodesOnWhitelist": 378941,
	"percentageBarcodesOnWhitelist": 37.037786,
	"numReadsOnWhitelist": 84356377,
	"percentageReadsOnWhitelist": 96.593144
}
