{"ncells": 2324, "ngenes": 60623, "nvals": 6985699, "density": 0.0495834019813149, "avg_counts_per_cell": 16631.236660929433, "avg_counts_per_gene": 637.5632020850172, "avg_nnzero_per_cell": 3005.894578313253, "avg_nnzero_per_gene": 115.23182620457582, "min_cell": 239, "max_cell": 80241, "total_counts": 38650994, "overdispersion": 1.4285776813146198, "s_index": 1548}