{
  "ncells": 1274241,
  "ngenes": 63140,
  "nvals": 12791142,
  "density": 0.0001589839078692558,
  "avg_counts_per_cell": 45.0965853398219,
  "avg_counts_per_gene": 910.103230915426,
  "avg_nnzero_per_cell": 10.038243942864812,
  "avg_nnzero_per_gene": 202.5838137472284,
  "min_cell": 0,
  "max_cell": 144733,
  "total_counts": 57463918,
  "overdispersion": 817.3598568811799,
  "s_index": 2071
}
