{
  "ncells": 2167,
  "ngenes": 63140,
  "nvals": 9488398,
  "density": 0.06934727568288634,
  "avg_counts_per_cell": 24795.046146746656,
  "avg_counts_per_gene": 850.9798067785873,
  "avg_nnzero_per_cell": 4378.5869866174435,
  "avg_nnzero_per_gene": 150.2755464048147,
  "min_cell": 3,
  "max_cell": 144733,
  "total_counts": 53730865,
  "overdispersion": 0.5584308664640619,
  "s_index": 2071
}
