{
  "ncells": 9212,
  "ngenes": 60623,
  "nvals": 935417,
  "density": 0.001674996504130591,
  "avg_per_cell": 171.64698219713418,
  "avg_per_gene": 26.08270788314666,
  "min_cell": 0,
  "max_cell": 1810,
  "total_counts": 1581212,
  "overdispersion": 2.9496398432446758
}
