{"ncells": 2779, "ngenes": 60623, "nvals": 422660, "density": 0.0025087950134562074, "avg_per_cell": 284.7175242893127, "avg_per_gene": 13.051647064645431, "min_cell": 180, "max_cell": 1810, "total_count": 791230, "overdispersion": 2.0628109647996093, "s_index": 389}