{"ncells": 2779, "ngenes": 60623, "nvals": 422660, "density": 0.0025087950134562074, "avg_counts_per_cell": 284.7175242893127, "avg_counts_per_gene": 13.051647064645431, "avg_nnzero_per_cell": 152.09068010075566, "avg_nnzero_per_gene": 6.971941342394801, "min_cell": 180, "max_cell": 1810, "total_counts": 791230, "overdispersion": 2.0628109647996093, "s_index": 389}