{
  "ncells": 68731,
  "ngenes": 63140,
  "nvals": 198906,
  "density": 0.00004583430427770203,
  "avg_counts_per_cell": 5.1103432221268426,
  "avg_counts_per_gene": 5.562860310421286,
  "avg_nnzero_per_cell": 2.893977972094106,
  "avg_nnzero_per_gene": 3.150237567310738,
  "min_cell": 0,
  "max_cell": 5301,
  "total_counts": 351239,
  "overdispersion": 220.40105738793443,
  "s_index": 263
}
