{
  "ncells": 350,
  "ngenes": 63140,
  "nvals": 71946,
  "density": 0.0032556224263541335,
  "avg_counts_per_cell": 496.9714285714286,
  "avg_counts_per_gene": 2.75483053531834,
  "avg_nnzero_per_cell": 205.56,
  "avg_nnzero_per_gene": 1.1394678492239467,
  "min_cell": 22,
  "max_cell": 5301,
  "total_counts": 173940,
  "overdispersion": 2.698536119798926,
  "s_index": 262
}
