{
  "ncells": 1689,
  "ngenes": 63140,
  "nvals": 2643094,
  "density": 0.024784398405678136,
  "avg_counts_per_cell": 6110.352279455299,
  "avg_counts_per_gene": 163.4524073487488,
  "avg_nnzero_per_cell": 1564.8869153345174,
  "avg_nnzero_per_gene": 41.86084890719037,
  "min_cell": 164,
  "max_cell": 30315,
  "total_counts": 10320385,
  "overdispersion": 0.7467465876939474,
  "s_index": 1324
}
