{
  "ncells": 380673,
  "ngenes": 63140,
  "nvals": 5760528,
  "density": 0.0002396655651773209,
  "avg_counts_per_cell": 36.20794224964734,
  "avg_counts_per_gene": 218.2987963256256,
  "avg_nnzero_per_cell": 15.132483785296042,
  "avg_nnzero_per_gene": 91.23420969274628,
  "min_cell": 0,
  "max_cell": 30315,
  "total_counts": 13783386,
  "overdispersion": 227.81287568917952,
  "s_index": 1324
}
