{
  "ncells": 4409,
  "ngenes": 60623,
  "nvals": 6815912,
  "density": 0.0255003682243097,
  "avg_per_cell": 7893.342027670674,
  "avg_per_gene": 574.0683403988585,
  "min_cell": 456,
  "max_cell": 54050,
  "total_counts": 34801745,
  "overdispersion": 21.582977433938897
}
