{"ncells": 5435, "ngenes": 60623, "nvals": 7036045, "density": 0.02135460958349354, "avg_per_cell": 6487.753633854646, "avg_per_gene": 581.6429572934364, "min_cell": 302, "max_cell": 54050, "total_count": 35260941, "overdispersion": 26.21927372716679, "s_index": 2904}