{
  "ncells": 3588,
  "ngenes": 63140,
  "nvals": 1908605,
  "density": 0.008424789243983306,
  "avg_counts_per_cell": 946.0139353400223,
  "avg_counts_per_gene": 53.7582831802344,
  "avg_nnzero_per_cell": 531.9411928651059,
  "avg_nnzero_per_gene": 30.2281438074121,
  "min_cell": 137,
  "max_cell": 8044,
  "total_counts": 3394298,
  "overdispersion": 2.31972718603319,
  "s_index": 975
}
