{
  "ncells": 444953,
  "ngenes": 63140,
  "nvals": 3580661,
  "density": 0.00012745136444142636,
  "avg_counts_per_cell": 12.018071571604192,
  "avg_counts_per_gene": 84.69238200823567,
  "avg_nnzero_per_cell": 8.047279150831661,
  "avg_nnzero_per_gene": 56.70986696230599,
  "min_cell": 0,
  "max_cell": 8044,
  "total_counts": 5347477,
  "overdispersion": 231.12842834409153,
  "s_index": 974
}
