{
	"numRecords": 12796859,
	"numReads": 76106328,
	"numBarcodes": 427576,
	"medianReadsPerBarcode": 3.000000,
	"meanReadsPerBarcode": 177.994855,
	"numUMIs": 1044074,
	"numBarcodeUMIs": 7828571,
	"medianUMIsPerBarcode": 1.000000,
	"meanUMIsPerBarcode": 18.309192,
	"gtRecords": 3238169,
	"numBarcodesOnWhitelist": 254719,
	"percentageBarcodesOnWhitelist": 59.572801,
	"numReadsOnWhitelist": 73777074,
	"percentageReadsOnWhitelist": 96.939474
}
