{
  "ncells": 1076,
  "ngenes": 60623,
  "nvals": 1016339,
  "density": 0.015580769245627818,
  "avg_per_cell": 3210.453531598513,
  "avg_per_gene": 56.98246540092044,
  "min_cell": 157,
  "max_cell": 72238,
  "total_counts": 3454448,
  "overdispersion": 2.333228340063742
}
