{"ncells": 586, "ngenes": 60623, "nvals": 864391, "density": 0.02433185368375546, "avg_counts_per_cell": 5292.78156996587, "avg_counts_per_gene": 51.1616053313099, "avg_nnzero_per_cell": 1475.0699658703072, "avg_nnzero_per_gene": 14.258466258680699, "min_cell": 1506, "max_cell": 72238, "total_counts": 3101570, "overdispersion": 1.2231363613996953, "s_index": 586}