{"ncells": 586, "ngenes": 60623, "nvals": 864391, "density": 0.02433185368375546, "avg_per_cell": 5292.78156996587, "avg_per_gene": 51.1616053313099, "min_cell": 1506, "max_cell": 72238, "total_count": 3101570, "overdispersion": 1.2231363613996953, "s_index": 586}