{
  "ncells": 1557509,
  "ngenes": 63140,
  "nvals": 8995687,
  "density": 0.00009147432080461681,
  "avg_counts_per_cell": 37.86590960309058,
  "avg_counts_per_gene": 934.0591542603738,
  "avg_nnzero_per_cell": 5.775688615603506,
  "avg_nnzero_per_gene": 142.47207792207791,
  "min_cell": 0,
  "max_cell": 22894,
  "total_counts": 58976495,
  "overdispersion": 110.12503956490305,
  "s_index": 4026
}
