{
  "ncells": 17322,
  "ngenes": 63140,
  "nvals": 6000988,
  "density": 0.0054868128427481965,
  "avg_counts_per_cell": 3017.2863410691607,
  "avg_counts_per_gene": 827.7705733291099,
  "avg_nnzero_per_cell": 346.4373628911211,
  "avg_nnzero_per_gene": 95.04257206208426,
  "min_cell": 17,
  "max_cell": 22895,
  "total_counts": 52265434,
  "overdispersion": 0.5687012462285974,
  "s_index": 4027
}
