{
	"numRecords": 67468019,
	"numReads": 329662531,
	"numBarcodes": 1822596,
	"medianReadsPerBarcode": 2.000000,
	"meanReadsPerBarcode": 180.875263,
	"numUMIs": 1048576,
	"numBarcodeUMIs": 36912923,
	"medianUMIsPerBarcode": 1.000000,
	"meanUMIsPerBarcode": 20.252938,
	"gtRecords": 22615651,
	"numBarcodesOnWhitelist": 449104,
	"percentageBarcodesOnWhitelist": 24.640897,
	"numReadsOnWhitelist": 319222218,
	"percentageReadsOnWhitelist": 96.833030
}
