{"ncells": 8620, "ngenes": 60623, "nvals": 9936579, "density": 0.019014819174745994, "avg_counts_per_cell": 2513.6982598607888, "avg_counts_per_gene": 357.4234036586774, "avg_nnzero_per_cell": 1152.7353828306263, "avg_nnzero_per_gene": 163.90774128631048, "min_cell": 200, "max_cell": 27531, "total_counts": 21668079, "overdispersion": 11.543667330475559, "s_index": 2531}