{
  "ncells": 3247,
  "ngenes": 60623,
  "nvals": 10017197,
  "density": 0.0508893029258193,
  "avg_per_cell": 14610.25346473668,
  "avg_per_gene": 782.5329165498243,
  "min_cell": 2575,
  "max_cell": 70650,
  "total_counts": 47439493,
  "overdispersion": 1.2328245736638848
}
