{
  "ncells": 264989,
  "ngenes": 63140,
  "nvals": 9938099,
  "density": 0.0005939787320174117,
  "avg_counts_per_cell": 187.44301838944259,
  "avg_counts_per_gene": 786.6699081406399,
  "avg_nnzero_per_cell": 37.503817139579375,
  "avg_nnzero_per_gene": 157.39783021856192,
  "min_cell": 0,
  "max_cell": 81611,
  "total_counts": 49670338,
  "overdispersion": 73.52607315705657,
  "s_index": 4336
}
