{
  "ncells": 4998,
  "ngenes": 63140,
  "nvals": 9096738,
  "density": 0.028826031521255954,
  "avg_counts_per_cell": 9575.607242897158,
  "avg_counts_per_gene": 757.9804402914159,
  "avg_nnzero_per_cell": 1820.0756302521008,
  "avg_nnzero_per_gene": 144.07250554323724,
  "min_cell": 0,
  "max_cell": 81611,
  "total_counts": 47858885,
  "overdispersion": 0.47755731512919697,
  "s_index": 4336
}
