{
  "ncells": 6161,
  "ngenes": 63140,
  "nvals": 5315327,
  "density": 0.013663885095312524,
  "avg_counts_per_cell": 2632.6089920467457,
  "avg_counts_per_gene": 256.88159645232815,
  "avg_nnzero_per_cell": 862.7377049180328,
  "avg_nnzero_per_gene": 84.18319607222047,
  "min_cell": 0,
  "max_cell": 29090,
  "total_counts": 16219504,
  "overdispersion": 1.054696933714159,
  "s_index": 2388
}
