{
  "ncells": 319022,
  "ngenes": 63140,
  "nvals": 6008047,
  "density": 0.0002982689947355279,
  "avg_counts_per_cell": 54.582815605193375,
  "avg_counts_per_gene": 275.7858568261007,
  "avg_nnzero_per_cell": 18.83270432760123,
  "avg_nnzero_per_gene": 95.15437123851758,
  "min_cell": 0,
  "max_cell": 29090,
  "total_counts": 17413119,
  "overdispersion": 67.44566446781248,
  "s_index": 2388
}
