{
  "ncells": 2528,
  "ngenes": 63140,
  "nvals": 215812,
  "density": 0.0013520537042457387,
  "avg_counts_per_cell": 200.97349683544303,
  "avg_counts_per_gene": 8.046579030725372,
  "avg_nnzero_per_cell": 85.36867088607595,
  "avg_nnzero_per_gene": 3.4179917643332276,
  "min_cell": 25,
  "max_cell": 1976,
  "total_counts": 508061,
  "overdispersion": 3.2411116293774143,
  "s_index": 371
}
