{
  "ncells": 225973,
  "ngenes": 63140,
  "nvals": 1119904,
  "density": 0.00007849096472138314,
  "avg_counts_per_cell": 7.275426710270696,
  "avg_counts_per_gene": 26.038169147925245,
  "avg_nnzero_per_cell": 4.955919512508132,
  "avg_nnzero_per_gene": 17.736838770985113,
  "min_cell": 0,
  "max_cell": 1976,
  "total_counts": 1644050,
  "overdispersion": 157.839096961562,
  "s_index": 371
}
