{
  "ncells": 1939,
  "ngenes": 63140,
  "nvals": 118551,
  "density": 0.000968328769307398,
  "avg_counts_per_cell": 182.2289840123775,
  "avg_counts_per_gene": 5.596167247386759,
  "avg_nnzero_per_cell": 61.14027849406911,
  "avg_nnzero_per_gene": 1.8775894836870446,
  "min_cell": 28,
  "max_cell": 1347,
  "total_counts": 353342,
  "overdispersion": 1.3942700467007507,
  "s_index": 307
}
