{
  "ncells": 227315,
  "ngenes": 63140,
  "nvals": 725434,
  "density": 0.00005054349089675592,
  "avg_counts_per_cell": 4.981519037459033,
  "avg_counts_per_gene": 17.934336395312005,
  "avg_nnzero_per_cell": 3.191316015221169,
  "avg_nnzero_per_gene": 11.489293633196072,
  "min_cell": 0,
  "max_cell": 1347,
  "total_counts": 1132374,
  "overdispersion": 110.0774610394785,
  "s_index": 307
}
