{
  "ncells": 87799,
  "ngenes": 60623,
  "nvals": 22637916,
  "density": 0.0042531377665195255,
  "avg_per_cell": 349.48849075729794,
  "avg_per_gene": 506.156739191396,
  "min_cell": 161,
  "max_cell": 28224,
  "total_counts": 30684740,
  "overdispersion": 3.5918871917106365
}
