{"ncells": 87799, "ngenes": 60623, "nvals": 22637916, "density": 0.0042531377665195255, "avg_counts_per_cell": 349.48849075729794, "avg_counts_per_gene": 506.156739191396, "avg_nnzero_per_cell": 257.83797081971323, "avg_nnzero_per_gene": 373.42124276264786, "min_cell": 161, "max_cell": 28224, "total_counts": 30684740, "overdispersion": 3.5918871917106365, "s_index": 1297}