{
	"numRecords": 13314926,
	"numReads": 140173768,
	"numBarcodes": 528652,
	"medianReadsPerBarcode": 2.000000,
	"meanReadsPerBarcode": 265.153197,
	"numUMIs": 1026638,
	"numBarcodeUMIs": 6329729,
	"medianUMIsPerBarcode": 1.000000,
	"meanUMIsPerBarcode": 11.973338,
	"gtRecords": 3861478,
	"numBarcodesOnWhitelist": 159309,
	"percentageBarcodesOnWhitelist": 30.134947,
	"numReadsOnWhitelist": 136463491,
	"percentageReadsOnWhitelist": 97.353087
}
