{
  "ncells": 8132,
  "ngenes": 63140,
  "nvals": 6640405,
  "density": 0.012932801754889742,
  "avg_counts_per_cell": 2930.674003935071,
  "avg_counts_per_gene": 377.4507602153944,
  "avg_nnzero_per_cell": 816.5771028037383,
  "avg_nnzero_per_gene": 105.16954387076338,
  "min_cell": 146,
  "max_cell": 100652,
  "total_counts": 23832241,
  "overdispersion": 12.09950831921769,
  "s_index": 2217
}
