{
  "ncells": 392084,
  "ngenes": 63140,
  "nvals": 10604668,
  "density": 0.00042836440797206296,
  "avg_counts_per_cell": 81.02976913110456,
  "avg_counts_per_gene": 503.1751029458347,
  "avg_nnzero_per_cell": 27.046928719356057,
  "avg_nnzero_per_gene": 167.95483053531834,
  "min_cell": 0,
  "max_cell": 100652,
  "total_counts": 31770476,
  "overdispersion": 377.71699853617093,
  "s_index": 2217
}
