{
  "ncells": 2880,
  "ngenes": 63140,
  "nvals": 508447,
  "density": 0.0027960737602505895,
  "avg_counts_per_cell": 974.7565972222222,
  "avg_counts_per_gene": 44.46149825783972,
  "avg_nnzero_per_cell": 176.54409722222223,
  "avg_nnzero_per_gene": 8.052692429521699,
  "min_cell": 196,
  "max_cell": 30472,
  "total_counts": 2807299,
  "overdispersion": 0.6629466655499106,
  "s_index": 967
}
