{
  "ncells": 307420,
  "ngenes": 63140,
  "nvals": 2365142,
  "density": 0.00012184859463786681,
  "avg_counts_per_cell": 25.359774900787198,
  "avg_counts_per_gene": 123.47326575863161,
  "avg_nnzero_per_cell": 7.69352026543491,
  "avg_nnzero_per_gene": 37.45869496357301,
  "min_cell": 0,
  "max_cell": 30472,
  "total_counts": 7796102,
  "overdispersion": 22.441236047852083,
  "s_index": 967
}
