{
	"numRecords": 28197889,
	"numReads": 103453160,
	"numBarcodes": 664804,
	"medianReadsPerBarcode": 4.000000,
	"meanReadsPerBarcode": 155.614527,
	"numUMIs": 1048213,
	"numBarcodeUMIs": 17300105,
	"medianUMIsPerBarcode": 1.000000,
	"meanUMIsPerBarcode": 26.022865,
	"gtRecords": 9291087,
	"numTargets": 177509,
	"medianTargetsPerSet": 2.000000,
	"meanTargetsPerSet": 3.669995,
	"numSingleton": 38405776,
	"gtTargets": 7887,
	"numBarcodesOnWhitelist": 5566,
	"percentageBarcodesOnWhitelist": 0.837239,
	"numReadsOnWhitelist": 1783489,
	"percentageReadsOnWhitelist": 1.723958
}
