{
	"numRecords": 59071938,
	"numReads": 198076477,
	"numBarcodes": 1462451,
	"medianReadsPerBarcode": 2.000000,
	"meanReadsPerBarcode": 135.441445,
	"numUMIs": 1048576,
	"numBarcodeUMIs": 38269857,
	"medianUMIsPerBarcode": 1.000000,
	"meanUMIsPerBarcode": 26.168300,
	"gtRecords": 19241512,
	"numBarcodesOnWhitelist": 326115,
	"percentageBarcodesOnWhitelist": 22.299209,
	"numReadsOnWhitelist": 190171087,
	"percentageReadsOnWhitelist": 96.008920
}
