{
  "ncells": 3800,
  "ngenes": 60623,
  "nvals": 6774883,
  "density": 0.029409035306210862,
  "avg_per_cell": 6309.897894736842,
  "avg_per_gene": 395.5200501459842,
  "min_cell": 614,
  "max_cell": 142012,
  "total_counts": 23977612,
  "overdispersion": 8.386899031557522
}
