{"ncells": 7722, "ngenes": 60623, "nvals": 7463412, "density": 0.01594300546843311, "avg_counts_per_cell": 3310.4110334110333, "avg_counts_per_gene": 421.6715438035069, "avg_nnzero_per_cell": 966.5128205128206, "avg_nnzero_per_gene": 123.11188822724048, "min_cell": 250, "max_cell": 142012, "total_counts": 25562994, "overdispersion": 16.402212550412997, "s_index": 2223}