{
  "ncells": 3895,
  "ngenes": 63140,
  "nvals": 9640654,
  "density": 0.03920075728773559,
  "avg_counts_per_cell": 12541.521181001284,
  "avg_counts_per_gene": 773.6652676591701,
  "avg_nnzero_per_cell": 2475.135815147625,
  "avg_nnzero_per_gene": 152.68694963573012,
  "min_cell": 374,
  "max_cell": 75285,
  "total_counts": 48849225,
  "overdispersion": 1.7886572136966024,
  "s_index": 2967
}
