{
  "ncells": 431234,
  "ngenes": 63140,
  "nvals": 12590785,
  "density": 0.0004624185372722441,
  "avg_counts_per_cell": 121.36329927603111,
  "avg_counts_per_gene": 828.8878840671524,
  "avg_nnzero_per_cell": 29.197106443369492,
  "avg_nnzero_per_gene": 199.41059550205892,
  "min_cell": 0,
  "max_cell": 75285,
  "total_counts": 52335981,
  "overdispersion": 265.0038130822479,
  "s_index": 2967
}
