{
	"numRecords": 56509304,
	"numReads": 261067473,
	"numBarcodes": 839483,
	"medianReadsPerBarcode": 3.000000,
	"meanReadsPerBarcode": 310.986015,
	"numUMIs": 1048525,
	"numBarcodeUMIs": 29610563,
	"medianUMIsPerBarcode": 1.000000,
	"meanUMIsPerBarcode": 35.272380,
	"gtRecords": 21229842,
	"numTargets": 175713,
	"medianTargetsPerSet": 4.000000,
	"meanTargetsPerSet": 4.303080,
	"numSingleton": 61593593,
	"gtTargets": 5889,
	"numBarcodesOnWhitelist": 248937,
	"percentageBarcodesOnWhitelist": 29.653608,
	"numReadsOnWhitelist": 251663552,
	"percentageReadsOnWhitelist": 96.397896
}
