{"ncells": 73299, "ngenes": 60623, "nvals": 7464264, "density": 0.0016797765631062823, "avg_counts_per_cell": 274.10300276947845, "avg_counts_per_gene": 331.4167230259143, "avg_nnzero_per_cell": 101.83309458519216, "avg_nnzero_per_gene": 123.12594229912739, "min_cell": 12, "max_cell": 52610, "total_counts": 20091476, "overdispersion": 69.99937162327483, "s_index": 2098}