{
	"numRecords": 18856390,
	"numReads": 129756683,
	"numBarcodes": 402321,
	"medianReadsPerBarcode": 3.000000,
	"meanReadsPerBarcode": 322.520284,
	"numUMIs": 1027255,
	"numBarcodeUMIs": 7210788,
	"medianUMIsPerBarcode": 1.000000,
	"meanUMIsPerBarcode": 17.922972,
	"gtRecords": 8887380,
	"numTargets": 168394,
	"medianTargetsPerSet": 3.000000,
	"meanTargetsPerSet": 4.261448,
	"numSingleton": 29176789,
	"gtTargets": 8014,
	"numBarcodesOnWhitelist": 162123,
	"percentageBarcodesOnWhitelist": 40.296927,
	"numReadsOnWhitelist": 124704121,
	"percentageReadsOnWhitelist": 96.106126
}
