{
  "ncells": 1885,
  "ngenes": 63140,
  "nvals": 1264439,
  "density": 0.010623850497694064,
  "avg_counts_per_cell": 1715.029177718833,
  "avg_counts_per_gene": 51.20098194488438,
  "avg_nnzero_per_cell": 670.7899204244031,
  "avg_nnzero_per_gene": 20.02595818815331,
  "min_cell": 36,
  "max_cell": 41237,
  "total_counts": 3232830,
  "overdispersion": 14.351778097117672,
  "s_index": 963
}
