{
  "ncells": 159407,
  "ngenes": 63140,
  "nvals": 1796550,
  "density": 0.00017849552909906933,
  "avg_counts_per_cell": 24.350630775310997,
  "avg_counts_per_gene": 61.477050997782705,
  "avg_nnzero_per_cell": 11.270207707315237,
  "avg_nnzero_per_gene": 28.453436807095343,
  "min_cell": 0,
  "max_cell": 41237,
  "total_counts": 3881661,
  "overdispersion": 995.7328854464158,
  "s_index": 963
}
