{
	"numRecords": 16130459,
	"numReads": 122744313,
	"numBarcodes": 373617,
	"medianReadsPerBarcode": 5.000000,
	"meanReadsPerBarcode": 328.529786,
	"numUMIs": 1038789,
	"numBarcodeUMIs": 6963525,
	"medianUMIsPerBarcode": 1.000000,
	"meanUMIsPerBarcode": 18.638137,
	"gtRecords": 4601791,
	"numBarcodesOnWhitelist": 171914,
	"percentageBarcodesOnWhitelist": 46.013431,
	"numReadsOnWhitelist": 119872016,
	"percentageReadsOnWhitelist": 97.659935
}
