{
  "ncells": 1072,
  "ngenes": 60623,
  "nvals": 1245127,
  "density": 0.019159379561621483,
  "avg_per_cell": 3618.417910447761,
  "avg_per_gene": 63.984692278508156,
  "min_cell": 314,
  "max_cell": 24425,
  "total_counts": 3878944,
  "overdispersion": 0.7832210475865643
}
