{"ncells": 886, "ngenes": 60623, "nvals": 1219592, "density": 0.02270614573159082, "avg_per_cell": 4274.5948081264105, "avg_per_gene": 62.47284034112466, "min_cell": 794, "max_cell": 24425, "total_count": 3787291, "overdispersion": 0.48650619662198946, "s_index": 866}