{
  "ncells": 8158,
  "ngenes": 63140,
  "nvals": 11112056,
  "density": 0.02157278140631306,
  "avg_counts_per_cell": 4813.68337827899,
  "avg_counts_per_gene": 621.9516788089959,
  "avg_nnzero_per_cell": 1362.1054179946066,
  "avg_nnzero_per_gene": 175.99075071270192,
  "min_cell": 268,
  "max_cell": 27948,
  "total_counts": 39270029,
  "overdispersion": 0.4877317827408553,
  "s_index": 3995
}
