{
  "ncells": 326122,
  "ngenes": 63140,
  "nvals": 12249556,
  "density": 0.0005948886360840528,
  "avg_counts_per_cell": 124.3251390583892,
  "avg_counts_per_gene": 642.1470224897054,
  "avg_nnzero_per_cell": 37.561268482347096,
  "avg_nnzero_per_gene": 194.0062717770035,
  "min_cell": 0,
  "max_cell": 27948,
  "total_counts": 40545163,
  "overdispersion": 55.26683055067139,
  "s_index": 3995
}
