{"ncells": 4249, "ngenes": 60623, "nvals": 9929254, "density": 0.038547166994102156, "avg_per_cell": 11938.21134384561, "avg_per_gene": 836.7362222258879, "min_cell": 92, "max_cell": 99968, "total_count": 50725460, "overdispersion": 1.058482475866317, "s_index": 2448}