{"ncells": 4249, "ngenes": 60623, "nvals": 9929254, "density": 0.038547166994102156, "avg_counts_per_cell": 11938.21134384561, "avg_counts_per_gene": 836.7362222258879, "avg_nnzero_per_cell": 2336.844904683455, "avg_nnzero_per_gene": 163.78691255794004, "min_cell": 92, "max_cell": 99968, "total_counts": 50725460, "overdispersion": 1.058482475866317, "s_index": 2448}