{
  "ncells": 292813,
  "ngenes": 63140,
  "nvals": 4809607,
  "density": 0.0002601445064931917,
  "avg_counts_per_cell": 72.32603743686244,
  "avg_counts_per_gene": 335.41343047196705,
  "avg_nnzero_per_cell": 16.425524139980123,
  "avg_nnzero_per_gene": 76.17369337979095,
  "min_cell": 0,
  "max_cell": 42297,
  "total_counts": 21178004,
  "overdispersion": 124.02986571583799,
  "s_index": 2518
}
