{
  "ncells": 5930,
  "ngenes": 63140,
  "nvals": 3425961,
  "density": 0.009150043186772509,
  "avg_counts_per_cell": 3233.3301854974707,
  "avg_counts_per_gene": 303.66879949318974,
  "avg_nnzero_per_cell": 577.7337268128161,
  "avg_nnzero_per_gene": 54.259756097560974,
  "min_cell": 162,
  "max_cell": 42297,
  "total_counts": 19173648,
  "overdispersion": 2.0218210863340347,
  "s_index": 2518
}
