{
  "ncells": 366202,
  "ngenes": 63140,
  "nvals": 8383717,
  "density": 0.00036258624141481276,
  "avg_counts_per_cell": 101.16505644425754,
  "avg_counts_per_gene": 586.741305036427,
  "avg_nnzero_per_cell": 22.89369528293128,
  "avg_nnzero_per_gene": 132.77980677858727,
  "min_cell": 0,
  "max_cell": 65366,
  "total_counts": 37046846,
  "overdispersion": 504.55901059799135,
  "s_index": 2981
}
