{
  "ncells": 3593,
  "ngenes": 63140,
  "nvals": 7014600,
  "density": 0.030920116112868958,
  "avg_counts_per_cell": 9840.71778458113,
  "avg_counts_per_gene": 559.9888976876782,
  "avg_nnzero_per_cell": 1952.296131366546,
  "avg_nnzero_per_gene": 111.09597719353818,
  "min_cell": 298,
  "max_cell": 65366,
  "total_counts": 35357699,
  "overdispersion": 4.5015933053243975,
  "s_index": 2981
}
