{
  "ncells": 1446,
  "ngenes": 63140,
  "nvals": 1660267,
  "density": 0.018184654969899378,
  "avg_counts_per_cell": 4149.551867219917,
  "avg_counts_per_gene": 95.03091542603738,
  "avg_nnzero_per_cell": 1148.1791147994468,
  "avg_nnzero_per_gene": 26.295011086474503,
  "min_cell": 3,
  "max_cell": 45445,
  "total_counts": 6000252,
  "overdispersion": 0.6924656921473292,
  "s_index": 1240
}
