{
  "ncells": 190249,
  "ngenes": 63140,
  "nvals": 2039469,
  "density": 0.00016978141476472228,
  "avg_counts_per_cell": 34.43379465857902,
  "avg_counts_per_gene": 103.75348432055749,
  "avg_nnzero_per_cell": 10.719998528244563,
  "avg_nnzero_per_gene": 32.30074437757364,
  "min_cell": 0,
  "max_cell": 45445,
  "total_counts": 6550995,
  "overdispersion": 176.5905128374287,
  "s_index": 1253
}
