{
	"numRecords": 136566462,
	"numReads": 171505555,
	"numBarcodes": 2576242,
	"medianReadsPerBarcode": 1.000000,
	"meanReadsPerBarcode": 66.571989,
	"numUMIs": 1048576,
	"numBarcodeUMIs": 118948011,
	"medianUMIsPerBarcode": 1.000000,
	"meanUMIsPerBarcode": 46.171133,
	"gtRecords": 92879596,
	"numTargets": 182732,
	"medianTargetsPerSet": 4.000000,
	"meanTargetsPerSet": 4.692793,
	"numSingleton": 32407814,
	"gtTargets": 6924,
	"numBarcodesOnWhitelist": 554328,
	"percentageBarcodesOnWhitelist": 21.516923,
	"numReadsOnWhitelist": 164637334,
	"percentageReadsOnWhitelist": 95.995336
}
