{"ncells": 11005, "ngenes": 60623, "nvals": 17379932, "density": 0.026050772239418055, "avg_per_cell": 6711.3882780554295, "avg_per_gene": 1218.330138726226, "min_cell": 439, "max_cell": 92157, "total_count": 73858828, "overdispersion": 2.8788689419507496, "s_index": 3193}