{
	"numRecords": 282257115,
	"numReads": 461675902,
	"numBarcodes": 1917034,
	"medianReadsPerBarcode": 1.000000,
	"meanReadsPerBarcode": 240.828228,
	"numUMIs": 16449127,
	"numBarcodeUMIs": 222444674,
	"medianUMIsPerBarcode": 1.000000,
	"meanUMIsPerBarcode": 116.035852,
	"gtRecords": 157392429,
	"numBarcodesOnWhitelist": 44068,
	"percentageBarcodesOnWhitelist": 2.298759,
	"numReadsOnWhitelist": 46216740,
	"percentageReadsOnWhitelist": 10.010646
}
