{
  "ncells": 419,
  "ngenes": 60623,
  "nvals": 954174,
  "density": 0.03756437187977798,
  "avg_per_cell": 53921.18138424821,
  "avg_per_gene": 372.67992346139255,
  "min_cell": 15,
  "max_cell": 348450,
  "total_counts": 22592975,
  "overdispersion": 1.1957235186464081
}
