{
  "ncells": 7205,
  "ngenes": 63140,
  "nvals": 11400123,
  "density": 0.025059417656191577,
  "avg_counts_per_cell": 5060.486884108258,
  "avg_counts_per_gene": 577.4597402597402,
  "avg_nnzero_per_cell": 1582.2516308119361,
  "avg_nnzero_per_gene": 180.55310421286032,
  "min_cell": 187,
  "max_cell": 38552,
  "total_counts": 36460808,
  "overdispersion": 2.6665614382949463,
  "s_index": 3585
}
