{
  "ncells": 577782,
  "ngenes": 63140,
  "nvals": 20447989,
  "density": 0.0005605082605239894,
  "avg_counts_per_cell": 85.54302141638196,
  "avg_counts_per_gene": 782.7877415267659,
  "avg_nnzero_per_cell": 35.39049156948469,
  "avg_nnzero_per_gene": 323.8515837820716,
  "min_cell": 0,
  "max_cell": 38552,
  "total_counts": 49425218,
  "overdispersion": 106.36520666967147,
  "s_index": 3585
}
