{
  "ncells": 553845,
  "ngenes": 63140,
  "nvals": 19351996,
  "density": 0.0005533920919069842,
  "avg_counts_per_cell": 66.47269001254864,
  "avg_counts_per_gene": 583.0783496990814,
  "avg_nnzero_per_cell": 34.94117668300698,
  "avg_nnzero_per_gene": 306.4934431422236,
  "min_cell": 0,
  "max_cell": 49203,
  "total_counts": 36815567,
  "overdispersion": 123.50055574437083,
  "s_index": 3182
}
