{
  "ncells": 10456,
  "ngenes": 63140,
  "nvals": 13293965,
  "density": 0.02013651819749847,
  "avg_counts_per_cell": 2839.537107880643,
  "avg_counts_per_gene": 470.2280646183085,
  "avg_nnzero_per_cell": 1271.4197589900537,
  "avg_nnzero_per_gene": 210.54743427304402,
  "min_cell": 199,
  "max_cell": 49203,
  "total_counts": 29690200,
  "overdispersion": 2.5527127409616504,
  "s_index": 3182
}
