{
	"numRecords": 124898323,
	"numReads": 292470759,
	"numBarcodes": 1123072,
	"medianReadsPerBarcode": 4.000000,
	"meanReadsPerBarcode": 260.420311,
	"numUMIs": 1048576,
	"numBarcodeUMIs": 66840176,
	"medianUMIsPerBarcode": 1.000000,
	"meanUMIsPerBarcode": 59.515486,
	"gtRecords": 50027347,
	"numTargets": 181074,
	"medianTargetsPerSet": 4.000000,
	"meanTargetsPerSet": 7.319190,
	"numSingleton": 61668001,
	"gtTargets": 7610,
	"numBarcodesOnWhitelist": 408466,
	"percentageBarcodesOnWhitelist": 36.370420,
	"numReadsOnWhitelist": 283429640,
	"percentageReadsOnWhitelist": 96.908710
}
