{"ncells": 7037, "ngenes": 60623, "nvals": 10031393, "density": 0.023514528229362737, "avg_per_cell": 6546.59769788262, "avg_per_gene": 759.9163353842602, "min_cell": 77, "max_cell": 64054, "total_count": 46068408, "overdispersion": 3.945106945001809, "s_index": 2952}