{
  "ncells": 514380,
  "ngenes": 63140,
  "nvals": 15130413,
  "density": 0.0004658671963355129,
  "avg_counts_per_cell": 92.45800769858859,
  "avg_counts_per_gene": 753.2237884067152,
  "avg_nnzero_per_cell": 29.414854776624285,
  "avg_nnzero_per_gene": 239.63276845106114,
  "min_cell": 0,
  "max_cell": 119266,
  "total_counts": 47558550,
  "overdispersion": 174.68653898720774,
  "s_index": 1816
}
