{
  "ncells": 2098,
  "ngenes": 63140,
  "nvals": 7850431,
  "density": 0.059262973651241224,
  "avg_counts_per_cell": 18223.181124880837,
  "avg_counts_per_gene": 605.5152676591701,
  "avg_nnzero_per_cell": 3741.8641563393708,
  "avg_nnzero_per_gene": 124.33371872030409,
  "min_cell": 187,
  "max_cell": 119266,
  "total_counts": 38232234,
  "overdispersion": 1.2565456774846515,
  "s_index": 1816
}
