{
  "ncells": 202020,
  "ngenes": 63140,
  "nvals": 2917857,
  "density": 0.00022875208415278102,
  "avg_counts_per_cell": 30.715241065241067,
  "avg_counts_per_gene": 98.2751504592968,
  "avg_nnzero_per_cell": 14.443406593406593,
  "avg_nnzero_per_gene": 46.21249604054482,
  "min_cell": 0,
  "max_cell": 39838,
  "total_counts": 6205093,
  "overdispersion": 245.16776346068548,
  "s_index": 981
}
