{
  "ncells": 1183,
  "ngenes": 63140,
  "nvals": 1644363,
  "density": 0.022014477080143122,
  "avg_counts_per_cell": 4011.2747252747254,
  "avg_counts_per_gene": 75.15581248020273,
  "avg_nnzero_per_cell": 1389.9940828402366,
  "avg_nnzero_per_gene": 26.043126385809312,
  "min_cell": 107,
  "max_cell": 39838,
  "total_counts": 4745338,
  "overdispersion": 1.3895251028864097,
  "s_index": 981
}
