{
  "ncells": 6886,
  "ngenes": 60623,
  "nvals": 683009,
  "density": 0.001636145732411561,
  "avg_per_cell": 160.55547487656114,
  "avg_per_gene": 18.237055243059565,
  "min_cell": 1,
  "max_cell": 3249,
  "total_counts": 1105585,
  "overdispersion": 1.8764674206089553
}
