{"ncells": 5854, "ngenes": 60623, "nvals": 627724, "density": 0.0017687994367514832, "avg_per_cell": 174.52237786129143, "avg_per_gene": 16.852580703693317, "min_cell": 98, "max_cell": 3249, "total_count": 1021654, "overdispersion": 1.894182096509745, "s_index": 315}