{
	"numRecords": 53322721,
	"numReads": 499037965,
	"numBarcodes": 1462010,
	"medianReadsPerBarcode": 2.000000,
	"meanReadsPerBarcode": 341.336903,
	"numUMIs": 1048573,
	"numBarcodeUMIs": 27891882,
	"medianUMIsPerBarcode": 1.000000,
	"meanUMIsPerBarcode": 19.077764,
	"gtRecords": 21598477,
	"numBarcodesOnWhitelist": 189991,
	"percentageBarcodesOnWhitelist": 12.995192,
	"numReadsOnWhitelist": 485335873,
	"percentageReadsOnWhitelist": 97.254299
}
