{
  "ncells": 4292,
  "ngenes": 63140,
  "nvals": 2711499,
  "density": 0.010005646559473304,
  "avg_counts_per_cell": 1063.4683131407269,
  "avg_counts_per_gene": 72.29024390243903,
  "avg_nnzero_per_cell": 631.7565237651445,
  "avg_nnzero_per_gene": 42.944235033259424,
  "min_cell": 153,
  "max_cell": 15017,
  "total_counts": 4564406,
  "overdispersion": 1.5289733983724951,
  "s_index": 1221
}
