{
  "ncells": 410272,
  "ngenes": 63140,
  "nvals": 4176023,
  "density": 0.00016120793907297473,
  "avg_counts_per_cell": 14.880537789563997,
  "avg_counts_per_gene": 96.69097244219195,
  "avg_nnzero_per_cell": 10.178669273067623,
  "avg_nnzero_per_gene": 66.13910357934748,
  "min_cell": 0,
  "max_cell": 15014,
  "total_counts": 6105068,
  "overdispersion": 211.84045198720253,
  "s_index": 1221
}
