{"ncells": 7791, "ngenes": 60623, "nvals": 17897449, "density": 0.0378931322041658, "avg_per_cell": 7521.757797458606, "avg_per_gene": 966.663065173284, "min_cell": 184, "max_cell": 43029, "total_count": 58602015, "overdispersion": 0.676682773499112, "s_index": 5239}