{
  "ncells": 17870,
  "ngenes": 63140,
  "nvals": 19589079,
  "density": 0.01736140577453856,
  "avg_counts_per_cell": 2839.5046446558476,
  "avg_counts_per_gene": 803.6418751979728,
  "avg_nnzero_per_cell": 1096.1991606043648,
  "avg_nnzero_per_gene": 310.2483211910041,
  "min_cell": 226,
  "max_cell": 83582,
  "total_counts": 50741948,
  "overdispersion": 1.6802129322166997,
  "s_index": 3686
}
