{
  "ncells": 1420999,
  "ngenes": 63140,
  "nvals": 27427420,
  "density": 0.0003056937834993926,
  "avg_counts_per_cell": 46.90692604287547,
  "avg_counts_per_gene": 1055.665109280963,
  "avg_nnzero_per_cell": 19.301505490151648,
  "avg_nnzero_per_gene": 434.39056065885336,
  "min_cell": 0,
  "max_cell": 83582,
  "total_counts": 66654695,
  "overdispersion": 70.883904217369,
  "s_index": 3686
}
