{
	"numRecords": 304409634,
	"numReads": 463939043,
	"numBarcodes": 2021012,
	"medianReadsPerBarcode": 1.000000,
	"meanReadsPerBarcode": 229.557787,
	"numUMIs": 16458247,
	"numBarcodeUMIs": 250928648,
	"medianUMIsPerBarcode": 1.000000,
	"meanUMIsPerBarcode": 124.159900,
	"gtRecords": 179734648,
	"numBarcodesOnWhitelist": 49036,
	"percentageBarcodesOnWhitelist": 2.426309,
	"numReadsOnWhitelist": 45930318,
	"percentageReadsOnWhitelist": 9.900076
}
