{
  "ncells": 515,
  "ngenes": 60623,
  "nvals": 1180580,
  "density": 0.03781383879904596,
  "avg_per_cell": 50892.015533980586,
  "avg_per_gene": 432.33406462893623,
  "min_cell": 33,
  "max_cell": 432955,
  "total_counts": 26209388,
  "overdispersion": 1.7935868900119938
}
