{"ncells": 603, "ngenes": 60623, "nvals": 1213430, "density": 0.033194030726123494, "avg_per_cell": 43577.17081260365, "avg_per_gene": 433.44991174966594, "min_cell": 663, "max_cell": 432955, "total_count": 26277034, "overdispersion": 2.2569675738936112, "s_index": 603}