{
  "ncells": 188877,
  "ngenes": 63140,
  "nvals": 2778846,
  "density": 0.00023301336184401006,
  "avg_counts_per_cell": 26.37533421221218,
  "avg_counts_per_gene": 78.89917643332278,
  "avg_nnzero_per_cell": 14.712463666830795,
  "avg_nnzero_per_gene": 44.010864745011084,
  "min_cell": 0,
  "max_cell": 5064,
  "total_counts": 4981694,
  "overdispersion": 42.93212588053917,
  "s_index": 1200
}
