{
  "ncells": 4881,
  "ngenes": 63140,
  "nvals": 2300376,
  "density": 0.007464237383136449,
  "avg_counts_per_cell": 912.1145257119442,
  "avg_counts_per_gene": 70.5104687994932,
  "avg_nnzero_per_cell": 471.2919483712354,
  "avg_nnzero_per_gene": 36.43294266708901,
  "min_cell": 93,
  "max_cell": 5064,
  "total_counts": 4452031,
  "overdispersion": 0.3398685333646571,
  "s_index": 1200
}
