{
	"numRecords": 138278078,
	"numReads": 262236597,
	"numBarcodes": 1999967,
	"medianReadsPerBarcode": 2.000000,
	"meanReadsPerBarcode": 131.120462,
	"numUMIs": 1048576,
	"numBarcodeUMIs": 104322063,
	"medianUMIsPerBarcode": 1.000000,
	"meanUMIsPerBarcode": 52.161892,
	"gtRecords": 59904672,
	"numTargets": 197028,
	"medianTargetsPerSet": 3.000000,
	"meanTargetsPerSet": 5.418547,
	"numSingleton": 63874206,
	"gtTargets": 6286,
	"numBarcodesOnWhitelist": 488174,
	"percentageBarcodesOnWhitelist": 24.409103,
	"numReadsOnWhitelist": 254271525,
	"percentageReadsOnWhitelist": 96.962639
}
