{
  "ncells": 12259,
  "ngenes": 60623,
  "nvals": 25647743,
  "density": 0.03451093168867899,
  "avg_per_cell": 6545.600212089077,
  "avg_per_gene": 1323.6315094930967,
  "min_cell": 372,
  "max_cell": 35045,
  "total_counts": 80242513,
  "overdispersion": 2.5853195850025834
}
