{"ncells": 12259, "ngenes": 60623, "nvals": 25647743, "density": 0.03451093168867899, "avg_counts_per_cell": 6545.600212089077, "avg_counts_per_gene": 1323.6315094930967, "avg_nnzero_per_cell": 2092.1562117627864, "avg_nnzero_per_gene": 423.06951157151576, "min_cell": 372, "max_cell": 35045, "total_counts": 80242513, "overdispersion": 2.5853195850025834, "s_index": 6063}