{"ncells": 3107, "ngenes": 60623, "nvals": 14288415, "density": 0.07585869691487532, "avg_counts_per_cell": 27081.274541358223, "avg_counts_per_gene": 1387.9471487719181, "avg_nnzero_per_cell": 4598.781783070486, "avg_nnzero_per_gene": 235.6929713145176, "min_cell": 9541, "max_cell": 70539, "total_counts": 84141520, "overdispersion": 1.7582063874111546, "s_index": 3107}