{"ncells": 3121, "ngenes": 60623, "nvals": 3432584, "density": 0.01814220128293751, "avg_per_cell": 3280.5539891060557, "avg_per_gene": 168.88984378866107, "min_cell": 1893, "max_cell": 16287, "total_count": 10238609, "overdispersion": 0.14602227493957054, "s_index": 2349}