{
	"numRecords": 89773601,
	"numReads": 467037967,
	"numBarcodes": 1505647,
	"medianReadsPerBarcode": 2.000000,
	"meanReadsPerBarcode": 310.190879,
	"numUMIs": 1048576,
	"numBarcodeUMIs": 33709623,
	"medianUMIsPerBarcode": 1.000000,
	"meanUMIsPerBarcode": 22.388796,
	"gtRecords": 33428025,
	"numBarcodesOnWhitelist": 298329,
	"percentageBarcodesOnWhitelist": 19.814007,
	"numReadsOnWhitelist": 453781535,
	"percentageReadsOnWhitelist": 97.161594
}
