{"ncells": 74, "ngenes": 60623, "nvals": 47431, "density": 0.010572875962249633, "avg_counts_per_cell": 2447.7702702702704, "avg_counts_per_gene": 2.98789238407865, "avg_nnzero_per_cell": 640.9594594594595, "avg_nnzero_per_gene": 0.7823928212064728, "min_cell": 128, "max_cell": 40795, "total_counts": 181135, "overdispersion": 10.78275738168608, "s_index": 74}