{
	"numRecords": 73916759,
	"numReads": 106970646,
	"numBarcodes": 1310424,
	"medianReadsPerBarcode": 1.000000,
	"meanReadsPerBarcode": 81.630561,
	"numUMIs": 1048576,
	"numBarcodeUMIs": 55986100,
	"medianUMIsPerBarcode": 1.000000,
	"meanUMIsPerBarcode": 42.723653,
	"gtRecords": 45270169,
	"numTargets": 166709,
	"medianTargetsPerSet": 4.000000,
	"meanTargetsPerSet": 5.229099,
	"numSingleton": 16839803,
	"gtTargets": 7013,
	"numBarcodesOnWhitelist": 308379,
	"percentageBarcodesOnWhitelist": 23.532765,
	"numReadsOnWhitelist": 101384539,
	"percentageReadsOnWhitelist": 94.777907
}
