{"ncells": 2562, "ngenes": 60623, "nvals": 8104276, "density": 0.05217923089325573, "avg_per_cell": 14619.27556596409, "avg_per_gene": 617.8279530871122, "min_cell": 388, "max_cell": 49553, "total_count": 37454584, "overdispersion": 0.24961352704707257, "s_index": 2443}