{
  "ncells": 16613,
  "ngenes": 60623,
  "nvals": 15814585,
  "density": 0.01570262685647862,
  "avg_per_cell": 2482.16739902486,
  "avg_per_gene": 680.2079573759135,
  "min_cell": 443,
  "max_cell": 95446,
  "total_counts": 41236247,
  "overdispersion": 0.5893948050986695
}
