{"ncells": 6827, "ngenes": 60623, "nvals": 9740166, "density": 0.0235341778732768, "avg_per_cell": 4160.306576827304, "avg_per_gene": 468.508866271877, "min_cell": 2054, "max_cell": 95446, "total_count": 28402413, "overdispersion": 0.5219135811848166, "s_index": 3345}