{
  "ncells": 3929,
  "ngenes": 63140,
  "nvals": 11759302,
  "density": 0.04740181135651962,
  "avg_counts_per_cell": 7696.803257826419,
  "avg_counts_per_gene": 478.9474184352233,
  "avg_nnzero_per_cell": 2992.950369050649,
  "avg_nnzero_per_gene": 186.2417168197656,
  "min_cell": 153,
  "max_cell": 30010,
  "total_counts": 30240740,
  "overdispersion": 0.45663502848821896,
  "s_index": 3385
}
