{
  "ncells": 324829,
  "ngenes": 63140,
  "nvals": 12792782,
  "density": 0.0006237429163442993,
  "avg_counts_per_cell": 96.5577026681731,
  "avg_counts_per_gene": 496.7491605955021,
  "avg_nnzero_per_cell": 39.38312773797906,
  "avg_nnzero_per_gene": 202.6097877732024,
  "min_cell": 0,
  "max_cell": 30010,
  "total_counts": 31364742,
  "overdispersion": 112.39906873788314,
  "s_index": 3385
}
