{"ncells": 3101, "ngenes": 60623, "nvals": 5043432, "density": 0.026827918559032986, "avg_counts_per_cell": 3572.541438245727, "avg_counts_per_gene": 182.7433647295581, "avg_nnzero_per_cell": 1626.3889068042567, "avg_nnzero_per_gene": 83.1933754515613, "min_cell": 1343, "max_cell": 29985, "total_counts": 11078451, "overdispersion": 0.6273114564525059, "s_index": 2013}