{
  "ncells": 1183,
  "ngenes": 60623,
  "nvals": 126698,
  "density": 0.0017666380927849347,
  "avg_per_cell": 189.55621301775147,
  "avg_per_gene": 3.6990086270887286,
  "min_cell": 88,
  "max_cell": 1161,
  "total_counts": 224245,
  "overdispersion": 6.587071352347507
}
