{"ncells": 1032, "ngenes": 60623, "nvals": 118015, "density": 0.001886340500388281, "avg_per_cell": 203.70639534883722, "avg_per_gene": 3.4677432657572207, "min_cell": 99, "max_cell": 1161, "total_count": 210225, "overdispersion": 6.305784681360631, "s_index": 250}