{
	"numRecords": 113665567,
	"numReads": 431283873,
	"numBarcodes": 3023740,
	"medianReadsPerBarcode": 3.000000,
	"meanReadsPerBarcode": 142.632592,
	"numUMIs": 1048575,
	"numBarcodeUMIs": 63644081,
	"medianUMIsPerBarcode": 1.000000,
	"meanUMIsPerBarcode": 21.048133,
	"gtRecords": 37090147,
	"numTargets": 185717,
	"medianTargetsPerSet": 2.000000,
	"meanTargetsPerSet": 3.575328,
	"numSingleton": 166205383,
	"gtTargets": 5463,
	"numBarcodesOnWhitelist": 301012,
	"percentageBarcodesOnWhitelist": 9.954956,
	"numReadsOnWhitelist": 390250282,
	"percentageReadsOnWhitelist": 90.485712
}
