{"ncells": 10785, "ngenes": 60623, "nvals": 14273310, "density": 0.02183067301395797, "avg_counts_per_cell": 4111.135095039406, "avg_counts_per_gene": 731.3823466341157, "avg_nnzero_per_cell": 1323.4408901251738, "avg_nnzero_per_gene": 235.44380845553667, "min_cell": 182, "max_cell": 62634, "total_counts": 44338592, "overdispersion": 2.6095549726416425, "s_index": 4210}