{
	"numRecords": 115506282,
	"numReads": 302673618,
	"numBarcodes": 1314581,
	"medianReadsPerBarcode": 4.000000,
	"meanReadsPerBarcode": 230.243414,
	"numUMIs": 1048575,
	"numBarcodeUMIs": 66796265,
	"medianUMIsPerBarcode": 1.000000,
	"meanUMIsPerBarcode": 50.811829,
	"gtRecords": 37441502,
	"numTargets": 186800,
	"medianTargetsPerSet": 4.000000,
	"meanTargetsPerSet": 4.498572,
	"numSingleton": 52319593,
	"gtTargets": 6900,
	"numBarcodesOnWhitelist": 500896,
	"percentageBarcodesOnWhitelist": 38.103091,
	"numReadsOnWhitelist": 293998356,
	"percentageReadsOnWhitelist": 97.133790
}
