{"ncells": 6809, "ngenes": 60623, "nvals": 10469859, "density": 0.025364136087453058, "avg_counts_per_cell": 6784.284035834924, "avg_counts_per_gene": 761.9911584712073, "avg_nnzero_per_cell": 1537.6500220296666, "avg_nnzero_per_gene": 172.70440261946786, "min_cell": 84, "max_cell": 83268, "total_counts": 46194190, "overdispersion": 14.84573410302034, "s_index": 3267}