{
  "ncells": 281878,
  "ngenes": 63140,
  "nvals": 3127036,
  "density": 0.00017569812308895936,
  "avg_counts_per_cell": 17.521690234782422,
  "avg_counts_per_gene": 78.22266392144441,
  "avg_nnzero_per_cell": 11.093579491836895,
  "avg_nnzero_per_gene": 49.52543554006969,
  "min_cell": 0,
  "max_cell": 12333,
  "total_counts": 4938979,
  "overdispersion": 94.78789996618735,
  "s_index": 1057
}
