{
  "ncells": 4116,
  "ngenes": 63140,
  "nvals": 1747694,
  "density": 0.0067248941297864,
  "avg_counts_per_cell": 820.3824101068999,
  "avg_counts_per_gene": 53.479474184352235,
  "avg_nnzero_per_cell": 424.6098153547133,
  "avg_nnzero_per_gene": 27.679664238200825,
  "min_cell": 74,
  "max_cell": 12333,
  "total_counts": 3376694,
  "overdispersion": 0.9854253804367518,
  "s_index": 1057
}
