{
  "ncells": 6684,
  "ngenes": 60623,
  "nvals": 16135583,
  "density": 0.03982087477824634,
  "avg_per_cell": 12591.689108318373,
  "avg_per_gene": 1388.298995430777,
  "min_cell": 343,
  "max_cell": 89165,
  "total_counts": 84162850,
  "overdispersion": 3.2811364967765644
}
