{
  "ncells": 1043970,
  "ngenes": 63140,
  "nvals": 4765403,
  "density": 0.0000722947961654709,
  "avg_counts_per_cell": 18.360538138069103,
  "avg_counts_per_gene": 303.57698764649984,
  "avg_nnzero_per_cell": 4.564693429887832,
  "avg_nnzero_per_gene": 75.47359835286665,
  "min_cell": 0,
  "max_cell": 97301,
  "total_counts": 19167851,
  "overdispersion": 41.149311967168664,
  "s_index": 813
}
