{
  "ncells": 65580,
  "ngenes": 63140,
  "nvals": 2852032,
  "density": 0.0006887766314718315,
  "avg_counts_per_cell": 253.59057639524246,
  "avg_counts_per_gene": 263.3904022806462,
  "avg_nnzero_per_cell": 43.48935651113144,
  "avg_nnzero_per_gene": 45.16997149192271,
  "min_cell": 11,
  "max_cell": 97301,
  "total_counts": 16630470,
  "overdispersion": 2.687444574256658,
  "s_index": 813
}
