{
  "ncells": 272123,
  "ngenes": 63140,
  "nvals": 5571088,
  "density": 0.00032424268781518635,
  "avg_counts_per_cell": 120.69158064551692,
  "avg_counts_per_gene": 520.1608330693697,
  "avg_nnzero_per_cell": 20.47268330865087,
  "avg_nnzero_per_gene": 88.23389293633196,
  "min_cell": 0,
  "max_cell": 165169,
  "total_counts": 32842955,
  "overdispersion": 750.8154737137102,
  "s_index": 1076
}
