{
  "ncells": 1125,
  "ngenes": 63140,
  "nvals": 4351434,
  "density": 0.061259761376834546,
  "avg_counts_per_cell": 27974.264888888887,
  "avg_counts_per_gene": 498.4328159645233,
  "avg_nnzero_per_cell": 3867.941333333333,
  "avg_nnzero_per_gene": 68.91723154893887,
  "min_cell": 597,
  "max_cell": 165169,
  "total_counts": 31471048,
  "overdispersion": 2.4401533077156206,
  "s_index": 1076
}
