{
  "ncells": 1378,
  "ngenes": 60623,
  "nvals": 592378,
  "density": 0.007091078275842512,
  "avg_per_cell": 901.1894049346879,
  "avg_per_gene": 20.484618049255232,
  "min_cell": 596,
  "max_cell": 6268,
  "total_counts": 1241839,
  "overdispersion": 2.073272399589211
}
