{
	"numRecords": 6208336,
	"numReads": 10217046,
	"numBarcodes": 1184236,
	"medianReadsPerBarcode": 2.000000,
	"meanReadsPerBarcode": 8.627542,
	"numUMIs": 1028089,
	"numBarcodeUMIs": 5750690,
	"medianUMIsPerBarcode": 1.000000,
	"meanUMIsPerBarcode": 4.856034,
	"gtRecords": 3483920,
	"numBarcodesOnWhitelist": 179514,
	"percentageBarcodesOnWhitelist": 15.158634,
	"numReadsOnWhitelist": 6970977,
	"percentageReadsOnWhitelist": 68.228889
}
