{
  "ncells": 11255,
  "ngenes": 60623,
  "nvals": 1898230,
  "density": 0.0027820562668949044,
  "avg_per_cell": 278.1702354509107,
  "avg_per_gene": 51.643864539861106,
  "min_cell": 1,
  "max_cell": 6689,
  "total_counts": 3130806,
  "overdispersion": 2.987329486068846
}
