{"ncells": 5495, "ngenes": 60623, "nvals": 1222009, "density": 0.0036683374840226243, "avg_counts_per_cell": 390.3171974522293, "avg_counts_per_gene": 35.37919601471389, "avg_nnzero_per_cell": 222.38562329390354, "avg_nnzero_per_gene": 20.15751447470432, "min_cell": 226, "max_cell": 6689, "total_counts": 2144793, "overdispersion": 2.5373153821909775, "s_index": 578}