{
  "ncells": 257512,
  "ngenes": 63140,
  "nvals": 3265573,
  "density": 0.00020084329937472466,
  "avg_counts_per_cell": 18.828602162229334,
  "avg_counts_per_gene": 76.79111498257839,
  "avg_nnzero_per_cell": 12.681245922520116,
  "avg_nnzero_per_gene": 51.7195597085841,
  "min_cell": 0,
  "max_cell": 10389,
  "total_counts": 4848591,
  "overdispersion": 76.01468400817977,
  "s_index": 786
}
