{
  "ncells": 4903,
  "ngenes": 63140,
  "nvals": 1325907,
  "density": 0.004282985386888921,
  "avg_counts_per_cell": 517.6950846420559,
  "avg_counts_per_gene": 40.20049097244219,
  "avg_nnzero_per_cell": 270.4276973281664,
  "avg_nnzero_per_gene": 20.999477351916376,
  "min_cell": 43,
  "max_cell": 10389,
  "total_counts": 2538259,
  "overdispersion": 1.4738022839670684,
  "s_index": 786
}
