{
  "ncells": 7945,
  "ngenes": 63140,
  "nvals": 13968101,
  "density": 0.02784446562355663,
  "avg_counts_per_cell": 6437.051353052234,
  "avg_counts_per_gene": 809.9837345581248,
  "avg_nnzero_per_cell": 1758.0995594713656,
  "avg_nnzero_per_gene": 221.22427937915742,
  "min_cell": 194,
  "max_cell": 52624,
  "total_counts": 51142373,
  "overdispersion": 2.2538334957856687,
  "s_index": 4688
}
