{
  "ncells": 417618,
  "ngenes": 63140,
  "nvals": 15731014,
  "density": 0.0005965858258284678,
  "avg_counts_per_cell": 127.53357613895953,
  "avg_counts_per_gene": 843.5273519163763,
  "avg_nnzero_per_cell": 37.66842904280946,
  "avg_nnzero_per_gene": 249.14497941083306,
  "min_cell": 0,
  "max_cell": 52624,
  "total_counts": 53260317,
  "overdispersion": 154.42539497251417,
  "s_index": 4688
}
