{
  "ncells": 4260,
  "ngenes": 60623,
  "nvals": 3469440,
  "density": 0.013434216967343543,
  "avg_per_cell": 2559.412910798122,
  "avg_per_gene": 179.8508651831813,
  "min_cell": 691,
  "max_cell": 36979,
  "total_counts": 10903099,
  "overdispersion": 7.355682939260644
}
