{"ncells": 475, "ngenes": 60623, "nvals": 764282, "density": 0.02654132485759704, "avg_counts_per_cell": 7628.248421052632, "avg_counts_per_gene": 59.76969137126173, "avg_nnzero_per_cell": 1609.0147368421053, "avg_nnzero_per_gene": 12.607129307358594, "min_cell": 3988, "max_cell": 36979, "total_counts": 3623418, "overdispersion": 1.2203273254043598, "s_index": 475}