{"ncells": 475, "ngenes": 60623, "nvals": 764282, "density": 0.02654132485759704, "avg_per_cell": 7628.248421052632, "avg_per_gene": 59.76969137126173, "min_cell": 3988, "max_cell": 36979, "total_count": 3623418, "overdispersion": 1.2203273254043598, "s_index": 475}