{
  "ncells": 59775,
  "ngenes": 63140,
  "nvals": 150874,
  "density": 0.00003997516290566448,
  "avg_counts_per_cell": 4.199213718109577,
  "avg_counts_per_gene": 3.9754197022489706,
  "avg_nnzero_per_cell": 2.5240317858636554,
  "avg_nnzero_per_gene": 2.3895153626860943,
  "min_cell": 0,
  "max_cell": 15095,
  "total_counts": 251008,
  "overdispersion": 57.29284917050404,
  "s_index": 173
}
