{
  "ncells": 149,
  "ngenes": 63140,
  "nvals": 41934,
  "density": 0.004457336737579003,
  "avg_counts_per_cell": 790.8053691275168,
  "avg_counts_per_gene": 1.8661704149509029,
  "avg_nnzero_per_cell": 281.43624161073825,
  "avg_nnzero_per_gene": 0.6641431738992715,
  "min_cell": 189,
  "max_cell": 15095,
  "total_counts": 117830,
  "overdispersion": 0.41452420157184244,
  "s_index": 149
}
