{
  "ncells": 71644,
  "ngenes": 63140,
  "nvals": 252567,
  "density": 0.000055833159297987425,
  "avg_counts_per_cell": 6.93231812852437,
  "avg_counts_per_gene": 7.865996198923028,
  "avg_nnzero_per_cell": 3.525305678074926,
  "avg_nnzero_per_gene": 4.000110864745011,
  "min_cell": 0,
  "max_cell": 5591,
  "total_counts": 496659,
  "overdispersion": 256.8111043510757,
  "s_index": 336
}
