{
  "ncells": 555,
  "ngenes": 63140,
  "nvals": 127399,
  "density": 0.003635536074560465,
  "avg_counts_per_cell": 583.0036036036036,
  "avg_counts_per_gene": 5.124596135571745,
  "avg_nnzero_per_cell": 229.54774774774774,
  "avg_nnzero_per_gene": 2.017722521381058,
  "min_cell": 24,
  "max_cell": 5591,
  "total_counts": 323567,
  "overdispersion": 3.32351737602907,
  "s_index": 336
}
