{
  "ncells": 9044,
  "ngenes": 63140,
  "nvals": 7685357,
  "density": 0.013458569914136737,
  "avg_counts_per_cell": 1857.297655904467,
  "avg_counts_per_gene": 266.0342096927463,
  "avg_nnzero_per_cell": 849.7741043785935,
  "avg_nnzero_per_gene": 121.71930630345264,
  "min_cell": 204,
  "max_cell": 11202,
  "total_counts": 16797400,
  "overdispersion": 0.8885832878426911,
  "s_index": 2366
}
