{
  "ncells": 398982,
  "ngenes": 63140,
  "nvals": 10216562,
  "density": 0.00040555232388570184,
  "avg_counts_per_cell": 49.28504544064644,
  "avg_counts_per_gene": 311.4324675324675,
  "avg_nnzero_per_cell": 25.606573730143214,
  "avg_nnzero_per_gene": 161.8080772885651,
  "min_cell": 0,
  "max_cell": 11202,
  "total_counts": 19663846,
  "overdispersion": 64.30987141604739,
  "s_index": 2366
}
