{
  "ncells": 104670,
  "ngenes": 63140,
  "nvals": 423287,
  "density": 0.00006404837696912441,
  "avg_counts_per_cell": 7.812840355402694,
  "avg_counts_per_gene": 12.951694646816598,
  "avg_nnzero_per_cell": 4.044014521830515,
  "avg_nnzero_per_gene": 6.703943617358251,
  "min_cell": 0,
  "max_cell": 9507,
  "total_counts": 817770,
  "overdispersion": 329.34038502647655,
  "s_index": 405
}
