{
  "ncells": 529,
  "ngenes": 63140,
  "nvals": 162823,
  "density": 0.0048747854110019265,
  "avg_counts_per_cell": 804.8809073724008,
  "avg_counts_per_gene": 6.743458980044346,
  "avg_nnzero_per_cell": 307.79395085066164,
  "avg_nnzero_per_gene": 2.578761482420019,
  "min_cell": 32,
  "max_cell": 9507,
  "total_counts": 425782,
  "overdispersion": 3.8129162233350775,
  "s_index": 405
}
