{
  "ncells": 17439,
  "ngenes": 63140,
  "nvals": 11362981,
  "density": 0.0103196774973239,
  "avg_counts_per_cell": 1256.8717816388555,
  "avg_counts_per_gene": 347.14265125118783,
  "avg_nnzero_per_cell": 651.584437181031,
  "avg_nnzero_per_gene": 179.9648558758315,
  "min_cell": 0,
  "max_cell": 14368,
  "total_counts": 21918587,
  "overdispersion": 0.8634429131713894,
  "s_index": 2034
}
