{
  "ncells": 324351,
  "ngenes": 63140,
  "nvals": 12559152,
  "density": 0.0006132541528139386,
  "avg_counts_per_cell": 72.02871888787148,
  "avg_counts_per_gene": 370.0124643649034,
  "avg_nnzero_per_cell": 38.72086720867209,
  "avg_nnzero_per_gene": 198.90959771935383,
  "min_cell": 0,
  "max_cell": 14368,
  "total_counts": 23362587,
  "overdispersion": 28.323133877225064,
  "s_index": 2034
}
