{
	"numRecords": 129470001,
	"numReads": 673099745,
	"numBarcodes": 2293592,
	"medianReadsPerBarcode": 2.000000,
	"meanReadsPerBarcode": 293.469695,
	"numUMIs": 1048576,
	"numBarcodeUMIs": 71271245,
	"medianUMIsPerBarcode": 1.000000,
	"meanUMIsPerBarcode": 31.074073,
	"gtRecords": 43697541,
	"numBarcodesOnWhitelist": 341667,
	"percentageBarcodesOnWhitelist": 14.896590,
	"numReadsOnWhitelist": 657268518,
	"percentageReadsOnWhitelist": 97.648012
}
