{"ncells": 6827, "ngenes": 60623, "nvals": 9740166, "density": 0.0235341778732768, "avg_counts_per_cell": 4160.306576827304, "avg_counts_per_gene": 468.508866271877, "avg_nnzero_per_cell": 1426.7124652116595, "avg_nnzero_per_gene": 160.66783234086074, "min_cell": 2054, "max_cell": 95446, "total_counts": 28402413, "overdispersion": 0.5219135811848166, "s_index": 3345}