{
  "ncells": 8394,
  "ngenes": 63140,
  "nvals": 8651401,
  "density": 0.016323485582451044,
  "avg_counts_per_cell": 2960.632952108649,
  "avg_counts_per_gene": 393.59444092492873,
  "avg_nnzero_per_cell": 1030.6648796759591,
  "avg_nnzero_per_gene": 137.01933797909408,
  "min_cell": 204,
  "max_cell": 95748,
  "total_counts": 24851553,
  "overdispersion": 3.2829312827451753,
  "s_index": 3166
}
