{
  "ncells": 601573,
  "ngenes": 63140,
  "nvals": 20362561,
  "density": 0.0005360921956835767,
  "avg_counts_per_cell": 68.19628706740495,
  "avg_counts_per_gene": 649.7473075704783,
  "avg_nnzero_per_cell": 33.84886123546103,
  "avg_nnzero_per_gene": 322.4985904339563,
  "min_cell": 0,
  "max_cell": 95748,
  "total_counts": 41025045,
  "overdispersion": 97.61576310604416,
  "s_index": 3166
}
