{"ncells": 6471, "ngenes": 60623, "nvals": 8783368, "density": 0.0223899052111087, "avg_counts_per_cell": 5910.122701282646, "avg_counts_per_gene": 630.8563416525081, "avg_nnzero_per_cell": 1357.3432236130427, "avg_nnzero_per_gene": 144.8850766210844, "min_cell": 220, "max_cell": 96766, "total_counts": 38244404, "overdispersion": 3.759811069902154, "s_index": 1598}