{
  "ncells": 12126,
  "ngenes": 60623,
  "nvals": 2590316,
  "density": 0.0035236905367087455,
  "avg_per_cell": 647.5142668645885,
  "avg_per_gene": 129.51780677300695,
  "min_cell": 92,
  "max_cell": 94417,
  "total_counts": 7851758,
  "overdispersion": 268.16208578337825
}
