{
  "ncells": 2577,
  "ngenes": 63140,
  "nvals": 3199526,
  "density": 0.019663763742244107,
  "avg_counts_per_cell": 4581.046953822274,
  "avg_counts_per_gene": 186.9711434906557,
  "avg_nnzero_per_cell": 1241.570042685293,
  "avg_nnzero_per_gene": 50.67351916376307,
  "min_cell": 161,
  "max_cell": 18227,
  "total_counts": 11805358,
  "overdispersion": 0.4309410160173893,
  "s_index": 2132
}
