{
  "ncells": 191630,
  "ngenes": 63140,
  "nvals": 4086049,
  "density": 0.0003377034467372428,
  "avg_counts_per_cell": 66.78384386578301,
  "avg_counts_per_gene": 202.68907190370604,
  "avg_nnzero_per_cell": 21.32259562698951,
  "avg_nnzero_per_gene": 64.71411149825784,
  "min_cell": 0,
  "max_cell": 18227,
  "total_counts": 12797788,
  "overdispersion": 94.05608589084959,
  "s_index": 2132
}
