{
  "ncells": 314645,
  "ngenes": 63140,
  "nvals": 7492389,
  "density": 0.0003771333207759626,
  "avg_counts_per_cell": 44.574851022581,
  "avg_counts_per_gene": 222.12945834653152,
  "avg_nnzero_per_cell": 23.812197873794275,
  "avg_nnzero_per_gene": 118.66311371555274,
  "min_cell": 0,
  "max_cell": 42214,
  "total_counts": 14025254,
  "overdispersion": 105.6507304643103,
  "s_index": 1912
}
