{
  "ncells": 4318,
  "ngenes": 63140,
  "nvals": 4568631,
  "density": 0.01675710020726345,
  "avg_counts_per_cell": 2443.5930986567855,
  "avg_counts_per_gene": 167.11173582515045,
  "avg_nnzero_per_cell": 1058.0433070866143,
  "avg_nnzero_per_gene": 72.35715869496357,
  "min_cell": 164,
  "max_cell": 42214,
  "total_counts": 10551435,
  "overdispersion": 1.1869444456058116,
  "s_index": 1912
}
