{
  "ncells": 6148,
  "ngenes": 63140,
  "nvals": 13625232,
  "density": 0.035099866888114506,
  "avg_counts_per_cell": 9646.347430058555,
  "avg_counts_per_gene": 939.273740893253,
  "avg_nnzero_per_cell": 2216.20559531555,
  "avg_nnzero_per_gene": 215.79398162812797,
  "min_cell": 203,
  "max_cell": 85307,
  "total_counts": 59305744,
  "overdispersion": 1.9380398763129936,
  "s_index": 4235
}
