{
  "ncells": 511855,
  "ngenes": 63140,
  "nvals": 17285424,
  "density": 0.0005348457010477338,
  "avg_counts_per_cell": 124.11686708149769,
  "avg_counts_per_gene": 1006.1742001900539,
  "avg_nnzero_per_cell": 33.77015756415391,
  "avg_nnzero_per_gene": 273.76344630978775,
  "min_cell": 0,
  "max_cell": 85307,
  "total_counts": 63529839,
  "overdispersion": 213.29785730422267,
  "s_index": 4235
}
