{
  "ncells": 64478,
  "ngenes": 63140,
  "nvals": 12922936,
  "density": 0.003174278722830356,
  "avg_counts_per_cell": 535.7891994168554,
  "avg_counts_per_gene": 547.1431105479886,
  "avg_nnzero_per_cell": 200.42395855950866,
  "avg_nnzero_per_gene": 204.67114349065568,
  "min_cell": 112,
  "max_cell": 83937,
  "total_counts": 34546616,
  "overdispersion": 32.93405493259031,
  "s_index": 1392
}
