{
  "ncells": 576204,
  "ngenes": 63140,
  "nvals": 15036903,
  "density": 0.00041331155951003496,
  "avg_counts_per_cell": 64.06698495671672,
  "avg_counts_per_gene": 584.66349382325,
  "avg_nnzero_per_cell": 26.096491867463605,
  "avg_nnzero_per_gene": 238.15177383592018,
  "min_cell": 0,
  "max_cell": 83937,
  "total_counts": 36915653,
  "overdispersion": 260.46625866806176,
  "s_index": 1392
}
