{
	"numRecords": 6343158,
	"numReads": 37627387,
	"numBarcodes": 1129142,
	"medianReadsPerBarcode": 1.000000,
	"meanReadsPerBarcode": 33.323875,
	"numUMIs": 972152,
	"numBarcodeUMIs": 4492752,
	"medianUMIsPerBarcode": 1.000000,
	"meanUMIsPerBarcode": 3.978908,
	"gtRecords": 3605908,
	"numTargets": 148018,
	"medianTargetsPerSet": 1.000000,
	"meanTargetsPerSet": 1.458319,
	"numSingleton": 32643846,
	"gtTargets": 10176,
	"numBarcodesOnWhitelist": 227400,
	"percentageBarcodesOnWhitelist": 20.139185,
	"numReadsOnWhitelist": 34657716,
	"percentageReadsOnWhitelist": 92.107687
}
