{
  "ncells": 6018,
  "ngenes": 63140,
  "nvals": 11923905,
  "density": 0.0313806363614257,
  "avg_counts_per_cell": 4500.954636091725,
  "avg_counts_per_gene": 428.9950110864745,
  "avg_nnzero_per_cell": 1981.3733798604187,
  "avg_nnzero_per_gene": 188.84866962305986,
  "min_cell": 321,
  "max_cell": 32160,
  "total_counts": 27086745,
  "overdispersion": 2.412541457810582,
  "s_index": 3380
}
