{
  "ncells": 436340,
  "ngenes": 63140,
  "nvals": 14813314,
  "density": 0.0005376784419028272,
  "avg_counts_per_cell": 69.62899573726911,
  "avg_counts_per_gene": 481.1833386126069,
  "avg_nnzero_per_cell": 33.949016821744515,
  "avg_nnzero_per_gene": 234.61061133987963,
  "min_cell": 0,
  "max_cell": 32160,
  "total_counts": 30381916,
  "overdispersion": 233.7012546288529,
  "s_index": 3380
}
