{
  "ncells": 1044,
  "ngenes": 63140,
  "nvals": 1259465,
  "density": 0.019106495084207448,
  "avg_counts_per_cell": 3887.332375478927,
  "avg_counts_per_gene": 64.27581564776686,
  "avg_nnzero_per_cell": 1206.3840996168583,
  "avg_nnzero_per_gene": 19.947180867912575,
  "min_cell": 268,
  "max_cell": 151950,
  "total_counts": 4058375,
  "overdispersion": 16.83971020580661,
  "s_index": 798
}
