{
  "ncells": 223111,
  "ngenes": 63140,
  "nvals": 2788559,
  "density": 0.0001979494399542126,
  "avg_counts_per_cell": 26.465669554616312,
  "avg_counts_per_gene": 93.51887868229332,
  "avg_nnzero_per_cell": 12.498527638708984,
  "avg_nnzero_per_gene": 44.164697497624324,
  "min_cell": 0,
  "max_cell": 151950,
  "total_counts": 5904782,
  "overdispersion": 1301.773654050185,
  "s_index": 798
}
