{
  "ncells": 6471,
  "ngenes": 60623,
  "nvals": 8783368,
  "density": 0.0223899052111087,
  "avg_per_cell": 5910.122701282646,
  "avg_per_gene": 630.8563416525081,
  "min_cell": 220,
  "max_cell": 96766,
  "total_counts": 38244404,
  "overdispersion": 3.759811069902154
}
