{
	"numRecords": 38653021,
	"numReads": 512593599,
	"numBarcodes": 933301,
	"medianReadsPerBarcode": 1.000000,
	"meanReadsPerBarcode": 549.226454,
	"numUMIs": 1047169,
	"numBarcodeUMIs": 15608793,
	"medianUMIsPerBarcode": 1.000000,
	"meanUMIsPerBarcode": 16.724286,
	"gtRecords": 16800177,
	"numTargets": 170997,
	"medianTargetsPerSet": 4.000000,
	"meanTargetsPerSet": 4.878528,
	"numSingleton": 102127668,
	"gtTargets": 6399,
	"numBarcodesOnWhitelist": 150318,
	"percentageBarcodesOnWhitelist": 16.106058,
	"numReadsOnWhitelist": 495154052,
	"percentageReadsOnWhitelist": 96.597783
}
