{"ncells": 1683, "ngenes": 60623, "nvals": 933861, "density": 0.009152941752780098, "avg_per_cell": 2680.806892453951, "avg_per_gene": 74.42386552958448, "min_cell": 65, "max_cell": 52575, "total_count": 4511798, "overdispersion": 6.818238141951826, "s_index": 462}