{"ncells": 3171, "ngenes": 60623, "nvals": 5822945, "density": 0.030290679923362554, "avg_counts_per_cell": 6057.320088300221, "avg_counts_per_gene": 316.8395163551787, "avg_nnzero_per_cell": 1836.311888994008, "avg_nnzero_per_gene": 96.05174603698266, "min_cell": 3326, "max_cell": 94177, "total_counts": 19207762, "overdispersion": 0.8600957798053528, "s_index": 3171}