{
  "ncells": 261216,
  "ngenes": 63140,
  "nvals": 5918887,
  "density": 0.0003588687949570113,
  "avg_counts_per_cell": 72.28739051206664,
  "avg_counts_per_gene": 299.0595977193538,
  "avg_nnzero_per_cell": 22.65897571358569,
  "avg_nnzero_per_gene": 93.74227114349065,
  "min_cell": 0,
  "max_cell": 154559,
  "total_counts": 18882623,
  "overdispersion": 830.7525159520301,
  "s_index": 894
}
