{
  "ncells": 932,
  "ngenes": 63140,
  "nvals": 3296286,
  "density": 0.05601500718479678,
  "avg_counts_per_cell": 17106.25643776824,
  "avg_counts_per_gene": 252.50286664554957,
  "avg_nnzero_per_cell": 3536.7875536480688,
  "avg_nnzero_per_gene": 52.205986696230596,
  "min_cell": 304,
  "max_cell": 154559,
  "total_counts": 15943031,
  "overdispersion": 2.559088524926989,
  "s_index": 894
}
