{
  "ncells": 5370,
  "ngenes": 63140,
  "nvals": 7697108,
  "density": 0.02270119488541617,
  "avg_counts_per_cell": 4032.2837988826814,
  "avg_counts_per_gene": 342.9420969274628,
  "avg_nnzero_per_cell": 1433.3534450651769,
  "avg_nnzero_per_gene": 121.90541653468483,
  "min_cell": 0,
  "max_cell": 59192,
  "total_counts": 21653364,
  "overdispersion": 2.4382453153497,
  "s_index": 2751
}
