{
  "ncells": 497495,
  "ngenes": 63140,
  "nvals": 24588936,
  "density": 0.0007827921083869973,
  "avg_counts_per_cell": 85.16143277821888,
  "avg_counts_per_gene": 671.00707950586,
  "avg_nnzero_per_cell": 49.42549372355501,
  "avg_nnzero_per_gene": 389.43515996198926,
  "min_cell": 0,
  "max_cell": 59192,
  "total_counts": 42367387,
  "overdispersion": 150.14041711616355,
  "s_index": 2751
}
