{
  "ncells": 158,
  "ngenes": 63140,
  "nvals": 27383,
  "density": 0.0027448547130547746,
  "avg_counts_per_cell": 382.7721518987342,
  "avg_counts_per_gene": 0.9578397212543553,
  "avg_nnzero_per_cell": 173.31012658227849,
  "avg_nnzero_per_gene": 0.4336870446626544,
  "min_cell": 29,
  "max_cell": 2353,
  "total_counts": 60478,
  "overdispersion": 4.025390340875767,
  "s_index": 147
}
