{
  "ncells": 24816,
  "ngenes": 63140,
  "nvals": 68930,
  "density": 0.000043991819066122034,
  "avg_counts_per_cell": 4.678916827852998,
  "avg_counts_per_gene": 1.838961038961039,
  "avg_nnzero_per_cell": 2.777643455834945,
  "avg_nnzero_per_gene": 1.0917009819448844,
  "min_cell": 0,
  "max_cell": 2353,
  "total_counts": 116112,
  "overdispersion": 214.5969265365984,
  "s_index": 168
}
