{"ncells": 5740, "ngenes": 60623, "nvals": 4068678, "density": 0.011692409149343106, "avg_counts_per_cell": 1809.0047038327525, "avg_counts_per_gene": 171.28296191214557, "avg_nnzero_per_cell": 708.8289198606271, "avg_nnzero_per_gene": 67.11442851722943, "min_cell": 711, "max_cell": 29334, "total_counts": 10383687, "overdispersion": 0.8785317831658481, "s_index": 1745}