{
  "ncells": 293763,
  "ngenes": 63140,
  "nvals": 4944598,
  "density": 0.00026658107602402914,
  "avg_counts_per_cell": 56.89291707941436,
  "avg_counts_per_gene": 264.6980361102312,
  "avg_nnzero_per_cell": 16.8319291401572,
  "avg_nnzero_per_gene": 78.31165663604688,
  "min_cell": 0,
  "max_cell": 21693,
  "total_counts": 16713034,
  "overdispersion": 80.5973707994322,
  "s_index": 2807
}
