{
  "ncells": 4683,
  "ngenes": 63140,
  "nvals": 4186737,
  "density": 0.014159468287528787,
  "avg_counts_per_cell": 3306.4665812513344,
  "avg_counts_per_gene": 245.2357142857143,
  "avg_nnzero_per_cell": 894.0288276745675,
  "avg_nnzero_per_gene": 66.3087899904973,
  "min_cell": 165,
  "max_cell": 21693,
  "total_counts": 15484183,
  "overdispersion": 0.5598315938775488,
  "s_index": 2807
}
