{
  "ncells": 244554,
  "ngenes": 63140,
  "nvals": 4558431,
  "density": 0.00029521337996377773,
  "avg_counts_per_cell": 47.70067960450453,
  "avg_counts_per_gene": 184.7543870763383,
  "avg_nnzero_per_cell": 18.639772810912927,
  "avg_nnzero_per_gene": 72.1956129236617,
  "min_cell": 0,
  "max_cell": 48642,
  "total_counts": 11665392,
  "overdispersion": 101.02573164348772,
  "s_index": 2176
}
