{
  "ncells": 2585,
  "ngenes": 63140,
  "nvals": 2897064,
  "density": 0.01774977958777553,
  "avg_counts_per_cell": 3824.31914893617,
  "avg_counts_per_gene": 156.5705574912892,
  "avg_nnzero_per_cell": 1120.721083172147,
  "avg_nnzero_per_gene": 45.883180234399745,
  "min_cell": 283,
  "max_cell": 48642,
  "total_counts": 9885865,
  "overdispersion": 0.2753138250285365,
  "s_index": 2176
}
