{
  "ncells": 538651,
  "ngenes": 63140,
  "nvals": 30535215,
  "density": 0.000897819294293576,
  "avg_counts_per_cell": 153.2370106061253,
  "avg_counts_per_gene": 1307.2738200823567,
  "avg_nnzero_per_cell": 56.688310241696385,
  "avg_nnzero_per_gene": 483.611260690529,
  "min_cell": 0,
  "max_cell": 249806,
  "total_counts": 82541269,
  "overdispersion": 576.3620735337295,
  "s_index": 3492
}
