{
  "ncells": 4001,
  "ngenes": 63140,
  "nvals": 17301097,
  "density": 0.06848579666929958,
  "avg_counts_per_cell": 16716.753811547114,
  "avg_counts_per_gene": 1059.2925562242635,
  "avg_nnzero_per_cell": 4324.193201699575,
  "avg_nnzero_per_gene": 274.0116724738676,
  "min_cell": 642,
  "max_cell": 249806,
  "total_counts": 66883732,
  "overdispersion": 10.631257157740787,
  "s_index": 3492
}
