{
	"numRecords": 23203309,
	"numReads": 108946885,
	"numBarcodes": 635618,
	"medianReadsPerBarcode": 3.000000,
	"meanReadsPerBarcode": 171.403083,
	"numUMIs": 1048065,
	"numBarcodeUMIs": 12697909,
	"medianUMIsPerBarcode": 1.000000,
	"meanUMIsPerBarcode": 19.977265,
	"gtRecords": 6212845,
	"numBarcodesOnWhitelist": 164537,
	"percentageBarcodesOnWhitelist": 25.886145,
	"numReadsOnWhitelist": 105477589,
	"percentageReadsOnWhitelist": 96.815608
}
