{
  "ncells": 230011,
  "ngenes": 63140,
  "nvals": 3965721,
  "density": 0.0002730668455298168,
  "avg_counts_per_cell": 47.08731756307307,
  "avg_counts_per_gene": 171.5331168831169,
  "avg_nnzero_per_cell": 17.241440626752635,
  "avg_nnzero_per_gene": 62.8083782071587,
  "min_cell": 0,
  "max_cell": 50748,
  "total_counts": 10830601,
  "overdispersion": 199.3462101066732,
  "s_index": 1438
}
