{
  "ncells": 2266,
  "ngenes": 63140,
  "nvals": 2404089,
  "density": 0.016802970241391872,
  "avg_counts_per_cell": 3808.3499558693734,
  "avg_counts_per_gene": 136.67597402597403,
  "avg_nnzero_per_cell": 1060.9395410414827,
  "avg_nnzero_per_gene": 38.07553056699398,
  "min_cell": 155,
  "max_cell": 50748,
  "total_counts": 8629721,
  "overdispersion": 2.419170602860455,
  "s_index": 1438
}
