{
  "ncells": 7213,
  "ngenes": 63140,
  "nvals": 5125561,
  "density": 0.011254362427041838,
  "avg_counts_per_cell": 1706.981699708859,
  "avg_counts_per_gene": 195.00251821349383,
  "avg_nnzero_per_cell": 710.6004436434216,
  "avg_nnzero_per_gene": 81.17771618625277,
  "min_cell": 130,
  "max_cell": 34305,
  "total_counts": 12312459,
  "overdispersion": 0.7621677053274173,
  "s_index": 2059
}
