{
  "ncells": 357382,
  "ngenes": 63140,
  "nvals": 10419780,
  "density": 0.0004617653030617173,
  "avg_counts_per_cell": 51.8148004096457,
  "avg_counts_per_gene": 293.2796484003801,
  "avg_nnzero_per_cell": 29.15586123531683,
  "avg_nnzero_per_gene": 165.02660753880266,
  "min_cell": 0,
  "max_cell": 34305,
  "total_counts": 18517677,
  "overdispersion": 34.22358499809762,
  "s_index": 2059
}
