{
  "ncells": 904,
  "ngenes": 63140,
  "nvals": 1050946,
  "density": 0.01841227248900463,
  "avg_counts_per_cell": 3730.66703539823,
  "avg_counts_per_gene": 53.41341463414634,
  "avg_nnzero_per_cell": 1162.5508849557523,
  "avg_nnzero_per_gene": 16.644694330060183,
  "min_cell": 229,
  "max_cell": 26578,
  "total_counts": 3372523,
  "overdispersion": 0.21344935527446784,
  "s_index": 880
}
