{
  "ncells": 139180,
  "ngenes": 63140,
  "nvals": 1557924,
  "density": 0.0001772820879504977,
  "avg_counts_per_cell": 28.02238108923696,
  "avg_counts_per_gene": 61.769955654102,
  "avg_nnzero_per_cell": 11.193591033194425,
  "avg_nnzero_per_gene": 24.67412100095027,
  "min_cell": 0,
  "max_cell": 26578,
  "total_counts": 3900155,
  "overdispersion": 163.15582108091132,
  "s_index": 880
}
