{
  "ncells": 531729,
  "ngenes": 63140,
  "nvals": 14126052,
  "density": 0.0004207516968212186,
  "avg_counts_per_cell": 82.22081172928316,
  "avg_counts_per_gene": 692.4166930630345,
  "avg_nnzero_per_cell": 26.56626213729174,
  "avg_nnzero_per_gene": 223.72587899904974,
  "min_cell": 0,
  "max_cell": 83001,
  "total_counts": 43719190,
  "overdispersion": 305.1944323529615,
  "s_index": 3238
}
