{
  "ncells": 6705,
  "ngenes": 63140,
  "nvals": 11099444,
  "density": 0.026217897705866276,
  "avg_counts_per_cell": 6037.866219239374,
  "avg_counts_per_gene": 641.1766392144441,
  "avg_nnzero_per_cell": 1655.3980611483967,
  "avg_nnzero_per_gene": 175.79100411783338,
  "min_cell": 220,
  "max_cell": 83001,
  "total_counts": 40483893,
  "overdispersion": 3.4057134614824416,
  "s_index": 3238
}
