{
	"numRecords": 3658913,
	"numReads": 11349544,
	"numBarcodes": 708561,
	"medianReadsPerBarcode": 2.000000,
	"meanReadsPerBarcode": 16.017737,
	"numUMIs": 958410,
	"numBarcodeUMIs": 3200708,
	"medianUMIsPerBarcode": 1.000000,
	"meanUMIsPerBarcode": 4.517195,
	"gtRecords": 1774915,
	"numBarcodesOnWhitelist": 224187,
	"percentageBarcodesOnWhitelist": 31.639760,
	"numReadsOnWhitelist": 9462704,
	"percentageReadsOnWhitelist": 83.375191
}
