{
	"numRecords": 63327037,
	"numReads": 89270127,
	"numBarcodes": 928811,
	"medianReadsPerBarcode": 2.000000,
	"meanReadsPerBarcode": 96.112263,
	"numUMIs": 1048576,
	"numBarcodeUMIs": 51774589,
	"medianUMIsPerBarcode": 1.000000,
	"meanUMIsPerBarcode": 55.742868,
	"gtRecords": 37891097,
	"numTargets": 167992,
	"medianTargetsPerSet": 3.000000,
	"meanTargetsPerSet": 4.424094,
	"numSingleton": 21992178,
	"gtTargets": 8522,
	"numBarcodesOnWhitelist": 389455,
	"percentageBarcodesOnWhitelist": 41.930490,
	"numReadsOnWhitelist": 86596943,
	"percentageReadsOnWhitelist": 97.005511
}
