{"ncells": 2207, "ngenes": 60623, "nvals": 6146641, "density": 0.04594075108703085, "avg_counts_per_cell": 16447.539646579065, "avg_counts_per_gene": 598.7780215429788, "avg_nnzero_per_cell": 2785.066153149071, "avg_nnzero_per_gene": 101.39123764907708, "min_cell": 215, "max_cell": 80366, "total_counts": 36299720, "overdispersion": 1.1106244321881555, "s_index": 1576}