{
	"numRecords": 59258845,
	"numReads": 80098104,
	"numBarcodes": 1891691,
	"medianReadsPerBarcode": 1.000000,
	"meanReadsPerBarcode": 42.342065,
	"numUMIs": 1048576,
	"numBarcodeUMIs": 46224511,
	"medianUMIsPerBarcode": 1.000000,
	"meanUMIsPerBarcode": 24.435551,
	"gtRecords": 37224395,
	"numBarcodesOnWhitelist": 467864,
	"percentageBarcodesOnWhitelist": 24.732581,
	"numReadsOnWhitelist": 76740583,
	"percentageReadsOnWhitelist": 95.808239
}
