{"ncells": 9260, "ngenes": 60623, "nvals": 10790291, "density": 0.01922138804320823, "avg_counts_per_cell": 2350.5778617710585, "avg_counts_per_gene": 359.04443857941703, "avg_nnzero_per_cell": 1165.2582073434126, "avg_nnzero_per_gene": 177.9900532801082, "min_cell": 450, "max_cell": 21596, "total_counts": 21766351, "overdispersion": 2.152614871387764, "s_index": 2652}