{
	"numRecords": 31518104,
	"numReads": 65180292,
	"numBarcodes": 476515,
	"medianReadsPerBarcode": 3.000000,
	"meanReadsPerBarcode": 136.785394,
	"numUMIs": 1048562,
	"numBarcodeUMIs": 19002124,
	"medianUMIsPerBarcode": 1.000000,
	"meanUMIsPerBarcode": 39.877284,
	"gtRecords": 12636588,
	"numTargets": 156115,
	"medianTargetsPerSet": 5.000000,
	"meanTargetsPerSet": 5.349258,
	"numSingleton": 9164703,
	"gtTargets": 8087,
	"numBarcodesOnWhitelist": 196591,
	"percentageBarcodesOnWhitelist": 41.255994,
	"numReadsOnWhitelist": 63260182,
	"percentageReadsOnWhitelist": 97.054156
}
