{
  "ncells": 734,
  "ngenes": 63140,
  "nvals": 835528,
  "density": 0.018028532243990474,
  "avg_counts_per_cell": 4781.283378746594,
  "avg_counts_per_gene": 55.58222996515679,
  "avg_nnzero_per_cell": 1138.3215258855587,
  "avg_nnzero_per_gene": 13.23294266708901,
  "min_cell": 163,
  "max_cell": 103600,
  "total_counts": 3509462,
  "overdispersion": 4.3018562632114925,
  "s_index": 626
}
