{
  "ncells": 443532,
  "ngenes": 63140,
  "nvals": 4606602,
  "density": 0.00016449441434973318,
  "avg_counts_per_cell": 18.228466040781726,
  "avg_counts_per_gene": 128.047323408299,
  "avg_nnzero_per_cell": 10.386177322042153,
  "avg_nnzero_per_gene": 72.95853658536585,
  "min_cell": 0,
  "max_cell": 103600,
  "total_counts": 8084908,
  "overdispersion": 517.5641989484316,
  "s_index": 658
}
