{
  "ncells": 580468,
  "ngenes": 63140,
  "nvals": 14744462,
  "density": 0.0004022963293548492,
  "avg_counts_per_cell": 136.73939476422473,
  "avg_counts_per_gene": 1257.0928571428572,
  "avg_nnzero_per_cell": 25.400990235465176,
  "avg_nnzero_per_gene": 233.52014570795058,
  "min_cell": 0,
  "max_cell": 93479,
  "total_counts": 79372843,
  "overdispersion": 835.9191481028904,
  "s_index": 2960
}
