{
  "ncells": 3635,
  "ngenes": 63140,
  "nvals": 10930495,
  "density": 0.047624544744348817,
  "avg_counts_per_cell": 20627.84401650619,
  "avg_counts_per_gene": 1187.554846373139,
  "avg_nnzero_per_cell": 3007.0137551581843,
  "avg_nnzero_per_gene": 173.11522014570795,
  "min_cell": 319,
  "max_cell": 93479,
  "total_counts": 74982213,
  "overdispersion": 5.12664661047766,
  "s_index": 2960
}
