{
  "ncells": 5613,
  "ngenes": 63140,
  "nvals": 12001973,
  "density": 0.03386515172113066,
  "avg_counts_per_cell": 5358.41582041689,
  "avg_counts_per_gene": 476.3507760532151,
  "avg_nnzero_per_cell": 2138.2456796721895,
  "avg_nnzero_per_gene": 190.08509661070636,
  "min_cell": 27,
  "max_cell": 85280,
  "total_counts": 30076788,
  "overdispersion": 0.8959988322342779,
  "s_index": 3538
}
