{
  "ncells": 989961,
  "ngenes": 63140,
  "nvals": 15509048,
  "density": 0.00024812040241768555,
  "avg_counts_per_cell": 37.21556101705016,
  "avg_counts_per_gene": 583.4962622743111,
  "avg_nnzero_per_cell": 15.666322208652664,
  "avg_nnzero_per_gene": 245.62952169781437,
  "min_cell": 0,
  "max_cell": 85280,
  "total_counts": 36841954,
  "overdispersion": 67.00297273122935,
  "s_index": 3538
}
