{
	"numRecords": 104746150,
	"numReads": 260418238,
	"numBarcodes": 1276205,
	"medianReadsPerBarcode": 3.000000,
	"meanReadsPerBarcode": 204.056745,
	"numUMIs": 1048576,
	"numBarcodeUMIs": 63105304,
	"medianUMIsPerBarcode": 1.000000,
	"meanUMIsPerBarcode": 49.447623,
	"gtRecords": 38680166,
	"numTargets": 196472,
	"medianTargetsPerSet": 4.000000,
	"meanTargetsPerSet": 5.060435,
	"numSingleton": 45725130,
	"gtTargets": 5786,
	"numBarcodesOnWhitelist": 419858,
	"percentageBarcodesOnWhitelist": 32.898946,
	"numReadsOnWhitelist": 251649319,
	"percentageReadsOnWhitelist": 96.632755
}
