{"ncells": 6733, "ngenes": 60623, "nvals": 15166413, "density": 0.03715667463814798, "avg_counts_per_cell": 6770.561413931383, "avg_counts_per_gene": 751.961961631724, "avg_nnzero_per_cell": 2252.549086588445, "avg_nnzero_per_gene": 250.17589033865033, "min_cell": 69, "max_cell": 114380, "total_counts": 45586190, "overdispersion": 0.9278286319226736, "s_index": 4327}