{
	"numRecords": 57545123,
	"numReads": 157192892,
	"numBarcodes": 1414357,
	"medianReadsPerBarcode": 2.000000,
	"meanReadsPerBarcode": 111.140887,
	"numUMIs": 1048515,
	"numBarcodeUMIs": 29989896,
	"medianUMIsPerBarcode": 1.000000,
	"meanUMIsPerBarcode": 21.203908,
	"gtRecords": 23443713,
	"numBarcodesOnWhitelist": 413499,
	"percentageBarcodesOnWhitelist": 29.235829,
	"numReadsOnWhitelist": 152498998,
	"percentageReadsOnWhitelist": 97.013927
}
