{
  "ncells": 3457,
  "ngenes": 63140,
  "nvals": 974172,
  "density": 0.004463049315134515,
  "avg_counts_per_cell": 511.9962395140295,
  "avg_counts_per_gene": 28.032483370288247,
  "avg_nnzero_per_cell": 281.7969337575933,
  "avg_nnzero_per_gene": 15.428761482420018,
  "min_cell": 53,
  "max_cell": 4752,
  "total_counts": 1769971,
  "overdispersion": 0.2729017421356686,
  "s_index": 662
}
