{
  "ncells": 206766,
  "ngenes": 63140,
  "nvals": 1130830,
  "density": 0.00008661909017984922,
  "avg_counts_per_cell": 9.342329009605061,
  "avg_counts_per_gene": 30.593538169147926,
  "avg_nnzero_per_cell": 5.46912935395568,
  "avg_nnzero_per_gene": 17.909882800126702,
  "min_cell": 0,
  "max_cell": 4752,
  "total_counts": 1931676,
  "overdispersion": 68.1811632867146,
  "s_index": 662
}
