{
  "ncells": 801,
  "ngenes": 63140,
  "nvals": 593728,
  "density": 0.011739522619215686,
  "avg_counts_per_cell": 3331.717852684145,
  "avg_counts_per_gene": 42.26648717136522,
  "avg_nnzero_per_cell": 741.2334581772784,
  "avg_nnzero_per_gene": 9.403357617991764,
  "min_cell": 112,
  "max_cell": 58537,
  "total_counts": 2668706,
  "overdispersion": 3.8123004330922914,
  "s_index": 564
}
