{
  "ncells": 267329,
  "ngenes": 63140,
  "nvals": 845978,
  "density": 0.0000501196948089053,
  "avg_counts_per_cell": 11.195624118595438,
  "avg_counts_per_gene": 47.40125118783656,
  "avg_nnzero_per_cell": 3.1645575302342808,
  "avg_nnzero_per_gene": 13.398447893569845,
  "min_cell": 0,
  "max_cell": 58519,
  "total_counts": 2992915,
  "overdispersion": 1268.5278614925735,
  "s_index": 564
}
