{
  "ncells": 117086,
  "ngenes": 63140,
  "nvals": 619186,
  "density": 0.00008375516165704158,
  "avg_counts_per_cell": 12.125864748987924,
  "avg_counts_per_gene": 22.48604687994932,
  "avg_nnzero_per_cell": 5.288300907025605,
  "avg_nnzero_per_gene": 9.80655685777637,
  "min_cell": 0,
  "max_cell": 26550,
  "total_counts": 1419769,
  "overdispersion": 1061.318620124581,
  "s_index": 203
}
