{
  "ncells": 143,
  "ngenes": 63140,
  "nvals": 380775,
  "density": 0.042172350930665785,
  "avg_counts_per_cell": 8025.888111888112,
  "avg_counts_per_gene": 18.177098511244854,
  "avg_nnzero_per_cell": 2662.762237762238,
  "avg_nnzero_per_gene": 6.030646183085207,
  "min_cell": 292,
  "max_cell": 26550,
  "total_counts": 1147702,
  "overdispersion": 1.0165945042516373,
  "s_index": 143
}
