{
  "ncells": 362826,
  "ngenes": 63140,
  "nvals": 10390269,
  "density": 0.00045354858144580775,
  "avg_counts_per_cell": 60.62571866404282,
  "avg_counts_per_gene": 348.37800126702564,
  "avg_nnzero_per_cell": 28.6370574324883,
  "avg_nnzero_per_gene": 164.55921761165663,
  "min_cell": 0,
  "max_cell": 12475,
  "total_counts": 21996587,
  "overdispersion": 57.2990567887499,
  "s_index": 2297
}
