{
  "ncells": 11552,
  "ngenes": 63140,
  "nvals": 9759863,
  "density": 0.013380796433989631,
  "avg_counts_per_cell": 1839.4782721606648,
  "avg_counts_per_gene": 336.5481944884384,
  "avg_nnzero_per_cell": 844.8634868421053,
  "avg_nnzero_per_gene": 154.57496040544822,
  "min_cell": 0,
  "max_cell": 12475,
  "total_counts": 21249653,
  "overdispersion": 1.2155084896237225,
  "s_index": 2297
}
