{
	"numRecords": 27413402,
	"numReads": 149563051,
	"numBarcodes": 546496,
	"medianReadsPerBarcode": 5.000000,
	"meanReadsPerBarcode": 273.676387,
	"numUMIs": 1048381,
	"numBarcodeUMIs": 14035458,
	"medianUMIsPerBarcode": 1.000000,
	"meanUMIsPerBarcode": 25.682636,
	"gtRecords": 7105264,
	"numBarcodesOnWhitelist": 205042,
	"percentageBarcodesOnWhitelist": 37.519396,
	"numReadsOnWhitelist": 146127827,
	"percentageReadsOnWhitelist": 97.703160
}
