{"ncells": 1576, "ngenes": 60623, "nvals": 2446520, "density": 0.025606789602813627, "avg_counts_per_cell": 5418.2639593908625, "avg_counts_per_gene": 140.85716642198506, "avg_nnzero_per_cell": 1552.3604060913706, "avg_nnzero_per_gene": 40.35630041403428, "min_cell": 1236, "max_cell": 49284, "total_counts": 8539184, "overdispersion": 0.5449546806433077, "s_index": 1475}