{"ncells": 327, "ngenes": 60623, "nvals": 413068, "density": 0.0208370567765759, "avg_counts_per_cell": 4616.516819571865, "avg_counts_per_gene": 24.90145654289626, "avg_nnzero_per_cell": 1263.2048929663608, "avg_nnzero_per_gene": 6.81371756594032, "min_cell": 325, "max_cell": 19679, "total_counts": 1509601, "overdispersion": 0.6311584130453491, "s_index": 326}