{"ncells": 15628, "ngenes": 60623, "nvals": 1204660, "density": 0.0012715213694393865, "avg_counts_per_cell": 228.54799078576914, "avg_counts_per_gene": 58.917374593801036, "avg_nnzero_per_cell": 77.08343997952393, "avg_nnzero_per_gene": 19.87133596159873, "min_cell": 41, "max_cell": 58977, "total_counts": 3571748, "overdispersion": 216.12257039407677, "s_index": 370}