{
  "ncells": 3279,
  "ngenes": 63140,
  "nvals": 1907313,
  "density": 0.009212467625205,
  "avg_counts_per_cell": 1581.456846599573,
  "avg_counts_per_gene": 82.12855559075071,
  "avg_nnzero_per_cell": 581.6752058554438,
  "avg_nnzero_per_gene": 30.207681343047195,
  "min_cell": 2,
  "max_cell": 16094,
  "total_counts": 5185597,
  "overdispersion": 0.832922912894598,
  "s_index": 1368
}
