{
  "ncells": 232288,
  "ngenes": 63140,
  "nvals": 2199844,
  "density": 0.00014998938763466566,
  "avg_counts_per_cell": 23.75196738531478,
  "avg_counts_per_gene": 87.38196072220462,
  "avg_nnzero_per_cell": 9.47032993525279,
  "avg_nnzero_per_gene": 34.840734874881214,
  "min_cell": 0,
  "max_cell": 16094,
  "total_counts": 5517297,
  "overdispersion": 113.01979462665922,
  "s_index": 1368
}
