{
  "ncells": 3668,
  "ngenes": 63140,
  "nvals": 1579472,
  "density": 0.006819900316721871,
  "avg_counts_per_cell": 889.0591603053435,
  "avg_counts_per_gene": 51.64822616407982,
  "avg_nnzero_per_cell": 430.60850599781895,
  "avg_nnzero_per_gene": 25.015394361735826,
  "min_cell": 101,
  "max_cell": 10666,
  "total_counts": 3261069,
  "overdispersion": 1.3811924923632681,
  "s_index": 1064
}
