{
  "ncells": 277287,
  "ngenes": 63140,
  "nvals": 3005736,
  "density": 0.00017167883055186402,
  "avg_counts_per_cell": 18.07011147295041,
  "avg_counts_per_gene": 79.35709534368071,
  "avg_nnzero_per_cell": 10.839801361044694,
  "avg_nnzero_per_gene": 47.60430788723472,
  "min_cell": 0,
  "max_cell": 10666,
  "total_counts": 5010607,
  "overdispersion": 112.87336639387333,
  "s_index": 1064
}
