{
	"numRecords": 43422868,
	"numReads": 121490038,
	"numBarcodes": 570590,
	"medianReadsPerBarcode": 6.000000,
	"meanReadsPerBarcode": 212.920027,
	"numUMIs": 1047008,
	"numBarcodeUMIs": 16688858,
	"medianUMIsPerBarcode": 1.000000,
	"meanUMIsPerBarcode": 29.248424,
	"gtRecords": 16811596,
	"numBarcodesOnWhitelist": 214861,
	"percentageBarcodesOnWhitelist": 37.655935,
	"numReadsOnWhitelist": 117896134,
	"percentageReadsOnWhitelist": 97.041812
}
