{
  "ncells": 111285,
  "ngenes": 63140,
  "nvals": 274290,
  "density": 0.00003903631077104591,
  "avg_counts_per_cell": 4.312872354764793,
  "avg_counts_per_gene": 7.601488755147292,
  "avg_nnzero_per_cell": 2.4647526620838387,
  "avg_nnzero_per_gene": 4.3441558441558445,
  "min_cell": 0,
  "max_cell": 7845,
  "total_counts": 479958,
  "overdispersion": 843.0166868337591,
  "s_index": 234
}
