{
  "ncells": 239,
  "ngenes": 63140,
  "nvals": 117234,
  "density": 0.0077687492627792655,
  "avg_counts_per_cell": 1248.1589958158995,
  "avg_counts_per_gene": 4.72458029775103,
  "avg_nnzero_per_cell": 490.5188284518828,
  "avg_nnzero_per_gene": 1.8567310738042446,
  "min_cell": 133,
  "max_cell": 7845,
  "total_counts": 298310,
  "overdispersion": 1.6359207541232696,
  "s_index": 231
}
