{
	"numRecords": 13593921,
	"numReads": 25679752,
	"numBarcodes": 506640,
	"medianReadsPerBarcode": 2.000000,
	"meanReadsPerBarcode": 50.686389,
	"numUMIs": 1042458,
	"numBarcodeUMIs": 10697043,
	"medianUMIsPerBarcode": 1.000000,
	"meanUMIsPerBarcode": 21.113696,
	"gtRecords": 6616539,
	"numTargets": 168603,
	"medianTargetsPerSet": 3.000000,
	"meanTargetsPerSet": 3.607391,
	"numSingleton": 7422446,
	"gtTargets": 10947,
	"numBarcodesOnWhitelist": 251683,
	"percentageBarcodesOnWhitelist": 49.676891,
	"numReadsOnWhitelist": 24561242,
	"percentageReadsOnWhitelist": 95.644389
}
