{
  "ncells": 3829,
  "ngenes": 60623,
  "nvals": 3959490,
  "density": 0.017057542419505398,
  "avg_per_cell": 2078.330373465657,
  "avg_per_gene": 131.26910578493312,
  "min_cell": 116,
  "max_cell": 18141,
  "total_counts": 7957927,
  "overdispersion": 0.4709693086993182
}
