{"ncells": 2978, "ngenes": 60623, "nvals": 3740653, "density": 0.02071978789920158, "avg_per_cell": 2566.3760913364677, "avg_per_gene": 126.06878577437607, "min_cell": 805, "max_cell": 18141, "total_count": 7642668, "overdispersion": 0.31412921888588, "s_index": 1883}