{
  "ncells": 2158,
  "ngenes": 60623,
  "nvals": 2378382,
  "density": 0.018179952530885782,
  "avg_per_cell": 4180.373957367933,
  "avg_per_gene": 148.80898338914272,
  "min_cell": 409,
  "max_cell": 41414,
  "total_counts": 9021247,
  "overdispersion": 31.859236180063778
}
