{"ncells": 4629, "ngenes": 60623, "nvals": 2715888, "density": 0.009678036401657882, "avg_counts_per_cell": 2086.5093972780296, "avg_counts_per_gene": 159.31992808010162, "avg_nnzero_per_cell": 586.7116007777057, "avg_nnzero_per_gene": 44.79963050327434, "min_cell": 84, "max_cell": 41414, "total_counts": 9658452, "overdispersion": 64.24962098820853, "s_index": 1499}