{
	"numRecords": 146811315,
	"numReads": 303397522,
	"numBarcodes": 1560887,
	"medianReadsPerBarcode": 3.000000,
	"meanReadsPerBarcode": 194.375071,
	"numUMIs": 1048576,
	"numBarcodeUMIs": 93653165,
	"medianUMIsPerBarcode": 1.000000,
	"meanUMIsPerBarcode": 59.999965,
	"gtRecords": 59917113,
	"numTargets": 185539,
	"medianTargetsPerSet": 4.000000,
	"meanTargetsPerSet": 5.245935,
	"numSingleton": 42238732,
	"gtTargets": 6647,
	"numBarcodesOnWhitelist": 479897,
	"percentageBarcodesOnWhitelist": 30.745147,
	"numReadsOnWhitelist": 292196960,
	"percentageReadsOnWhitelist": 96.308288
}
