{
  "ncells": 8050,
  "ngenes": 60623,
  "nvals": 13974383,
  "density": 0.028635141757381917,
  "avg_per_cell": 7854.782857142857,
  "avg_per_gene": 1043.0200089075104,
  "min_cell": 110,
  "max_cell": 69640,
  "total_counts": 63231002,
  "overdispersion": 4.965603801011193
}
