{
	"numRecords": 46417471,
	"numReads": 87812390,
	"numBarcodes": 1660595,
	"medianReadsPerBarcode": 2.000000,
	"meanReadsPerBarcode": 52.880076,
	"numUMIs": 1048574,
	"numBarcodeUMIs": 39976105,
	"medianUMIsPerBarcode": 1.000000,
	"meanUMIsPerBarcode": 24.073362,
	"gtRecords": 18677337,
	"numBarcodesOnWhitelist": 20538,
	"percentageBarcodesOnWhitelist": 1.236786,
	"numReadsOnWhitelist": 1256570,
	"percentageReadsOnWhitelist": 1.430971
}
