{
  "ncells": 130,
  "ngenes": 60623,
  "nvals": 95081,
  "density": 0.012064601020937725,
  "avg_per_cell": 2250.753846153846,
  "avg_per_gene": 4.8265179882222915,
  "min_cell": 360,
  "max_cell": 20870,
  "total_counts": 292598,
  "overdispersion": 1.4136806105162412
}
