{"ncells": 874, "ngenes": 60623, "nvals": 213967, "density": 0.004038294065687359, "avg_per_cell": 544.5354691075515, "avg_per_gene": 7.850551770780067, "min_cell": 182, "max_cell": 20870, "total_count": 475924, "overdispersion": 5.6181167527501135, "s_index": 281}