{
  "ncells": 321428,
  "ngenes": 63140,
  "nvals": 3506398,
  "density": 0.00017277182722875222,
  "avg_counts_per_cell": 20.42684520328036,
  "avg_counts_per_gene": 103.98732974342731,
  "avg_nnzero_per_cell": 10.908813171223416,
  "avg_nnzero_per_gene": 55.53370288248337,
  "min_cell": 0,
  "max_cell": 18567,
  "total_counts": 6565760,
  "overdispersion": 74.65646821923296,
  "s_index": 1251
}
