{
  "ncells": 4981,
  "ngenes": 63140,
  "nvals": 2158644,
  "density": 0.006863725489136196,
  "avg_counts_per_cell": 1014.011041959446,
  "avg_counts_per_gene": 79.99349065568578,
  "avg_nnzero_per_cell": 433.37562738405944,
  "avg_nnzero_per_gene": 34.18821666138739,
  "min_cell": 1,
  "max_cell": 18567,
  "total_counts": 5050789,
  "overdispersion": 0.7959659539229025,
  "s_index": 1251
}
