{
  "ncells": 69,
  "ngenes": 63140,
  "nvals": 63426,
  "density": 0.014558400242387517,
  "avg_counts_per_cell": 3665.855072463768,
  "avg_counts_per_gene": 4.006081723154894,
  "avg_nnzero_per_cell": 919.2173913043479,
  "avg_nnzero_per_gene": 1.0045296167247386,
  "min_cell": 390,
  "max_cell": 31736,
  "total_counts": 252944,
  "overdispersion": 1.0993048424649414,
  "s_index": 69
}
