{
  "ncells": 26593,
  "ngenes": 63140,
  "nvals": 156081,
  "density": 0.0000929561499324494,
  "avg_counts_per_cell": 14.639077952844733,
  "avg_counts_per_gene": 6.165616091225847,
  "avg_nnzero_per_cell": 5.869251306734855,
  "avg_nnzero_per_gene": 2.471982895153627,
  "min_cell": 0,
  "max_cell": 31736,
  "total_counts": 389297,
  "overdispersion": 230.21026032195425,
  "s_index": 175
}
