{
  "ncells": 6030,
  "ngenes": 63140,
  "nvals": 5151559,
  "density": 0.013530591683121715,
  "avg_counts_per_cell": 2305.174792703151,
  "avg_counts_per_gene": 220.14893886601203,
  "avg_nnzero_per_cell": 854.3215588723051,
  "avg_nnzero_per_gene": 81.58946784922395,
  "min_cell": 139,
  "max_cell": 36287,
  "total_counts": 13900204,
  "overdispersion": 1.383252789553318,
  "s_index": 2218
}
