{
  "ncells": 309695,
  "ngenes": 63140,
  "nvals": 9057215,
  "density": 0.000463186513683088,
  "avg_counts_per_cell": 60.5918435880463,
  "avg_counts_per_gene": 297.19656319290465,
  "avg_nnzero_per_cell": 29.245596473950176,
  "avg_nnzero_per_gene": 143.44654735508394,
  "min_cell": 0,
  "max_cell": 36287,
  "total_counts": 18764991,
  "overdispersion": 189.16570806485532,
  "s_index": 2222
}
