{
  "ncells": 2471237,
  "ngenes": 63140,
  "nvals": 41383376,
  "density": 0.00026522040974031084,
  "avg_counts_per_cell": 77.25260183462775,
  "avg_counts_per_gene": 3023.590243902439,
  "avg_nnzero_per_cell": 16.746016671003225,
  "avg_nnzero_per_gene": 655.4224897054165,
  "min_cell": 0,
  "max_cell": 290778,
  "total_counts": 190909488,
  "overdispersion": 587.4721998516643,
  "s_index": 4990
}
