{
  "ncells": 5827,
  "ngenes": 63140,
  "nvals": 23697014,
  "density": 0.06440862523313017,
  "avg_counts_per_cell": 28722.623133688005,
  "avg_counts_per_gene": 2650.7241843522334,
  "avg_nnzero_per_cell": 4066.7605972198385,
  "avg_nnzero_per_gene": 375.3090592334495,
  "min_cell": 0,
  "max_cell": 290778,
  "total_counts": 167366725,
  "overdispersion": 0.737185620505669,
  "s_index": 4990
}
