{
  "ncells": 527449,
  "ngenes": 63140,
  "nvals": 13919105,
  "density": 0.0004179518579338717,
  "avg_counts_per_cell": 54.03686422763149,
  "avg_counts_per_gene": 451.40465631929044,
  "avg_nnzero_per_cell": 26.38948030994466,
  "avg_nnzero_per_gene": 220.4482895153627,
  "min_cell": 0,
  "max_cell": 43539,
  "total_counts": 28501690,
  "overdispersion": 327.2368138749816,
  "s_index": 1932
}
