{
  "ncells": 2705,
  "ngenes": 63140,
  "nvals": 4898098,
  "density": 0.028678446570336025,
  "avg_counts_per_cell": 6344.766358595194,
  "avg_counts_per_gene": 271.8180709534368,
  "avg_nnzero_per_cell": 1810.7571164510166,
  "avg_nnzero_per_gene": 77.57519797275894,
  "min_cell": 328,
  "max_cell": 43539,
  "total_counts": 17162593,
  "overdispersion": 2.6864754476949853,
  "s_index": 1932
}
