{
  "ncells": 6617,
  "ngenes": 63140,
  "nvals": 13884454,
  "density": 0.033232506149272645,
  "avg_counts_per_cell": 7298.105636995618,
  "avg_counts_per_gene": 764.8331485587584,
  "avg_nnzero_per_cell": 2098.3004382650747,
  "avg_nnzero_per_gene": 219.8994931897371,
  "min_cell": 143,
  "max_cell": 40508,
  "total_counts": 48291565,
  "overdispersion": 0.5647936302192438,
  "s_index": 4393
}
