{
  "ncells": 499544,
  "ngenes": 63140,
  "nvals": 18301079,
  "density": 0.0005802275837743306,
  "avg_counts_per_cell": 106.62590482520058,
  "avg_counts_per_gene": 843.5909249287298,
  "avg_nnzero_per_cell": 36.63556963951123,
  "avg_nnzero_per_gene": 289.8492081089642,
  "min_cell": 0,
  "max_cell": 40508,
  "total_counts": 53264331,
  "overdispersion": 95.83607436969196,
  "s_index": 4393
}
