{
	"numRecords": 44512923,
	"numReads": 142552762,
	"numBarcodes": 1120115,
	"medianReadsPerBarcode": 3.000000,
	"meanReadsPerBarcode": 127.266184,
	"numUMIs": 1048554,
	"numBarcodeUMIs": 28864542,
	"medianUMIsPerBarcode": 1.000000,
	"meanUMIsPerBarcode": 25.769267,
	"gtRecords": 14171613,
	"numTargets": 190366,
	"medianTargetsPerSet": 2.000000,
	"meanTargetsPerSet": 3.511024,
	"numSingleton": 59103207,
	"gtTargets": 6916,
	"numBarcodesOnWhitelist": 7976,
	"percentageBarcodesOnWhitelist": 0.712070,
	"numReadsOnWhitelist": 2481813,
	"percentageReadsOnWhitelist": 1.740979
}
