{"ncells": 175, "ngenes": 60623, "nvals": 85774, "density": 0.00808500309877675, "avg_per_cell": 2174.16, "avg_per_gene": 6.276132820876565, "min_cell": 104, "max_cell": 76962, "total_count": 380478, "overdispersion": 6.794699686885565, "s_index": 138}