{"ncells": 175, "ngenes": 60623, "nvals": 85774, "density": 0.00808500309877675, "avg_counts_per_cell": 2174.16, "avg_counts_per_gene": 6.276132820876565, "avg_nnzero_per_cell": 490.13714285714286, "avg_nnzero_per_gene": 1.4148755422859312, "min_cell": 104, "max_cell": 76962, "total_counts": 380478, "overdispersion": 6.794699686885565, "s_index": 138}