{
	"numRecords": 254766642,
	"numReads": 669381260,
	"numBarcodes": 2282041,
	"medianReadsPerBarcode": 2.000000,
	"meanReadsPerBarcode": 293.325694,
	"numUMIs": 1048576,
	"numBarcodeUMIs": 96905678,
	"medianUMIsPerBarcode": 1.000000,
	"meanUMIsPerBarcode": 42.464477,
	"gtRecords": 96200962,
	"numTargets": 184313,
	"medianTargetsPerSet": 5.000000,
	"meanTargetsPerSet": 5.622532,
	"numSingleton": 70431069,
	"gtTargets": 5997,
	"numBarcodesOnWhitelist": 477859,
	"percentageBarcodesOnWhitelist": 20.939983,
	"numReadsOnWhitelist": 650954847,
	"percentageReadsOnWhitelist": 97.247247
}
