{
  "ncells": 523523,
  "ngenes": 63140,
  "nvals": 13349895,
  "density": 0.000403866198019347,
  "avg_counts_per_cell": 134.8030363517935,
  "avg_counts_per_gene": 1117.7144440924928,
  "avg_nnzero_per_cell": 25.50011174294157,
  "avg_nnzero_per_gene": 211.43324358568262,
  "min_cell": 0,
  "max_cell": 79076,
  "total_counts": 70572490,
  "overdispersion": 311.0620682997464,
  "s_index": 3208
}
