{
  "ncells": 4041,
  "ngenes": 63140,
  "nvals": 11174909,
  "density": 0.04379762565161011,
  "avg_counts_per_cell": 16838.935906953724,
  "avg_counts_per_gene": 1077.702565726956,
  "avg_nnzero_per_cell": 2765.3820836426626,
  "avg_nnzero_per_gene": 176.98620525815647,
  "min_cell": 402,
  "max_cell": 79076,
  "total_counts": 68046140,
  "overdispersion": 1.6423578772256051,
  "s_index": 3208
}
