{
  "ncells": 414623,
  "ngenes": 63140,
  "nvals": 12267294,
  "density": 0.0004685876158362213,
  "avg_counts_per_cell": 79.27377883040738,
  "avg_counts_per_gene": 520.5690845739626,
  "avg_nnzero_per_cell": 29.58662206389901,
  "avg_nnzero_per_gene": 194.28720304086158,
  "min_cell": 0,
  "max_cell": 24877,
  "total_counts": 32868732,
  "overdispersion": 64.20464819138758,
  "s_index": 3045
}
