{
  "ncells": 11487,
  "ngenes": 63140,
  "nvals": 10133012,
  "density": 0.013970995679268234,
  "avg_counts_per_cell": 2567.6852964220425,
  "avg_counts_per_gene": 467.1365378523915,
  "avg_nnzero_per_cell": 882.1286671889962,
  "avg_nnzero_per_gene": 160.4848273677542,
  "min_cell": 326,
  "max_cell": 24877,
  "total_counts": 29495001,
  "overdispersion": 1.507475944982454,
  "s_index": 3045
}
