{"ncells": 9198, "ngenes": 60623, "nvals": 5991644, "density": 0.01074521654237432, "avg_per_cell": 3177.1667753859533, "avg_per_gene": 482.05433581314026, "min_cell": 85, "max_cell": 48765, "total_count": 29223580, "overdispersion": 4.251069861296463, "s_index": 3215}