{
	"numRecords": 5788904,
	"numReads": 24638241,
	"numBarcodes": 207142,
	"medianReadsPerBarcode": 3.000000,
	"meanReadsPerBarcode": 118.943725,
	"numUMIs": 793633,
	"numBarcodeUMIs": 2314265,
	"medianUMIsPerBarcode": 1.000000,
	"meanUMIsPerBarcode": 11.172360,
	"gtRecords": 2936802,
	"numTargets": 142495,
	"medianTargetsPerSet": 3.000000,
	"meanTargetsPerSet": 4.485363,
	"numSingleton": 5284321,
	"gtTargets": 7735,
	"numBarcodesOnWhitelist": 109717,
	"percentageBarcodesOnWhitelist": 52.967047,
	"numReadsOnWhitelist": 23546534,
	"percentageReadsOnWhitelist": 95.569055
}
