{
  "ncells": 757,
  "ngenes": 60623,
  "nvals": 387385,
  "density": 0.008441303139260028,
  "avg_per_cell": 1382.9339498018494,
  "avg_per_gene": 17.268709895584184,
  "min_cell": 23,
  "max_cell": 23376,
  "total_counts": 1046881,
  "overdispersion": 9.86948195234286
}
