{"ncells": 105, "ngenes": 60623, "nvals": 344658, "density": 0.05414540921526719, "avg_per_cell": 9332.180952380952, "avg_per_gene": 16.1634858057173, "min_cell": 1413, "max_cell": 23376, "total_count": 979879, "overdispersion": 0.6717697994092788, "s_index": 105}