{
	"numRecords": 81430220,
	"numReads": 217904813,
	"numBarcodes": 1797496,
	"medianReadsPerBarcode": 3.000000,
	"meanReadsPerBarcode": 121.226869,
	"numUMIs": 1048576,
	"numBarcodeUMIs": 57175255,
	"medianUMIsPerBarcode": 1.000000,
	"meanUMIsPerBarcode": 31.808279,
	"gtRecords": 26161774,
	"numTargets": 196127,
	"medianTargetsPerSet": 2.000000,
	"meanTargetsPerSet": 3.569700,
	"numSingleton": 86895938,
	"gtTargets": 6057,
	"numBarcodesOnWhitelist": 13490,
	"percentageBarcodesOnWhitelist": 0.750488,
	"numReadsOnWhitelist": 2972166,
	"percentageReadsOnWhitelist": 1.363974
}
