{
  "ncells": 166,
  "ngenes": 60623,
  "nvals": 143946,
  "density": 0.014303887605582915,
  "avg_per_cell": 3638.1385542168673,
  "avg_per_gene": 9.962077099450704,
  "min_cell": 181,
  "max_cell": 74025,
  "total_counts": 603931,
  "overdispersion": 5.137980937346168
}
