{"ncells": 166, "ngenes": 60623, "nvals": 143946, "density": 0.014303887605582915, "avg_counts_per_cell": 3638.1385542168673, "avg_counts_per_gene": 9.962077099450704, "avg_nnzero_per_cell": 867.144578313253, "avg_nnzero_per_gene": 2.374445342526764, "min_cell": 181, "max_cell": 74025, "total_counts": 603931, "overdispersion": 5.137980937346168, "s_index": 166}