{
  "ncells": 209062,
  "ngenes": 63140,
  "nvals": 3981768,
  "density": 0.00030164509913894566,
  "avg_counts_per_cell": 47.95428150500808,
  "avg_counts_per_gene": 158.78077288565095,
  "avg_nnzero_per_cell": 19.045871559633028,
  "avg_nnzero_per_gene": 63.06252771618625,
  "min_cell": 0,
  "max_cell": 15472,
  "total_counts": 10025418,
  "overdispersion": 92.19815141290198,
  "s_index": 2182
}
