{
  "ncells": 3133,
  "ngenes": 63140,
  "nvals": 3509497,
  "density": 0.017741073823454148,
  "avg_counts_per_cell": 2996.4739865943184,
  "avg_counts_per_gene": 148.68471650300918,
  "avg_nnzero_per_cell": 1120.171401212895,
  "avg_nnzero_per_gene": 55.58278428888185,
  "min_cell": 3,
  "max_cell": 15472,
  "total_counts": 9387953,
  "overdispersion": 0.7590485109014142,
  "s_index": 2182
}
