{
	"numRecords": 74754371,
	"numReads": 118985747,
	"numBarcodes": 2103788,
	"medianReadsPerBarcode": 1.000000,
	"meanReadsPerBarcode": 56.557860,
	"numUMIs": 1048575,
	"numBarcodeUMIs": 67815894,
	"medianUMIsPerBarcode": 1.000000,
	"meanUMIsPerBarcode": 32.235137,
	"gtRecords": 35243447,
	"numBarcodesOnWhitelist": 19580,
	"percentageBarcodesOnWhitelist": 0.930702,
	"numReadsOnWhitelist": 1943266,
	"percentageReadsOnWhitelist": 1.633192
}
