{
  "ncells": 69,
  "ngenes": 60623,
  "nvals": 107496,
  "density": 0.02569838251947711,
  "avg_per_cell": 10012.31884057971,
  "avg_per_gene": 11.39583986275836,
  "min_cell": 848,
  "max_cell": 67217,
  "total_counts": 690850,
  "overdispersion": 1.084599238670211
}
