{"ncells": 1017, "ngenes": 60623, "nvals": 297358, "density": 0.004823044289504565, "avg_per_cell": 987.1848574237955, "avg_per_gene": 16.560826748923677, "min_cell": 198, "max_cell": 67217, "total_count": 1003967, "overdispersion": 17.150991567904523, "s_index": 348}