{
  "ncells": 408584,
  "ngenes": 63140,
  "nvals": 4509317,
  "density": 0.000174793320827596,
  "avg_counts_per_cell": 16.985432616059366,
  "avg_counts_per_gene": 109.91409566043713,
  "avg_nnzero_per_cell": 11.036450277054412,
  "avg_nnzero_per_gene": 71.41775419702249,
  "min_cell": 0,
  "max_cell": 7394,
  "total_counts": 6939976,
  "overdispersion": 132.7149719666597,
  "s_index": 1213
}
