{
  "ncells": 6262,
  "ngenes": 63140,
  "nvals": 2240030,
  "density": 0.005665473257452754,
  "avg_counts_per_cell": 713.2411370169275,
  "avg_counts_per_gene": 70.73671206841938,
  "avg_nnzero_per_cell": 357.7179814755669,
  "avg_nnzero_per_gene": 35.477193538169146,
  "min_cell": 81,
  "max_cell": 7394,
  "total_counts": 4466316,
  "overdispersion": 1.5925990556993317,
  "s_index": 1213
}
