{
  "ncells": 904,
  "ngenes": 60623,
  "nvals": 1321074,
  "density": 0.024105785662995687,
  "avg_per_cell": 3722.1172566371683,
  "avg_per_gene": 55.50358774722465,
  "min_cell": 2414,
  "max_cell": 13159,
  "total_counts": 3364794,
  "overdispersion": 0.05687214097850846
}
