{
	"numRecords": 78700806,
	"numReads": 119413112,
	"numBarcodes": 1237435,
	"medianReadsPerBarcode": 1.000000,
	"meanReadsPerBarcode": 96.500513,
	"numUMIs": 1048576,
	"numBarcodeUMIs": 57663558,
	"medianUMIsPerBarcode": 1.000000,
	"meanUMIsPerBarcode": 46.599262,
	"gtRecords": 46885270,
	"numTargets": 168115,
	"medianTargetsPerSet": 4.000000,
	"meanTargetsPerSet": 5.304170,
	"numSingleton": 18153106,
	"gtTargets": 7645,
	"numBarcodesOnWhitelist": 313757,
	"percentageBarcodesOnWhitelist": 25.355433,
	"numReadsOnWhitelist": 113264948,
	"percentageReadsOnWhitelist": 94.851349
}
