{"ncells": 2733, "ngenes": 60623, "nvals": 8307144, "density": 0.050138886291051135, "avg_per_cell": 14486.623490669594, "avg_per_gene": 653.0845058806063, "min_cell": 281, "max_cell": 50888, "total_count": 39591942, "overdispersion": 0.3893990944218996, "s_index": 2518}