{
	"numRecords": 21411319,
	"numReads": 98482345,
	"numBarcodes": 556407,
	"medianReadsPerBarcode": 3.000000,
	"meanReadsPerBarcode": 176.996955,
	"numUMIs": 1040121,
	"numBarcodeUMIs": 10691848,
	"medianUMIsPerBarcode": 1.000000,
	"meanUMIsPerBarcode": 19.215876,
	"gtRecords": 6619967,
	"numBarcodesOnWhitelist": 187188,
	"percentageBarcodesOnWhitelist": 33.642280,
	"numReadsOnWhitelist": 94899516,
	"percentageReadsOnWhitelist": 96.361958
}
