{
  "ncells": 2127,
  "ngenes": 60623,
  "nvals": 2148253,
  "density": 0.01666021159497768,
  "avg_per_cell": 3059.7856135401976,
  "avg_per_gene": 107.35470036124903,
  "min_cell": 424,
  "max_cell": 43268,
  "total_counts": 6508164,
  "overdispersion": 0.9408737860571341
}
