{"ncells": 1940, "ngenes": 60623, "nvals": 2094379, "density": 0.01780803992088335, "avg_per_cell": 3293.1288659793813, "avg_per_gene": 105.3836002837207, "min_cell": 768, "max_cell": 43268, "total_count": 6388670, "overdispersion": 0.9362482283925176, "s_index": 1556}