{"ncells": 1940, "ngenes": 60623, "nvals": 2094379, "density": 0.01780803992088335, "avg_counts_per_cell": 3293.1288659793813, "avg_counts_per_gene": 105.3836002837207, "avg_nnzero_per_cell": 1079.5768041237113, "avg_nnzero_per_gene": 34.5475974465137, "min_cell": 768, "max_cell": 43268, "total_counts": 6388670, "overdispersion": 0.9362482283925176, "s_index": 1556}