{
	"numRecords": 78248768,
	"numReads": 305781010,
	"numBarcodes": 2045042,
	"medianReadsPerBarcode": 2.000000,
	"meanReadsPerBarcode": 149.523095,
	"numUMIs": 1048576,
	"numBarcodeUMIs": 51748034,
	"medianUMIsPerBarcode": 1.000000,
	"meanUMIsPerBarcode": 25.304142,
	"gtRecords": 26388872,
	"numBarcodesOnWhitelist": 342311,
	"percentageBarcodesOnWhitelist": 16.738580,
	"numReadsOnWhitelist": 298444949,
	"percentageReadsOnWhitelist": 97.600878
}
