{
  "ncells": 213662,
  "ngenes": 63140,
  "nvals": 3363517,
  "density": 0.0002493226648668421,
  "avg_counts_per_cell": 36.52340144714549,
  "avg_counts_per_gene": 123.5930155210643,
  "avg_nnzero_per_cell": 15.742233059692412,
  "avg_nnzero_per_gene": 53.27077922077922,
  "min_cell": 0,
  "max_cell": 43674,
  "total_counts": 7803663,
  "overdispersion": 155.22941330282532,
  "s_index": 1271
}
