{
  "ncells": 1287,
  "ngenes": 63140,
  "nvals": 1990863,
  "density": 0.02449955809157583,
  "avg_counts_per_cell": 4882.754467754467,
  "avg_counts_per_gene": 99.52652834969908,
  "avg_nnzero_per_cell": 1546.902097902098,
  "avg_nnzero_per_gene": 31.530931263858093,
  "min_cell": 475,
  "max_cell": 43674,
  "total_counts": 6284105,
  "overdispersion": 0.17678859430734561,
  "s_index": 1270
}
