{
  "ncells": 7858,
  "ngenes": 63140,
  "nvals": 11081312,
  "density": 0.02233441495960973,
  "avg_counts_per_cell": 13093.139093917027,
  "avg_counts_per_gene": 1629.4882324992082,
  "avg_nnzero_per_cell": 1410.1949605497582,
  "avg_nnzero_per_gene": 175.50383275261325,
  "min_cell": 0,
  "max_cell": 109401,
  "total_counts": 102885887,
  "overdispersion": 1.67404463219076,
  "s_index": 6895
}
