{
  "ncells": 414547,
  "ngenes": 63140,
  "nvals": 12604964,
  "density": 0.0004815742484253637,
  "avg_counts_per_cell": 257.5127548866594,
  "avg_counts_per_gene": 1690.705416534685,
  "avg_nnzero_per_cell": 30.40659804557746,
  "avg_nnzero_per_gene": 199.63515996198922,
  "min_cell": 0,
  "max_cell": 109401,
  "total_counts": 106751140,
  "overdispersion": 117.66640568792688,
  "s_index": 6895
}
