{
	"numRecords": 45434758,
	"numReads": 82325177,
	"numBarcodes": 1685835,
	"medianReadsPerBarcode": 2.000000,
	"meanReadsPerBarcode": 48.833472,
	"numUMIs": 1048575,
	"numBarcodeUMIs": 39601386,
	"medianUMIsPerBarcode": 1.000000,
	"meanUMIsPerBarcode": 23.490665,
	"gtRecords": 18791940,
	"numBarcodesOnWhitelist": 23662,
	"percentageBarcodesOnWhitelist": 1.403577,
	"numReadsOnWhitelist": 1377331,
	"percentageReadsOnWhitelist": 1.673037
}
