{"ncells": 682, "ngenes": 60623, "nvals": 212399, "density": 0.00513724962260145, "avg_counts_per_cell": 749.7228739002933, "avg_counts_per_gene": 8.434274120383353, "avg_nnzero_per_cell": 311.43548387096774, "avg_nnzero_per_gene": 3.5036042426141893, "min_cell": 219, "max_cell": 22024, "total_counts": 511311, "overdispersion": 9.378156894309976, "s_index": 284}