{"ncells": 2448, "ngenes": 60623, "nvals": 1661215, "density": 0.0111937861651982, "avg_counts_per_cell": 2008.2299836601308, "avg_counts_per_gene": 81.09375979413754, "avg_nnzero_per_cell": 678.6008986928105, "avg_nnzero_per_gene": 27.402388532405194, "min_cell": 457, "max_cell": 11991, "total_counts": 4916147, "overdispersion": 2.2244579962637463, "s_index": 1301}