{
	"numRecords": 14149190,
	"numReads": 110746824,
	"numBarcodes": 287423,
	"medianReadsPerBarcode": 2.000000,
	"meanReadsPerBarcode": 385.309540,
	"numUMIs": 1006013,
	"numBarcodeUMIs": 5191368,
	"medianUMIsPerBarcode": 1.000000,
	"meanUMIsPerBarcode": 18.061770,
	"gtRecords": 6315186,
	"numTargets": 154646,
	"medianTargetsPerSet": 3.000000,
	"meanTargetsPerSet": 4.378266,
	"numSingleton": 24344398,
	"gtTargets": 7246,
	"numBarcodesOnWhitelist": 111848,
	"percentageBarcodesOnWhitelist": 38.914074,
	"numReadsOnWhitelist": 107483679,
	"percentageReadsOnWhitelist": 97.053509
}
