{
  "ncells": 964,
  "ngenes": 60623,
  "nvals": 839416,
  "density": 0.014363582888955981,
  "avg_per_cell": 2028.7811203319502,
  "avg_per_gene": 32.260775613216104,
  "min_cell": 223,
  "max_cell": 11502,
  "total_counts": 1955745,
  "overdispersion": 0.7977904396625737
}
