{"ncells": 333, "ngenes": 60623, "nvals": 566935, "density": 0.028083524528768083, "avg_per_cell": 4485.192192192192, "avg_per_gene": 24.63700245781304, "min_cell": 2120, "max_cell": 11502, "total_count": 1493569, "overdispersion": 0.22132230019891788, "s_index": 333}