{
  "ncells": 4534,
  "ngenes": 63140,
  "nvals": 7034224,
  "density": 0.02457141124553736,
  "avg_counts_per_cell": 5729.896338773709,
  "avg_counts_per_gene": 411.4562876148242,
  "avg_nnzero_per_cell": 1551.4389060432288,
  "avg_nnzero_per_gene": 111.40677858726639,
  "min_cell": 338,
  "max_cell": 57363,
  "total_counts": 25979350,
  "overdispersion": 2.5992532279488896,
  "s_index": 2917
}
