{
  "ncells": 330295,
  "ngenes": 63140,
  "nvals": 8594724,
  "density": 0.0004121215816599729,
  "avg_counts_per_cell": 84.56659652734676,
  "avg_counts_per_gene": 442.3808045612924,
  "avg_nnzero_per_cell": 26.021356666010686,
  "avg_nnzero_per_gene": 136.12169781438075,
  "min_cell": 0,
  "max_cell": 57363,
  "total_counts": 27931924,
  "overdispersion": 221.57399040399133,
  "s_index": 2917
}
