{
  "ncells": 594130,
  "ngenes": 63140,
  "nvals": 22586631,
  "density": 0.0006020955217772207,
  "avg_counts_per_cell": 175.30998098059348,
  "avg_counts_per_gene": 1649.618609439341,
  "avg_nnzero_per_cell": 38.01631124501372,
  "avg_nnzero_per_gene": 357.72301235350017,
  "min_cell": 0,
  "max_cell": 111104,
  "total_counts": 104156919,
  "overdispersion": 205.76712618659417,
  "s_index": 4283
}
