{
  "ncells": 5559,
  "ngenes": 63140,
  "nvals": 15728799,
  "density": 0.04481199831587469,
  "avg_counts_per_cell": 17146.736823169635,
  "avg_counts_per_gene": 1509.640639847957,
  "avg_nnzero_per_cell": 2829.429573664328,
  "avg_nnzero_per_gene": 249.10989863794742,
  "min_cell": 499,
  "max_cell": 111104,
  "total_counts": 95318710,
  "overdispersion": 1.4675219665605033,
  "s_index": 4283
}
