{
  "ncells": 156843,
  "ngenes": 63140,
  "nvals": 1188796,
  "density": 0.00012004321465250469,
  "avg_counts_per_cell": 14.146069636515497,
  "avg_counts_per_gene": 35.13956287614824,
  "avg_nnzero_per_cell": 7.579528573159147,
  "avg_nnzero_per_gene": 18.827937915742794,
  "min_cell": 0,
  "max_cell": 17887,
  "total_counts": 2218712,
  "overdispersion": 20.52538409449862,
  "s_index": 400
}
