{
  "ncells": 441,
  "ngenes": 63140,
  "nvals": 299079,
  "density": 0.010740951432837943,
  "avg_counts_per_cell": 2170.4285714285716,
  "avg_counts_per_gene": 15.159312638580932,
  "avg_nnzero_per_cell": 678.1836734693877,
  "avg_nnzero_per_gene": 4.736759581881533,
  "min_cell": 50,
  "max_cell": 17887,
  "total_counts": 957159,
  "overdispersion": 1.1202965992590503,
  "s_index": 395
}
