{
	"numRecords": 52202543,
	"numReads": 223777660,
	"numBarcodes": 1004517,
	"medianReadsPerBarcode": 6.000000,
	"meanReadsPerBarcode": 222.771402,
	"numUMIs": 1048519,
	"numBarcodeUMIs": 28371545,
	"medianUMIsPerBarcode": 1.000000,
	"meanUMIsPerBarcode": 28.243967,
	"gtRecords": 16320225,
	"numTargets": 177042,
	"medianTargetsPerSet": 3.000000,
	"meanTargetsPerSet": 4.455715,
	"numSingleton": 50290507,
	"gtTargets": 6750,
	"numBarcodesOnWhitelist": 357429,
	"percentageBarcodesOnWhitelist": 35.582175,
	"numReadsOnWhitelist": 216770302,
	"percentageReadsOnWhitelist": 96.868607
}
