{
  "ncells": 4064,
  "ngenes": 60623,
  "nvals": 8061109,
  "density": 0.03271927486917013,
  "avg_per_cell": 4690.812746062992,
  "avg_per_gene": 314.45924814014484,
  "min_cell": 136,
  "max_cell": 23103,
  "total_counts": 19063463,
  "overdispersion": 0.4726751691173161
}
