{
  "ncells": 403904,
  "ngenes": 63140,
  "nvals": 3244886,
  "density": 0.00012723796424753136,
  "avg_counts_per_cell": 18.174704880367614,
  "avg_counts_per_gene": 116.26284447260058,
  "avg_nnzero_per_cell": 8.03380506258913,
  "avg_nnzero_per_gene": 51.39192271143491,
  "min_cell": 0,
  "max_cell": 17953,
  "total_counts": 7340836,
  "overdispersion": 282.4292117260667,
  "s_index": 1178
}
