{
  "ncells": 1697,
  "ngenes": 63140,
  "nvals": 1970783,
  "density": 0.018392992235641385,
  "avg_counts_per_cell": 3542.7530936947555,
  "avg_counts_per_gene": 95.21780171048464,
  "avg_nnzero_per_cell": 1161.3335297583972,
  "avg_nnzero_per_gene": 31.212907823883434,
  "min_cell": 88,
  "max_cell": 17953,
  "total_counts": 6012052,
  "overdispersion": 0.7620815008969088,
  "s_index": 1178
}
