{
  "ncells": 490193,
  "ngenes": 63140,
  "nvals": 12880914,
  "density": 0.00041617405101364855,
  "avg_counts_per_cell": 131.34722854059524,
  "avg_counts_per_gene": 1019.7258789990498,
  "avg_nnzero_per_cell": 26.27722958100177,
  "avg_nnzero_per_gene": 204.00560658853342,
  "min_cell": 0,
  "max_cell": 120894,
  "total_counts": 64385492,
  "overdispersion": 659.0502651819324,
  "s_index": 2896
}
