{
  "ncells": 3290,
  "ngenes": 63140,
  "nvals": 10224772,
  "density": 0.04922130875277884,
  "avg_counts_per_cell": 18126.358054711247,
  "avg_counts_per_gene": 944.4998099461515,
  "avg_nnzero_per_cell": 3107.8334346504557,
  "avg_nnzero_per_gene": 161.9381057966424,
  "min_cell": 769,
  "max_cell": 120894,
  "total_counts": 59635718,
  "overdispersion": 6.87403872406849,
  "s_index": 2896
}
