{
	"numRecords": 54048000,
	"numReads": 160022767,
	"numBarcodes": 815959,
	"medianReadsPerBarcode": 4.000000,
	"meanReadsPerBarcode": 196.116186,
	"numUMIs": 1048576,
	"numBarcodeUMIs": 27947557,
	"medianUMIsPerBarcode": 1.000000,
	"meanUMIsPerBarcode": 34.251178,
	"gtRecords": 20575270,
	"numTargets": 169579,
	"medianTargetsPerSet": 4.000000,
	"meanTargetsPerSet": 4.939044,
	"numSingleton": 21968220,
	"gtTargets": 7941,
	"numBarcodesOnWhitelist": 269310,
	"percentageBarcodesOnWhitelist": 33.005335,
	"numReadsOnWhitelist": 154596536,
	"percentageReadsOnWhitelist": 96.609088
}
