{
  "ncells": 4827,
  "ngenes": 60623,
  "nvals": 5626024,
  "density": 0.019225907900071948,
  "avg_per_cell": 3825.067951108349,
  "avg_per_gene": 304.5643237715059,
  "min_cell": 1360,
  "max_cell": 42624,
  "total_counts": 18463603,
  "overdispersion": 7.783499723084466
}
