{"ncells": 665, "ngenes": 60623, "nvals": 1266197, "density": 0.03140813947013088, "avg_per_cell": 9066.926315789473, "avg_per_gene": 99.45905019547037, "min_cell": 5164, "max_cell": 42624, "total_count": 6029506, "overdispersion": 2.389520183200062, "s_index": 665}