{"ncells": 8319, "ngenes": 60623, "nvals": 6718390, "density": 0.013321608381102992, "avg_per_cell": 2345.8889289578074, "avg_per_gene": 321.91494977153883, "min_cell": 110, "max_cell": 39720, "total_count": 19515450, "overdispersion": 5.288889135908832, "s_index": 2018}