{
	"numRecords": 69885292,
	"numReads": 152384659,
	"numBarcodes": 789608,
	"medianReadsPerBarcode": 3.000000,
	"meanReadsPerBarcode": 192.987734,
	"numUMIs": 1048575,
	"numBarcodeUMIs": 45542776,
	"medianUMIsPerBarcode": 1.000000,
	"meanUMIsPerBarcode": 57.677703,
	"gtRecords": 26891626,
	"numBarcodesOnWhitelist": 232858,
	"percentageBarcodesOnWhitelist": 29.490329,
	"numReadsOnWhitelist": 147997386,
	"percentageReadsOnWhitelist": 97.120922
}
