{
  "ncells": 6118,
  "ngenes": 63140,
  "nvals": 3049507,
  "density": 0.007894335589700726,
  "avg_counts_per_cell": 1068.6180124223602,
  "avg_counts_per_gene": 103.54458346531517,
  "avg_nnzero_per_cell": 498.4483491337038,
  "avg_nnzero_per_gene": 48.297545137789044,
  "min_cell": 0,
  "max_cell": 12884,
  "total_counts": 6537805,
  "overdispersion": 11.228658504244793,
  "s_index": 1365
}
