{
  "ncells": 374140,
  "ngenes": 63140,
  "nvals": 4504556,
  "density": 0.00019068356853743046,
  "avg_counts_per_cell": 21.926989896830065,
  "avg_counts_per_gene": 129.9297434273044,
  "avg_nnzero_per_cell": 12.03976051745336,
  "avg_nnzero_per_gene": 71.34235033259424,
  "min_cell": 0,
  "max_cell": 12884,
  "total_counts": 8203764,
  "overdispersion": 526.4923405129867,
  "s_index": 1365
}
