{
  "ncells": 360716,
  "ngenes": 63140,
  "nvals": 12595779,
  "density": 0.0005530380952846948,
  "avg_counts_per_cell": 79.00146929994789,
  "avg_counts_per_gene": 451.3318656952803,
  "avg_nnzero_per_cell": 34.91882533627563,
  "avg_nnzero_per_gene": 199.48968957871398,
  "min_cell": 0,
  "max_cell": 17497,
  "total_counts": 28497094,
  "overdispersion": 50.20539982891919,
  "s_index": 3065
}
