{
  "ncells": 10565,
  "ngenes": 63140,
  "nvals": 11290281,
  "density": 0.01692507773873997,
  "avg_counts_per_cell": 2529.3152863227638,
  "avg_counts_per_gene": 423.2216661387393,
  "avg_nnzero_per_cell": 1068.6494084240417,
  "avg_nnzero_per_gene": 178.81344630978776,
  "min_cell": 4,
  "max_cell": 17497,
  "total_counts": 26722216,
  "overdispersion": 0.848460710679548,
  "s_index": 3065
}
