{
	"numRecords": 33722417,
	"numReads": 36509270,
	"numBarcodes": 758585,
	"medianReadsPerBarcode": 1.000000,
	"meanReadsPerBarcode": 48.128120,
	"numUMIs": 1048576,
	"numBarcodeUMIs": 31882099,
	"medianUMIsPerBarcode": 1.000000,
	"meanUMIsPerBarcode": 42.028380,
	"gtRecords": 29140715,
	"numTargets": 166177,
	"medianTargetsPerSet": 4.000000,
	"meanTargetsPerSet": 4.887794,
	"numSingleton": 7185226,
	"gtTargets": 9667,
	"numBarcodesOnWhitelist": 290784,
	"percentageBarcodesOnWhitelist": 38.332422,
	"numReadsOnWhitelist": 34849227,
	"percentageReadsOnWhitelist": 95.453092
}
