{"ncells": 2693, "ngenes": 60623, "nvals": 5981598, "density": 0.03663898591661863, "avg_counts_per_cell": 7711.026735982176, "avg_counts_per_gene": 342.5398776042096, "avg_nnzero_per_cell": 2221.1652432231713, "avg_nnzero_per_gene": 98.66878907345396, "min_cell": 1837, "max_cell": 51488, "total_counts": 20765795, "overdispersion": 0.7690862877514808, "s_index": 2478}