{"ncells": 5399, "ngenes": 60623, "nvals": 19741952, "density": 0.06031694545153107, "avg_counts_per_cell": 19184.155584367476, "avg_counts_per_gene": 1708.514194282698, "avg_nnzero_per_cell": 3656.594184108168, "avg_nnzero_per_gene": 325.65118849281623, "min_cell": 3517, "max_cell": 67302, "total_counts": 103575256, "overdispersion": 1.233671670220605, "s_index": 4933}