{
	"numRecords": 96125419,
	"numReads": 212991991,
	"numBarcodes": 1806384,
	"medianReadsPerBarcode": 3.000000,
	"meanReadsPerBarcode": 117.910694,
	"numUMIs": 1048576,
	"numBarcodeUMIs": 67603243,
	"medianUMIsPerBarcode": 1.000000,
	"meanUMIsPerBarcode": 37.424625,
	"gtRecords": 32353443,
	"numBarcodesOnWhitelist": 517075,
	"percentageBarcodesOnWhitelist": 28.624866,
	"numReadsOnWhitelist": 205194549,
	"percentageReadsOnWhitelist": 96.339091
}
