{
  "ncells": 7998,
  "ngenes": 60623,
  "nvals": 14088442,
  "density": 0.02905655648691052,
  "avg_per_cell": 5300.895973993498,
  "avg_per_gene": 699.34787126998,
  "min_cell": 2387,
  "max_cell": 56356,
  "total_counts": 42396566,
  "overdispersion": 0.4752551644129255
}
