{
  "ncells": 56060,
  "ngenes": 63140,
  "nvals": 2293439,
  "density": 0.0006479321388651984,
  "avg_counts_per_cell": 340.32195861576884,
  "avg_counts_per_gene": 302.16105479885965,
  "avg_nnzero_per_cell": 40.91043524794863,
  "avg_nnzero_per_gene": 36.32307570478302,
  "min_cell": 159,
  "max_cell": 18445,
  "total_counts": 19078449,
  "overdispersion": 0.4383854182145953,
  "s_index": 1055
}
