{
  "ncells": 550348,
  "ngenes": 63140,
  "nvals": 3568307,
  "density": 0.0001026881291931326,
  "avg_counts_per_cell": 41.09934441480663,
  "avg_counts_per_gene": 358.2347481786506,
  "avg_nnzero_per_cell": 6.483728477254392,
  "avg_nnzero_per_gene": 56.51420652518213,
  "min_cell": 0,
  "max_cell": 18445,
  "total_counts": 22618942,
  "overdispersion": 9.475094106663501,
  "s_index": 1055
}
