{
	"numRecords": 79397054,
	"numReads": 184863762,
	"numBarcodes": 866397,
	"medianReadsPerBarcode": 3.000000,
	"meanReadsPerBarcode": 213.370732,
	"numUMIs": 1048576,
	"numBarcodeUMIs": 53239873,
	"medianUMIsPerBarcode": 1.000000,
	"meanUMIsPerBarcode": 61.449743,
	"gtRecords": 29635454,
	"numBarcodesOnWhitelist": 308455,
	"percentageBarcodesOnWhitelist": 35.602039,
	"numReadsOnWhitelist": 179393634,
	"percentageReadsOnWhitelist": 97.040995
}
