{"ncells": 3462, "ngenes": 60623, "nvals": 838158, "density": 0.003993570971956665, "avg_counts_per_cell": 1735.4133448873483, "avg_counts_per_gene": 99.10431684344226, "avg_nnzero_per_cell": 242.10225303292896, "avg_nnzero_per_gene": 13.825742704913976, "min_cell": 461, "max_cell": 14930, "total_counts": 6008001, "overdispersion": 0.6092368825151472, "s_index": 1576}