{
  "ncells": 5675,
  "ngenes": 60623,
  "nvals": 6260074,
  "density": 0.018196010426539528,
  "avg_per_cell": 3619.6051101321586,
  "avg_per_gene": 338.83606881876517,
  "min_cell": 1278,
  "max_cell": 45440,
  "total_counts": 20541259,
  "overdispersion": 11.242591373529793
}
