{"ncells": 686, "ngenes": 60623, "nvals": 1199877, "density": 0.028851951185766028, "avg_per_cell": 9833.081632653062, "avg_per_gene": 111.26955116045066, "min_cell": 4972, "max_cell": 45440, "total_count": 6745494, "overdispersion": 1.359234818566822, "s_index": 686}