{"ncells": 686, "ngenes": 60623, "nvals": 1199877, "density": 0.028851951185766028, "avg_counts_per_cell": 9833.081632653062, "avg_counts_per_gene": 111.26955116045066, "avg_nnzero_per_cell": 1749.091836734694, "avg_nnzero_per_gene": 19.792438513435496, "min_cell": 4972, "max_cell": 45440, "total_counts": 6745494, "overdispersion": 1.359234818566822, "s_index": 686}