{
	"numRecords": 53849090,
	"numReads": 355067863,
	"numBarcodes": 867727,
	"medianReadsPerBarcode": 3.000000,
	"meanReadsPerBarcode": 409.193056,
	"numUMIs": 1048572,
	"numBarcodeUMIs": 23422076,
	"medianUMIsPerBarcode": 1.000000,
	"meanUMIsPerBarcode": 26.992448,
	"gtRecords": 18516244,
	"numBarcodesOnWhitelist": 274687,
	"percentageBarcodesOnWhitelist": 31.655924,
	"numReadsOnWhitelist": 345709197,
	"percentageReadsOnWhitelist": 97.364260
}
