{
  "ncells": 2225407,
  "ngenes": 63140,
  "nvals": 44460320,
  "density": 0.0003164160879920783,
  "avg_counts_per_cell": 72.11446580333396,
  "avg_counts_per_gene": 2541.7174057649668,
  "avg_nnzero_per_cell": 19.97851179581982,
  "avg_nnzero_per_gene": 704.1545771301869,
  "min_cell": 0,
  "max_cell": 276536,
  "total_counts": 160484037,
  "overdispersion": 453.28768458338345,
  "s_index": 4721
}
