{
  "ncells": 5493,
  "ngenes": 63140,
  "nvals": 22541153,
  "density": 0.06499230656162094,
  "avg_counts_per_cell": 23898.612051702166,
  "avg_counts_per_gene": 2079.1111181501424,
  "avg_nnzero_per_cell": 4103.614236300747,
  "avg_nnzero_per_gene": 357.00273994298385,
  "min_cell": 1,
  "max_cell": 276536,
  "total_counts": 131275076,
  "overdispersion": 0.6221080258028141,
  "s_index": 4722
}
