{
	"numRecords": 33151785,
	"numReads": 79935998,
	"numBarcodes": 921826,
	"medianReadsPerBarcode": 2.000000,
	"meanReadsPerBarcode": 86.714844,
	"numUMIs": 1048572,
	"numBarcodeUMIs": 22341133,
	"medianUMIsPerBarcode": 1.000000,
	"meanUMIsPerBarcode": 24.235738,
	"gtRecords": 13104815,
	"numBarcodesOnWhitelist": 265006,
	"percentageBarcodesOnWhitelist": 28.747942,
	"numReadsOnWhitelist": 77652089,
	"percentageReadsOnWhitelist": 97.142828
}
