{
  "ncells": 10809,
  "ngenes": 60623,
  "nvals": 5467335,
  "density": 0.0083435859527387,
  "avg_per_cell": 1187.4666481635675,
  "avg_per_gene": 211.7237187206176,
  "min_cell": 244,
  "max_cell": 29334,
  "total_counts": 12835327,
  "overdispersion": 1.140771248166273
}
