{"ncells": 992, "ngenes": 60623, "nvals": 475847, "density": 0.007912582284058058, "avg_counts_per_cell": 1147.711693548387, "avg_counts_per_gene": 18.78049585140953, "avg_nnzero_per_cell": 479.6844758064516, "avg_nnzero_per_gene": 7.849281625785593, "min_cell": 696, "max_cell": 6505, "total_counts": 1138530, "overdispersion": 1.8135392133019657, "s_index": 781}