{"ncells": 992, "ngenes": 60623, "nvals": 475847, "density": 0.007912582284058058, "avg_per_cell": 1147.711693548387, "avg_per_gene": 18.78049585140953, "min_cell": 696, "max_cell": 6505, "total_count": 1138530, "overdispersion": 1.8135392133019657, "s_index": 781}