{
  "ncells": 780,
  "ngenes": 63140,
  "nvals": 132577,
  "density": 0.00269196250903568,
  "avg_counts_per_cell": 400.4051282051282,
  "avg_counts_per_gene": 4.946404814697497,
  "avg_nnzero_per_cell": 169.97051282051282,
  "avg_nnzero_per_gene": 2.0997307570478303,
  "min_cell": 17,
  "max_cell": 11669,
  "total_counts": 312316,
  "overdispersion": 3.9011106539203926,
  "s_index": 322
}
