{
  "ncells": 91548,
  "ngenes": 63140,
  "nvals": 291907,
  "density": 0.00005049996429968232,
  "avg_counts_per_cell": 5.748372438502207,
  "avg_counts_per_gene": 8.334684827367754,
  "avg_nnzero_per_cell": 3.188567745881942,
  "avg_nnzero_per_gene": 4.623170731707317,
  "min_cell": 0,
  "max_cell": 11669,
  "total_counts": 526252,
  "overdispersion": 252.0246312090711,
  "s_index": 322
}
