{
  "ncells": 109097,
  "ngenes": 63140,
  "nvals": 1490276,
  "density": 0.00021634622496643474,
  "avg_counts_per_cell": 268.3417692512168,
  "avg_counts_per_gene": 463.6566677225214,
  "avg_nnzero_per_cell": 13.66010064438069,
  "avg_nnzero_per_gene": 23.60272410516313,
  "min_cell": 0,
  "max_cell": 512139,
  "total_counts": 29275282,
  "overdispersion": 536.420859661336,
  "s_index": 670
}
