{
  "ncells": 659,
  "ngenes": 63140,
  "nvals": 788508,
  "density": 0.018950300966659825,
  "avg_counts_per_cell": 39621.40667678301,
  "avg_counts_per_gene": 413.5335286664555,
  "avg_nnzero_per_cell": 1196.5220030349014,
  "avg_nnzero_per_gene": 12.488248337028825,
  "min_cell": 1,
  "max_cell": 512139,
  "total_counts": 26110507,
  "overdispersion": 2.725908499738788,
  "s_index": 640
}
