{
	"numRecords": 93375672,
	"numReads": 304058071,
	"numBarcodes": 979324,
	"medianReadsPerBarcode": 5.000000,
	"meanReadsPerBarcode": 310.477504,
	"numUMIs": 1048574,
	"numBarcodeUMIs": 46467321,
	"medianUMIsPerBarcode": 1.000000,
	"meanUMIsPerBarcode": 47.448363,
	"gtRecords": 30677958,
	"numBarcodesOnWhitelist": 341384,
	"percentageBarcodesOnWhitelist": 34.859148,
	"numReadsOnWhitelist": 294328773,
	"percentageReadsOnWhitelist": 96.800184
}
