{
  "ncells": 5943,
  "ngenes": 60623,
  "nvals": 8675340,
  "density": 0.024079271862696608,
  "avg_per_cell": 5844.100622581188,
  "avg_per_gene": 572.9094568068225,
  "min_cell": 56,
  "max_cell": 77505,
  "total_counts": 34731490,
  "overdispersion": 12.047394657525139
}
