{"ncells": 5943, "ngenes": 60623, "nvals": 8675340, "density": 0.024079271862696608, "avg_counts_per_cell": 5844.100622581188, "avg_counts_per_gene": 572.9094568068225, "avg_nnzero_per_cell": 1459.7576981322563, "avg_nnzero_per_gene": 143.10311268000595, "min_cell": 56, "max_cell": 77505, "total_counts": 34731490, "overdispersion": 12.047394657525139, "s_index": 3073}