{
	"numRecords": 46784072,
	"numReads": 70842878,
	"numBarcodes": 1578587,
	"medianReadsPerBarcode": 2.000000,
	"meanReadsPerBarcode": 44.877399,
	"numUMIs": 1048572,
	"numBarcodeUMIs": 38987011,
	"medianUMIsPerBarcode": 1.000000,
	"meanUMIsPerBarcode": 24.697410,
	"gtRecords": 24400652,
	"numTargets": 178471,
	"medianTargetsPerSet": 4.000000,
	"meanTargetsPerSet": 5.231685,
	"numSingleton": 15471689,
	"gtTargets": 6799,
	"numBarcodesOnWhitelist": 26011,
	"percentageBarcodesOnWhitelist": 1.647739,
	"numReadsOnWhitelist": 1330361,
	"percentageReadsOnWhitelist": 1.877904
}
