{
  "ncells": 62,
  "ngenes": 60623,
  "nvals": 166052,
  "density": 0.04417891005915459,
  "avg_per_cell": 8286.59677419355,
  "avg_per_gene": 8.47481978786929,
  "min_cell": 958,
  "max_cell": 23340,
  "total_counts": 513769,
  "overdispersion": 0.44255329749701655
}
