{"ncells": 62, "ngenes": 60623, "nvals": 166052, "density": 0.04417891005915459, "avg_counts_per_cell": 8286.59677419355, "avg_counts_per_gene": 8.47481978786929, "avg_nnzero_per_cell": 2678.2580645161293, "avg_nnzero_per_gene": 2.739092423667585, "min_cell": 958, "max_cell": 23340, "total_counts": 513769, "overdispersion": 0.44255329749701655, "s_index": 62}