{
  "ncells": 6930,
  "ngenes": 63140,
  "nvals": 13055357,
  "density": 0.029836710468639515,
  "avg_counts_per_cell": 5412.878787878788,
  "avg_counts_per_gene": 594.0964523281597,
  "avg_nnzero_per_cell": 1883.889898989899,
  "avg_nnzero_per_gene": 206.76840354767185,
  "min_cell": 256,
  "max_cell": 41848,
  "total_counts": 37511250,
  "overdispersion": 0.925840393972939,
  "s_index": 3950
}
