{
  "ncells": 421384,
  "ngenes": 63140,
  "nvals": 15971322,
  "density": 0.0006002860441578756,
  "avg_counts_per_cell": 96.57946196343478,
  "avg_counts_per_gene": 644.5524231865695,
  "avg_nnzero_per_cell": 37.90206082812826,
  "avg_nnzero_per_gene": 252.95093443142224,
  "min_cell": 0,
  "max_cell": 41848,
  "total_counts": 40697040,
  "overdispersion": 99.52597689278542,
  "s_index": 3950
}
