{
  "ncells": 488507,
  "ngenes": 63140,
  "nvals": 14528625,
  "density": 0.0004710306259646217,
  "avg_counts_per_cell": 96.21409723913885,
  "avg_counts_per_gene": 744.3975292999684,
  "avg_nnzero_per_cell": 29.740873723406214,
  "avg_nnzero_per_gene": 230.10175799809946,
  "min_cell": 0,
  "max_cell": 43320,
  "total_counts": 47001260,
  "overdispersion": 109.22725226913529,
  "s_index": 4698
}
