{
  "ncells": 5276,
  "ngenes": 63140,
  "nvals": 12638935,
  "density": 0.03794033104047158,
  "avg_counts_per_cell": 8516.310841546627,
  "avg_counts_per_gene": 711.6258473234083,
  "avg_nnzero_per_cell": 2395.5525018953754,
  "avg_nnzero_per_gene": 200.17318656952804,
  "min_cell": 330,
  "max_cell": 43320,
  "total_counts": 44932056,
  "overdispersion": 0.2899877398679366,
  "s_index": 4698
}
