{
  "ncells": 118169,
  "ngenes": 63140,
  "nvals": 743702,
  "density": 0.00009967604821936021,
  "avg_counts_per_cell": 16.75692440487776,
  "avg_counts_per_gene": 31.361244852708268,
  "avg_nnzero_per_cell": 6.293545684570403,
  "avg_nnzero_per_gene": 11.778618942033576,
  "min_cell": 0,
  "max_cell": 20643,
  "total_counts": 1980149,
  "overdispersion": 501.777669216341,
  "s_index": 334
}
