{
  "ncells": 295,
  "ngenes": 63140,
  "nvals": 384231,
  "density": 0.02062841251348899,
  "avg_counts_per_cell": 5184.881355932203,
  "avg_counts_per_gene": 24.22458029775103,
  "avg_nnzero_per_cell": 1302.4779661016948,
  "avg_nnzero_per_gene": 6.0853816914792525,
  "min_cell": 399,
  "max_cell": 20643,
  "total_counts": 1529540,
  "overdispersion": 0.635542644188406,
  "s_index": 295
}
