{
  "ncells": 616344,
  "ngenes": 63140,
  "nvals": 8293370,
  "density": 0.00021310973610576335,
  "avg_counts_per_cell": 92.71902703684955,
  "avg_counts_per_gene": 905.0810262907823,
  "avg_nnzero_per_cell": 13.455748737717897,
  "avg_nnzero_per_gene": 131.3489071903706,
  "min_cell": 0,
  "max_cell": 70724,
  "total_counts": 57146816,
  "overdispersion": 9.298916433592124,
  "s_index": 1792
}
