{
  "ncells": 62714,
  "ngenes": 63140,
  "nvals": 6632412,
  "density": 0.0016749521983892184,
  "avg_counts_per_cell": 869.9816946774245,
  "avg_counts_per_gene": 864.1120050681026,
  "avg_nnzero_per_cell": 105.75648180629524,
  "avg_nnzero_per_gene": 105.04295216978144,
  "min_cell": 22,
  "max_cell": 70724,
  "total_counts": 54560032,
  "overdispersion": 0.1650349494895612,
  "s_index": 1792
}
