{
  "ncells": 592841,
  "ngenes": 63140,
  "nvals": 23281257,
  "density": 0.0006219616632555469,
  "avg_counts_per_cell": 187.54007398273737,
  "avg_counts_per_gene": 1760.871792841305,
  "avg_nnzero_per_cell": 39.27065941795524,
  "avg_nnzero_per_gene": 368.7243744060817,
  "min_cell": 0,
  "max_cell": 74809,
  "total_counts": 111181445,
  "overdispersion": 207.6989938818166,
  "s_index": 4851
}
