{
  "ncells": 6519,
  "ngenes": 63140,
  "nvals": 19577901,
  "density": 0.04756424083924561,
  "avg_counts_per_cell": 16372.82850130388,
  "avg_counts_per_gene": 1690.4413842255306,
  "avg_nnzero_per_cell": 3003.206166589968,
  "avg_nnzero_per_gene": 310.0712860310421,
  "min_cell": 402,
  "max_cell": 74809,
  "total_counts": 106734469,
  "overdispersion": 1.57100671855844,
  "s_index": 4851
}
