{
  "ncells": 398874,
  "ngenes": 63140,
  "nvals": 4326493,
  "density": 0.00017178913757844423,
  "avg_counts_per_cell": 16.124843935678935,
  "avg_counts_per_gene": 101.86539436173582,
  "avg_nnzero_per_cell": 10.846766146702969,
  "avg_nnzero_per_gene": 68.52222046246436,
  "min_cell": 0,
  "max_cell": 8356,
  "total_counts": 6431781,
  "overdispersion": 106.63298645446076,
  "s_index": 955
}
