{
  "ncells": 10591,
  "ngenes": 63140,
  "nvals": 3359465,
  "density": 0.005023756431993062,
  "avg_counts_per_cell": 509.571050892267,
  "avg_counts_per_gene": 85.47461197339246,
  "avg_nnzero_per_cell": 317.1999811160419,
  "avg_nnzero_per_gene": 53.20660437123852,
  "min_cell": 52,
  "max_cell": 8356,
  "total_counts": 5396867,
  "overdispersion": 2.9031974779975265,
  "s_index": 955
}
