{
	"numRecords": 158826590,
	"numReads": 300768204,
	"numBarcodes": 2243771,
	"medianReadsPerBarcode": 3.000000,
	"meanReadsPerBarcode": 134.045856,
	"numUMIs": 1048576,
	"numBarcodeUMIs": 93963093,
	"medianUMIsPerBarcode": 1.000000,
	"meanUMIsPerBarcode": 41.877310,
	"gtRecords": 66282786,
	"numTargets": 189981,
	"medianTargetsPerSet": 5.000000,
	"meanTargetsPerSet": 5.637665,
	"numSingleton": 49522429,
	"gtTargets": 4653,
	"numBarcodesOnWhitelist": 408523,
	"percentageBarcodesOnWhitelist": 18.206983,
	"numReadsOnWhitelist": 277439213,
	"percentageReadsOnWhitelist": 92.243532
}
