{"ncells": 5154, "ngenes": 60623, "nvals": 9832663, "density": 0.03146946185235057, "avg_counts_per_cell": 11474.106325184322, "avg_counts_per_gene": 975.4968246375138, "avg_nnzero_per_cell": 1907.7731858750485, "avg_nnzero_per_gene": 162.19360638701482, "min_cell": 80, "max_cell": 97078, "total_counts": 59137544, "overdispersion": 3.9142915023092466, "s_index": 2566}