{"ncells": 5154, "ngenes": 60623, "nvals": 9832663, "density": 0.03146946185235057, "avg_per_cell": 11474.106325184322, "avg_per_gene": 975.4968246375138, "min_cell": 80, "max_cell": 97078, "total_count": 59137544, "overdispersion": 3.9142915023092466, "s_index": 2566}