{"ncells": 3490, "ngenes": 60623, "nvals": 7311793, "density": 0.03455898961627045, "avg_per_cell": 6934.356733524355, "avg_per_gene": 399.2033551622321, "min_cell": 1706, "max_cell": 35400, "total_count": 24200905, "overdispersion": 2.060981218703364, "s_index": 3026}