{
	"numRecords": 37596005,
	"numReads": 142636483,
	"numBarcodes": 2716120,
	"medianReadsPerBarcode": 7.000000,
	"meanReadsPerBarcode": 52.514794,
	"numUMIs": 1048422,
	"numBarcodeUMIs": 20213548,
	"medianUMIsPerBarcode": 1.000000,
	"meanUMIsPerBarcode": 7.442067,
	"gtRecords": 11608209,
	"numBarcodesOnWhitelist": 26633,
	"percentageBarcodesOnWhitelist": 0.980553,
	"numReadsOnWhitelist": 2269674,
	"percentageReadsOnWhitelist": 1.591230
}
