{
  "ncells": 36,
  "ngenes": 60623,
  "nvals": 46774,
  "density": 0.021432093063322135,
  "avg_per_cell": 4387.277777777777,
  "avg_per_gene": 2.6053148145093448,
  "min_cell": 455,
  "max_cell": 22548,
  "total_counts": 157942,
  "overdispersion": 5.780513649098542
}
