{"ncells": 98, "ngenes": 60623, "nvals": 58618, "density": 0.009866599428316929, "avg_per_cell": 1798.6530612244899, "avg_per_gene": 2.9076093231941673, "min_cell": 169, "max_cell": 22548, "total_count": 176268, "overdispersion": 15.05922719875301, "s_index": 98}