{
  "ncells": 109404,
  "ngenes": 63140,
  "nvals": 415339,
  "density": 0.00006012636300600088,
  "avg_counts_per_cell": 6.123715769076085,
  "avg_counts_per_gene": 10.610690528983213,
  "avg_nnzero_per_cell": 3.796378560198896,
  "avg_nnzero_per_gene": 6.578064618308521,
  "min_cell": 0,
  "max_cell": 4849,
  "total_counts": 669959,
  "overdispersion": 173.51426232781438,
  "s_index": 350
}
