{
  "ncells": 1037,
  "ngenes": 63140,
  "nvals": 194797,
  "density": 0.0029750819305585634,
  "avg_counts_per_cell": 378.9363548698168,
  "avg_counts_per_gene": 6.22358251504593,
  "avg_nnzero_per_cell": 187.8466730954677,
  "avg_nnzero_per_gene": 3.0851599619892305,
  "min_cell": 14,
  "max_cell": 4849,
  "total_counts": 392957,
  "overdispersion": 2.9173947779396947,
  "s_index": 350
}
