{
  "ncells": 7294,
  "ngenes": 60623,
  "nvals": 496019,
  "density": 0.001121747549158036,
  "avg_per_cell": 111.15533315053469,
  "avg_per_gene": 13.373917490061528,
  "min_cell": 0,
  "max_cell": 740,
  "total_counts": 810767,
  "overdispersion": 1.126311491211958
}
