{"ncells": 3752, "ngenes": 60623, "nvals": 343294, "density": 0.0015092665928231267, "avg_per_cell": 154.5868869936034, "avg_per_gene": 9.56749088629728, "min_cell": 91, "max_cell": 740, "total_count": 580010, "overdispersion": 0.8005775163927084, "s_index": 258}