{
	"numRecords": 165827365,
	"numReads": 223146279,
	"numBarcodes": 2741318,
	"medianReadsPerBarcode": 2.000000,
	"meanReadsPerBarcode": 81.401092,
	"numUMIs": 1048573,
	"numBarcodeUMIs": 121742595,
	"medianUMIsPerBarcode": 1.000000,
	"meanUMIsPerBarcode": 44.410242,
	"gtRecords": 107482569,
	"numTargets": 188289,
	"medianTargetsPerSet": 4.000000,
	"meanTargetsPerSet": 5.022650,
	"numSingleton": 44774391,
	"gtTargets": 6989,
	"numBarcodesOnWhitelist": 517556,
	"percentageBarcodesOnWhitelist": 18.879824,
	"numReadsOnWhitelist": 214667165,
	"percentageReadsOnWhitelist": 96.200199
}
