{
  "ncells": 13930,
  "ngenes": 60623,
  "nvals": 24554674,
  "density": 0.029076734574581594,
  "avg_per_cell": 5656.370279971285,
  "avg_per_gene": 1299.7251538195073,
  "min_cell": 2525,
  "max_cell": 31285,
  "total_counts": 78793238,
  "overdispersion": 0.4320137385264494
}
