{
	"numRecords": 5212064,
	"numReads": 13073514,
	"numBarcodes": 1096208,
	"medianReadsPerBarcode": 3.000000,
	"meanReadsPerBarcode": 11.926125,
	"numUMIs": 1006253,
	"numBarcodeUMIs": 4493884,
	"medianUMIsPerBarcode": 1.000000,
	"meanUMIsPerBarcode": 4.099481,
	"gtRecords": 2206160,
	"numBarcodesOnWhitelist": 113829,
	"percentageBarcodesOnWhitelist": 10.383887,
	"numReadsOnWhitelist": 7075152,
	"percentageReadsOnWhitelist": 54.118212
}
