{"ncells": 1290, "ngenes": 60623, "nvals": 569905, "density": 0.007287445717061616, "avg_counts_per_cell": 934.3201550387597, "avg_counts_per_gene": 19.88144763538591, "avg_nnzero_per_cell": 441.78682170542635, "avg_nnzero_per_gene": 9.400804975009486, "min_cell": 614, "max_cell": 4831, "total_counts": 1205273, "overdispersion": 2.269335944114464, "s_index": 754}