{
  "ncells": 117950,
  "ngenes": 63140,
  "nvals": 1736203,
  "density": 0.00023312990114756054,
  "avg_counts_per_cell": 29.599347181008902,
  "avg_counts_per_gene": 55.29368070953437,
  "avg_nnzero_per_cell": 14.719821958456974,
  "avg_nnzero_per_gene": 27.497671840354766,
  "min_cell": 0,
  "max_cell": 16943,
  "total_counts": 3491243,
  "overdispersion": 187.04616684688855,
  "s_index": 661
}
