{
  "ncells": 763,
  "ngenes": 63140,
  "nvals": 987014,
  "density": 0.020487746757605785,
  "avg_counts_per_cell": 3476.7549148099606,
  "avg_counts_per_gene": 42.01400063351283,
  "avg_nnzero_per_cell": 1293.5963302752293,
  "avg_nnzero_per_gene": 15.632150776053216,
  "min_cell": 287,
  "max_cell": 16943,
  "total_counts": 2652764,
  "overdispersion": 0.8446664144423718,
  "s_index": 655
}
