{"ncells": 7633, "ngenes": 60623, "nvals": 13800911, "density": 0.02982463028073893, "avg_per_cell": 6984.569631861654, "avg_per_gene": 879.4223314583573, "min_cell": 121, "max_cell": 93237, "total_count": 53313220, "overdispersion": 3.3265122316677003, "s_index": 4140}