{"ncells": 7633, "ngenes": 60623, "nvals": 13800911, "density": 0.02982463028073893, "avg_counts_per_cell": 6984.569631861654, "avg_counts_per_gene": 879.4223314583573, "avg_nnzero_per_cell": 1808.0585615092361, "avg_nnzero_per_gene": 227.65140293288027, "min_cell": 121, "max_cell": 93237, "total_counts": 53313220, "overdispersion": 3.3265122316677003, "s_index": 4140}