{
  "ncells": 1933094,
  "ngenes": 63140,
  "nvals": 16482468,
  "density": 0.00013504070321415103,
  "avg_counts_per_cell": 32.96528259877688,
  "avg_counts_per_gene": 1009.2649667405765,
  "avg_nnzero_per_cell": 8.526470000941496,
  "avg_nnzero_per_gene": 261.0463731390561,
  "min_cell": 0,
  "max_cell": 85766,
  "total_counts": 63724990,
  "overdispersion": 37.06917656253248,
  "s_index": 2882
}
