{
  "ncells": 13845,
  "ngenes": 63140,
  "nvals": 9242374,
  "density": 0.010572702231925867,
  "avg_counts_per_cell": 2486.968364030336,
  "avg_counts_per_gene": 545.3290624010136,
  "avg_nnzero_per_cell": 667.5604189237993,
  "avg_nnzero_per_gene": 146.3790624010136,
  "min_cell": 20,
  "max_cell": 85788,
  "total_counts": 34432077,
  "overdispersion": 0.42431487952873137,
  "s_index": 2882
}
