{
	"numRecords": 98497599,
	"numReads": 333805393,
	"numBarcodes": 996674,
	"medianReadsPerBarcode": 6.000000,
	"meanReadsPerBarcode": 334.919335,
	"numUMIs": 1048574,
	"numBarcodeUMIs": 51675465,
	"medianUMIsPerBarcode": 1.000000,
	"meanUMIsPerBarcode": 51.847911,
	"gtRecords": 26906099,
	"numTargets": 182846,
	"medianTargetsPerSet": 4.000000,
	"meanTargetsPerSet": 5.004632,
	"numSingleton": 55204976,
	"gtTargets": 7074,
	"numBarcodesOnWhitelist": 389581,
	"percentageBarcodesOnWhitelist": 39.088107,
	"numReadsOnWhitelist": 325094081,
	"percentageReadsOnWhitelist": 97.390302
}
