{
  "ncells": 5556,
  "ngenes": 60623,
  "nvals": 8739031,
  "density": 0.025945594048795977,
  "avg_per_cell": 7092.2444204463645,
  "avg_per_gene": 649.9927420286031,
  "min_cell": 59,
  "max_cell": 60975,
  "total_counts": 39404510,
  "overdispersion": 11.64987673199406
}
