{"ncells": 5678, "ngenes": 60623, "nvals": 8745139, "density": 0.02540586022796977, "avg_counts_per_cell": 6941.082071151814, "avg_counts_per_gene": 650.1074509674546, "avg_nnzero_per_cell": 1540.1794646002113, "avg_nnzero_per_gene": 144.25447437441235, "min_cell": 56, "max_cell": 60975, "total_counts": 39411464, "overdispersion": 11.923692199984872, "s_index": 2605}