{"ncells": 5678, "ngenes": 60623, "nvals": 8745139, "density": 0.02540586022796977, "avg_per_cell": 6941.082071151814, "avg_per_gene": 650.1074509674546, "min_cell": 56, "max_cell": 60975, "total_count": 39411464, "overdispersion": 11.923692199984872, "s_index": 2605}