{
  "ncells": 4643,
  "ngenes": 63140,
  "nvals": 13688175,
  "density": 0.04669197966346047,
  "avg_counts_per_cell": 14315.62890372604,
  "avg_counts_per_gene": 1052.6997941083307,
  "avg_nnzero_per_cell": 2948.131595950894,
  "avg_nnzero_per_gene": 216.79086157744695,
  "min_cell": 287,
  "max_cell": 101337,
  "total_counts": 66467465,
  "overdispersion": 1.0638457496831972,
  "s_index": 3133
}
