{
  "ncells": 590598,
  "ngenes": 63140,
  "nvals": 31209728,
  "density": 0.0008369382840020662,
  "avg_counts_per_cell": 152.92479317573037,
  "avg_counts_per_gene": 1430.4256731073804,
  "avg_nnzero_per_cell": 52.84428325189046,
  "avg_nnzero_per_gene": 494.29407665505227,
  "min_cell": 0,
  "max_cell": 101337,
  "total_counts": 90317077,
  "overdispersion": 163.85241116812145,
  "s_index": 3133
}
