{
	"numRecords": 36437632,
	"numReads": 287122342,
	"numBarcodes": 687649,
	"medianReadsPerBarcode": 3.000000,
	"meanReadsPerBarcode": 417.542005,
	"numUMIs": 1048247,
	"numBarcodeUMIs": 15166588,
	"medianUMIsPerBarcode": 1.000000,
	"meanUMIsPerBarcode": 22.055712,
	"gtRecords": 11506664,
	"numBarcodesOnWhitelist": 260087,
	"percentageBarcodesOnWhitelist": 37.822639,
	"numReadsOnWhitelist": 279503017,
	"percentageReadsOnWhitelist": 97.346314
}
