{
  "ncells": 1731,
  "ngenes": 60623,
  "nvals": 2101686,
  "density": 0.020027804308418502,
  "avg_per_cell": 4626.908145580589,
  "avg_per_gene": 132.11451099417712,
  "min_cell": 275,
  "max_cell": 86953,
  "total_counts": 8009178,
  "overdispersion": 1.2726135924595
}
