{
  "ncells": 477327,
  "ngenes": 63140,
  "nvals": 16550873,
  "density": 0.0005491618099649195,
  "avg_counts_per_cell": 59.97812820142167,
  "avg_counts_per_gene": 453.42382008235666,
  "avg_nnzero_per_cell": 34.674076681185014,
  "avg_nnzero_per_gene": 262.12975926512513,
  "min_cell": 0,
  "max_cell": 52223,
  "total_counts": 28629180,
  "overdispersion": 318.3003348116369,
  "s_index": 2835
}
