{
  "ncells": 8709,
  "ngenes": 63140,
  "nvals": 11095344,
  "density": 0.020177525439533623,
  "avg_counts_per_cell": 2596.559536112068,
  "avg_counts_per_gene": 358.14756097560974,
  "avg_nnzero_per_cell": 1274.008956252153,
  "avg_nnzero_per_gene": 175.7260690528983,
  "min_cell": 121,
  "max_cell": 52223,
  "total_counts": 22613437,
  "overdispersion": 6.788430683362424,
  "s_index": 2835
}
