{
	"numRecords": 78856181,
	"numReads": 152021070,
	"numBarcodes": 2192988,
	"medianReadsPerBarcode": 2.000000,
	"meanReadsPerBarcode": 69.321433,
	"numUMIs": 1048539,
	"numBarcodeUMIs": 64649925,
	"medianUMIsPerBarcode": 1.000000,
	"meanUMIsPerBarcode": 29.480291,
	"gtRecords": 31137755,
	"numBarcodesOnWhitelist": 14559,
	"percentageBarcodesOnWhitelist": 0.663889,
	"numReadsOnWhitelist": 1978992,
	"percentageReadsOnWhitelist": 1.301788
}
