{
  "ncells": 87,
  "ngenes": 60623,
  "nvals": 237796,
  "density": 0.04508663966352439,
  "avg_per_cell": 8244.781609195403,
  "avg_per_gene": 11.832076934496808,
  "min_cell": 1029,
  "max_cell": 70175,
  "total_counts": 717296,
  "overdispersion": 10.37358967978014
}
