{"ncells": 182, "ngenes": 60623, "nvals": 250279, "density": 0.022683789001853104, "avg_per_cell": 4049.2417582417584, "avg_per_gene": 12.156475265163387, "min_cell": 111, "max_cell": 70175, "total_count": 736962, "overdispersion": 22.554961928607053, "s_index": 143}