{"ncells": 7337, "ngenes": 60623, "nvals": 7376029, "density": 0.016583136377700272, "avg_per_cell": 3379.299032302031, "avg_per_gene": 408.98531910331064, "min_cell": 53, "max_cell": 47730, "total_count": 24793917, "overdispersion": 4.659501239799522, "s_index": 2898}