{
  "ncells": 8977,
  "ngenes": 60623,
  "nvals": 1335170,
  "density": 0.0024533974880566497,
  "avg_per_cell": 255.45271248746798,
  "avg_per_gene": 37.82721079458291,
  "min_cell": 0,
  "max_cell": 6329,
  "total_counts": 2293199,
  "overdispersion": 4.883901004703625
}
