{"ncells": 14507, "ngenes": 60623, "nvals": 1743253, "density": 0.001982190480414615, "avg_per_cell": 197.27021437926518, "avg_per_gene": 47.2064892862445, "min_cell": 69, "max_cell": 6329, "total_count": 2861799, "overdispersion": 5.9558697791536765, "s_index": 514}