{
  "ncells": 117,
  "ngenes": 60623,
  "nvals": 256455,
  "density": 0.03615662499254535,
  "avg_per_cell": 5259.0940170940175,
  "avg_per_gene": 10.14984411856886,
  "min_cell": 711,
  "max_cell": 17483,
  "total_counts": 615314,
  "overdispersion": 0.535501912945569
}
