{"ncells": 183, "ngenes": 60623, "nvals": 265550, "density": 0.02393634257913438, "avg_per_cell": 3451.5409836065573, "avg_per_gene": 10.419015885060126, "min_cell": 120, "max_cell": 17483, "total_count": 631632, "overdispersion": 1.370260978644966, "s_index": 160}