{
	"numRecords": 113111109,
	"numReads": 203164791,
	"numBarcodes": 2886667,
	"medianReadsPerBarcode": 1.000000,
	"meanReadsPerBarcode": 70.380404,
	"numUMIs": 1048576,
	"numBarcodeUMIs": 69025026,
	"medianUMIsPerBarcode": 1.000000,
	"meanUMIsPerBarcode": 23.911669,
	"gtRecords": 58968345,
	"numTargets": 181949,
	"medianTargetsPerSet": 4.000000,
	"meanTargetsPerSet": 5.395869,
	"numSingleton": 39393626,
	"gtTargets": 6015,
	"numBarcodesOnWhitelist": 441839,
	"percentageBarcodesOnWhitelist": 15.306199,
	"numReadsOnWhitelist": 191415137,
	"percentageReadsOnWhitelist": 94.216688
}
