{
  "ncells": 7236,
  "ngenes": 60623,
  "nvals": 11640516,
  "density": 0.026536048348615913,
  "avg_per_cell": 5643.505804311774,
  "avg_per_gene": 673.6124573181796,
  "min_cell": 1680,
  "max_cell": 28569,
  "total_counts": 40836408,
  "overdispersion": 0.26381058856655726
}
