{"ncells": 3302, "ngenes": 60623, "nvals": 7235732, "density": 0.03614664383315766, "avg_counts_per_cell": 8339.616293155663, "avg_counts_per_gene": 454.2403543209673, "avg_nnzero_per_cell": 2191.3179890975166, "avg_nnzero_per_gene": 119.35621793708658, "min_cell": 5024, "max_cell": 28569, "total_counts": 27537413, "overdispersion": 0.19694138412915563, "s_index": 3302}