{"ncells": 3302, "ngenes": 60623, "nvals": 7235732, "density": 0.03614664383315766, "avg_per_cell": 8339.616293155663, "avg_per_gene": 454.2403543209673, "min_cell": 5024, "max_cell": 28569, "total_count": 27537413, "overdispersion": 0.19694138412915563, "s_index": 3302}