{
	"numRecords": 42606919,
	"numReads": 173535386,
	"numBarcodes": 991019,
	"medianReadsPerBarcode": 2.000000,
	"meanReadsPerBarcode": 175.108031,
	"numUMIs": 1048575,
	"numBarcodeUMIs": 25166983,
	"medianUMIsPerBarcode": 1.000000,
	"meanUMIsPerBarcode": 25.395056,
	"gtRecords": 13366289,
	"numBarcodesOnWhitelist": 184342,
	"percentageBarcodesOnWhitelist": 18.601258,
	"numReadsOnWhitelist": 169469013,
	"percentageReadsOnWhitelist": 97.656747
}
