{
  "ncells": 6277,
  "ngenes": 60623,
  "nvals": 4338653,
  "density": 0.01140158854674517,
  "avg_per_cell": 2185.921618607615,
  "avg_per_gene": 226.33373472114545,
  "min_cell": 364,
  "max_cell": 29870,
  "total_counts": 13721030,
  "overdispersion": 6.4356100062640715
}
