{
  "ncells": 5555,
  "ngenes": 60623,
  "nvals": 8254813,
  "density": 0.02451239532016148,
  "avg_per_cell": 5935.478127812781,
  "avg_per_gene": 543.8790722992924,
  "min_cell": 98,
  "max_cell": 69833,
  "total_counts": 32971581,
  "overdispersion": 1.6496345362271627
}
