{
	"numRecords": 31605936,
	"numReads": 74062449,
	"numBarcodes": 908499,
	"medianReadsPerBarcode": 3.000000,
	"meanReadsPerBarcode": 81.521773,
	"numUMIs": 1048433,
	"numBarcodeUMIs": 22960940,
	"medianUMIsPerBarcode": 1.000000,
	"meanUMIsPerBarcode": 25.273490,
	"gtRecords": 11100242,
	"numTargets": 182731,
	"medianTargetsPerSet": 2.000000,
	"meanTargetsPerSet": 3.524444,
	"numSingleton": 29794596,
	"gtTargets": 7299,
	"numBarcodesOnWhitelist": 6889,
	"percentageBarcodesOnWhitelist": 0.758284,
	"numReadsOnWhitelist": 1429927,
	"percentageReadsOnWhitelist": 1.930704
}
