{"ncells": 125, "ngenes": 60623, "nvals": 95237, "density": 0.012567771307919437, "avg_counts_per_cell": 2734.952, "avg_counts_per_gene": 5.639262326179833, "avg_nnzero_per_cell": 761.896, "avg_nnzero_per_gene": 1.5709714134899295, "min_cell": 125, "max_cell": 34619, "total_counts": 341869, "overdispersion": 4.067214662765185, "s_index": 125}