{
	"numRecords": 55346395,
	"numReads": 101559259,
	"numBarcodes": 1185183,
	"medianReadsPerBarcode": 1.000000,
	"meanReadsPerBarcode": 85.690783,
	"numUMIs": 1048576,
	"numBarcodeUMIs": 37157825,
	"medianUMIsPerBarcode": 1.000000,
	"meanUMIsPerBarcode": 31.351973,
	"gtRecords": 31191755,
	"numTargets": 162090,
	"medianTargetsPerSet": 4.000000,
	"meanTargetsPerSet": 5.093959,
	"numSingleton": 17217554,
	"gtTargets": 7378,
	"numBarcodesOnWhitelist": 243099,
	"percentageBarcodesOnWhitelist": 20.511516,
	"numReadsOnWhitelist": 95832331,
	"percentageReadsOnWhitelist": 94.360999
}
