{"ncells": 2263, "ngenes": 60623, "nvals": 5236668, "density": 0.03817095826091331, "avg_counts_per_cell": 9920.94211224039, "avg_counts_per_gene": 370.33950810748394, "avg_nnzero_per_cell": 2314.0380026513476, "avg_nnzero_per_gene": 86.38087854444683, "min_cell": 330, "max_cell": 35601, "total_counts": 22451092, "overdispersion": 0.36868512963115596, "s_index": 2128}