{
  "ncells": 804,
  "ngenes": 63140,
  "nvals": 167914,
  "density": 0.0033077012782145652,
  "avg_counts_per_cell": 527.4800995024875,
  "avg_counts_per_gene": 6.716724738675958,
  "avg_nnzero_per_cell": 208.84825870646767,
  "avg_nnzero_per_gene": 2.6593918276845105,
  "min_cell": 34,
  "max_cell": 6780,
  "total_counts": 424094,
  "overdispersion": 5.323013443585431,
  "s_index": 353
}
