{
  "ncells": 145398,
  "ngenes": 63140,
  "nvals": 492690,
  "density": 0.000053667422443924554,
  "avg_counts_per_cell": 5.865754687134624,
  "avg_counts_per_gene": 13.507586316122902,
  "avg_nnzero_per_cell": 3.388561053109396,
  "avg_nnzero_per_gene": 7.803135888501743,
  "min_cell": 0,
  "max_cell": 6780,
  "total_counts": 852869,
  "overdispersion": 291.98247372845765,
  "s_index": 353
}
