{"ncells": 3017, "ngenes": 60623, "nvals": 3414587, "density": 0.018669188822844334, "avg_counts_per_cell": 2392.4080212131257, "avg_counts_per_gene": 119.06198967388615, "avg_nnzero_per_cell": 1131.7822340072921, "avg_nnzero_per_gene": 56.32494267852135, "min_cell": 385, "max_cell": 14547, "total_counts": 7217895, "overdispersion": 0.16933262300547874, "s_index": 1912}