{
  "ncells": 3721,
  "ngenes": 63140,
  "nvals": 6226503,
  "density": 0.026502079602478787,
  "avg_counts_per_cell": 6129.671593657619,
  "avg_counts_per_gene": 361.23706050047514,
  "avg_nnzero_per_cell": 1673.3413061005106,
  "avg_nnzero_per_gene": 98.61423820082356,
  "min_cell": 286,
  "max_cell": 56865,
  "total_counts": 22808508,
  "overdispersion": 1.2340232429940285,
  "s_index": 2481
}
