{
  "ncells": 317664,
  "ngenes": 63140,
  "nvals": 7603848,
  "density": 0.0003791061668137492,
  "avg_counts_per_cell": 76.98178578623956,
  "avg_counts_per_gene": 387.3034843205575,
  "avg_nnzero_per_cell": 23.936763372620128,
  "avg_nnzero_per_gene": 120.42838137472283,
  "min_cell": 0,
  "max_cell": 56865,
  "total_counts": 24454342,
  "overdispersion": 169.2680669780877,
  "s_index": 2481
}
