{
  "ncells": 456232,
  "ngenes": 63140,
  "nvals": 6933895,
  "density": 0.00024070601332800838,
  "avg_counts_per_cell": 26.7454803696365,
  "avg_counts_per_gene": 193.2553690212227,
  "avg_nnzero_per_cell": 15.19817768153045,
  "avg_nnzero_per_gene": 109.81778587266392,
  "min_cell": 0,
  "max_cell": 21647,
  "total_counts": 12202144,
  "overdispersion": 46.09478631526367,
  "s_index": 994
}
