{
  "ncells": 7693,
  "ngenes": 63140,
  "nvals": 1410859,
  "density": 0.0029045797344821166,
  "avg_counts_per_cell": 565.1448069673729,
  "avg_counts_per_gene": 68.85744377573646,
  "avg_nnzero_per_cell": 183.39516443520083,
  "avg_nnzero_per_gene": 22.344931897370923,
  "min_cell": 83,
  "max_cell": 21647,
  "total_counts": 4347659,
  "overdispersion": 1.983695264573222,
  "s_index": 994
}
