{
	"numRecords": 132179343,
	"numReads": 268584931,
	"numBarcodes": 1424185,
	"medianReadsPerBarcode": 3.000000,
	"meanReadsPerBarcode": 188.588513,
	"numUMIs": 1048576,
	"numBarcodeUMIs": 85799793,
	"medianUMIsPerBarcode": 1.000000,
	"meanUMIsPerBarcode": 60.244837,
	"gtRecords": 57339939,
	"numTargets": 188122,
	"medianTargetsPerSet": 4.000000,
	"meanTargetsPerSet": 5.131354,
	"numSingleton": 65132666,
	"gtTargets": 5980,
	"numBarcodesOnWhitelist": 472753,
	"percentageBarcodesOnWhitelist": 33.194634,
	"numReadsOnWhitelist": 259041678,
	"percentageReadsOnWhitelist": 96.446840
}
