{
  "ncells": 2612,
  "ngenes": 60623,
  "nvals": 3013362,
  "density": 0.0190300842308143,
  "avg_per_cell": 3750.031393568147,
  "avg_per_gene": 161.5736931527638,
  "min_cell": 51,
  "max_cell": 43730,
  "total_counts": 9795082,
  "overdispersion": 0.5909955821600512
}
