{"ncells": 2072, "ngenes": 60623, "nvals": 2982861, "density": 0.02374684079853735, "avg_counts_per_cell": 4704.854247104247, "avg_counts_per_gene": 160.804612110915, "avg_nnzero_per_cell": 1439.6047297297298, "avg_nnzero_per_gene": 49.20345413456939, "min_cell": 193, "max_cell": 43730, "total_counts": 9748458, "overdispersion": 0.2721922906878368, "s_index": 1733}