{
	"numRecords": 27244522,
	"numReads": 107973825,
	"numBarcodes": 585402,
	"medianReadsPerBarcode": 2.000000,
	"meanReadsPerBarcode": 184.443895,
	"numUMIs": 1048105,
	"numBarcodeUMIs": 13231143,
	"medianUMIsPerBarcode": 1.000000,
	"meanUMIsPerBarcode": 22.601807,
	"gtRecords": 12093968,
	"numTargets": 156709,
	"medianTargetsPerSet": 4.000000,
	"meanTargetsPerSet": 4.759746,
	"numSingleton": 20136546,
	"gtTargets": 5901,
	"numBarcodesOnWhitelist": 186046,
	"percentageBarcodesOnWhitelist": 31.780896,
	"numReadsOnWhitelist": 103800889,
	"percentageReadsOnWhitelist": 96.135234
}
