{
  "ncells": 1497,
  "ngenes": 60623,
  "nvals": 2512617,
  "density": 0.02768643699156226,
  "avg_per_cell": 4701.165664662659,
  "avg_per_gene": 116.08869570954919,
  "min_cell": 104,
  "max_cell": 65629,
  "total_counts": 7037645,
  "overdispersion": 0.2077451252390221
}
