{"ncells": 3272, "ngenes": 60623, "nvals": 2590955, "density": 0.013061984108204593, "avg_counts_per_cell": 2177.590464547677, "avg_counts_per_gene": 117.53090411230062, "avg_nnzero_per_cell": 791.856662591687, "avg_nnzero_per_gene": 42.73881200204543, "min_cell": 39, "max_cell": 65629, "total_counts": 7125076, "overdispersion": 1.608896549574516, "s_index": 1348}