{
  "ncells": 6073,
  "ngenes": 63140,
  "nvals": 16080205,
  "density": 0.0419356831655571,
  "avg_counts_per_cell": 14624.257204017784,
  "avg_counts_per_gene": 1406.6061767500792,
  "avg_nnzero_per_cell": 2647.8190350732752,
  "avg_nnzero_per_gene": 254.67540386442826,
  "min_cell": 273,
  "max_cell": 109380,
  "total_counts": 88813114,
  "overdispersion": 2.8330559710759062,
  "s_index": 4342
}
