{
  "ncells": 603027,
  "ngenes": 63140,
  "nvals": 22922026,
  "density": 0.0006020210342696085,
  "avg_counts_per_cell": 161.5708119205276,
  "avg_counts_per_gene": 1543.1036110231232,
  "avg_nnzero_per_cell": 38.01160810378308,
  "avg_nnzero_per_gene": 363.0349382324992,
  "min_cell": 0,
  "max_cell": 109380,
  "total_counts": 97431562,
  "overdispersion": 270.1556605170583,
  "s_index": 4342
}
