{
  "ncells": 110838,
  "ngenes": 63140,
  "nvals": 392747,
  "density": 0.00005612025273548419,
  "avg_counts_per_cell": 5.650174128006641,
  "avg_counts_per_gene": 9.918498574596136,
  "avg_nnzero_per_cell": 3.543432757718472,
  "avg_nnzero_per_gene": 6.220256572695597,
  "min_cell": 0,
  "max_cell": 5962,
  "total_counts": 626254,
  "overdispersion": 181.6439408939339,
  "s_index": 339
}
