{
  "ncells": 990,
  "ngenes": 63140,
  "nvals": 187609,
  "density": 0.0030013310168520812,
  "avg_counts_per_cell": 374.7030303030303,
  "avg_counts_per_gene": 5.875134621476085,
  "avg_nnzero_per_cell": 189.5040404040404,
  "avg_nnzero_per_gene": 2.9713177066835605,
  "min_cell": 22,
  "max_cell": 5962,
  "total_counts": 370956,
  "overdispersion": 3.0819476451349974,
  "s_index": 339
}
