{
  "ncells": 3087,
  "ngenes": 63140,
  "nvals": 8876549,
  "density": 0.04554104037500183,
  "avg_counts_per_cell": 12204.520894071915,
  "avg_counts_per_gene": 596.6955337345581,
  "avg_nnzero_per_cell": 2875.461289277616,
  "avg_nnzero_per_gene": 140.58519163763066,
  "min_cell": 233,
  "max_cell": 53736,
  "total_counts": 37675356,
  "overdispersion": 0.5197259141065322,
  "s_index": 2610
}
