{
  "ncells": 498322,
  "ngenes": 63140,
  "nvals": 16858011,
  "density": 0.0005357864108832359,
  "avg_counts_per_cell": 94.29237119773961,
  "avg_counts_per_gene": 744.1869337979094,
  "avg_nnzero_per_cell": 33.82955398316751,
  "avg_nnzero_per_gene": 266.99415584415584,
  "min_cell": 0,
  "max_cell": 53736,
  "total_counts": 46987963,
  "overdispersion": 196.98348739425177,
  "s_index": 2610
}
