{
  "ncells": 125977,
  "ngenes": 63140,
  "nvals": 1924665,
  "density": 0.00024196876579144578,
  "avg_counts_per_cell": 34.658072505298584,
  "avg_counts_per_gene": 69.14982578397212,
  "avg_nnzero_per_cell": 15.277907872071886,
  "avg_nnzero_per_gene": 30.482499208108965,
  "min_cell": 0,
  "max_cell": 16139,
  "total_counts": 4366120,
  "overdispersion": 153.8057898904577,
  "s_index": 781
}
