{
  "ncells": 885,
  "ngenes": 63140,
  "nvals": 1410143,
  "density": 0.025235697195184585,
  "avg_counts_per_cell": 4253.962711864407,
  "avg_counts_per_gene": 59.6255464048147,
  "avg_nnzero_per_cell": 1593.3819209039548,
  "avg_nnzero_per_gene": 22.333592017738358,
  "min_cell": 240,
  "max_cell": 16139,
  "total_counts": 3764757,
  "overdispersion": 0.49614888207126967,
  "s_index": 779
}
