{
  "ncells": 60105,
  "ngenes": 63140,
  "nvals": 334110,
  "density": 0.00008803883669210811,
  "avg_counts_per_cell": 13.590649696364695,
  "avg_counts_per_gene": 12.937377256889452,
  "avg_nnzero_per_cell": 5.558772148739705,
  "avg_nnzero_per_gene": 5.291574279379158,
  "min_cell": 0,
  "max_cell": 73039,
  "total_counts": 816866,
  "overdispersion": 20418.97731572926,
  "s_index": 125
}
