{
  "ncells": 79,
  "ngenes": 63140,
  "nvals": 212842,
  "density": 0.04267029666844425,
  "avg_counts_per_cell": 8673.772151898735,
  "avg_counts_per_gene": 10.852518213493823,
  "avg_nnzero_per_cell": 2694.2025316455697,
  "avg_nnzero_per_gene": 3.3709534368070955,
  "min_cell": 674,
  "max_cell": 73039,
  "total_counts": 685228,
  "overdispersion": 37.10359178444828,
  "s_index": 79
}
