{
  "ncells": 2179,
  "ngenes": 63140,
  "nvals": 2030659,
  "density": 0.01475962054936523,
  "avg_counts_per_cell": 5090.92244148692,
  "avg_counts_per_gene": 175.69084573962624,
  "avg_nnzero_per_cell": 931.9224414869207,
  "avg_nnzero_per_gene": 32.161213177066834,
  "min_cell": 182,
  "max_cell": 36149,
  "total_counts": 11093120,
  "overdispersion": 1.1263492070936336,
  "s_index": 1699
}
