{
  "ncells": 242392,
  "ngenes": 63140,
  "nvals": 2900213,
  "density": 0.0001894990491923579,
  "avg_counts_per_cell": 52.77920063368428,
  "avg_counts_per_gene": 202.61729490022174,
  "avg_nnzero_per_cell": 11.964969966005478,
  "avg_nnzero_per_gene": 45.93305353183402,
  "min_cell": 0,
  "max_cell": 36149,
  "total_counts": 12793256,
  "overdispersion": 179.82525188108366,
  "s_index": 1699
}
