{
  "ncells": 7286,
  "ngenes": 60623,
  "nvals": 3959038,
  "density": 0.008963199836428041,
  "avg_per_cell": 1017.3597309909416,
  "avg_per_gene": 122.27179453342791,
  "min_cell": 73,
  "max_cell": 9710,
  "total_counts": 7412483,
  "overdispersion": 0.7483793680791313
}
