{"ncells": 4943, "ngenes": 60623, "nvals": 3560971, "density": 0.011883391418317476, "avg_counts_per_cell": 1378.382763503945, "avg_counts_per_gene": 112.38879633142537, "avg_nnzero_per_cell": 720.4068379526603, "avg_nnzero_per_gene": 58.73960378074328, "min_cell": 511, "max_cell": 9710, "total_counts": 6813346, "overdispersion": 0.5109714850262149, "s_index": 1545}