{
  "ncells": 293579,
  "ngenes": 63140,
  "nvals": 7988166,
  "density": 0.0004309407040578664,
  "avg_counts_per_cell": 54.342313312600695,
  "avg_counts_per_gene": 252.67282229965156,
  "avg_nnzero_per_cell": 27.209596054213687,
  "avg_nnzero_per_gene": 126.51514095660437,
  "min_cell": 0,
  "max_cell": 34127,
  "total_counts": 15953762,
  "overdispersion": 142.22138228462848,
  "s_index": 2059
}
