{
  "ncells": 4162,
  "ngenes": 63140,
  "nvals": 4758452,
  "density": 0.01810752274413038,
  "avg_counts_per_cell": 2944.0276309466603,
  "avg_counts_per_gene": 194.06149825783973,
  "avg_nnzero_per_cell": 1143.3089860643922,
  "avg_nnzero_per_gene": 75.36350966107064,
  "min_cell": 182,
  "max_cell": 34127,
  "total_counts": 12253043,
  "overdispersion": 2.344248448272105,
  "s_index": 2059
}
