{
	"numRecords": 97974561,
	"numReads": 302329299,
	"numBarcodes": 878800,
	"medianReadsPerBarcode": 6.000000,
	"meanReadsPerBarcode": 344.025147,
	"numUMIs": 1048573,
	"numBarcodeUMIs": 46504719,
	"medianUMIsPerBarcode": 1.000000,
	"meanUMIsPerBarcode": 52.918433,
	"gtRecords": 33702533,
	"numBarcodesOnWhitelist": 336731,
	"percentageBarcodesOnWhitelist": 38.317137,
	"numReadsOnWhitelist": 294679498,
	"percentageReadsOnWhitelist": 97.469712
}
