{"ncells": 5094, "ngenes": 60623, "nvals": 6988686, "density": 0.022630761274661893, "avg_counts_per_cell": 6290.151550844131, "avg_counts_per_gene": 528.545799449054, "avg_nnzero_per_cell": 1371.944640753828, "avg_nnzero_per_gene": 115.2810979331277, "min_cell": 54, "max_cell": 55171, "total_counts": 32042032, "overdispersion": 7.275438569143828, "s_index": 2950}