{
  "ncells": 244219,
  "ngenes": 63140,
  "nvals": 2360853,
  "density": 0.00015310342991545559,
  "avg_counts_per_cell": 38.191483873081125,
  "avg_counts_per_gene": 147.72071586949636,
  "avg_nnzero_per_cell": 9.666950564861866,
  "avg_nnzero_per_gene": 37.39076655052265,
  "min_cell": 0,
  "max_cell": 37141,
  "total_counts": 9327086,
  "overdispersion": 254.0775757519293,
  "s_index": 1544
}
