{
  "ncells": 1975,
  "ngenes": 63140,
  "nvals": 1491261,
  "density": 0.011958645244844688,
  "avg_counts_per_cell": 4080.165063291139,
  "avg_counts_per_gene": 127.62632245802978,
  "avg_nnzero_per_cell": 755.0688607594936,
  "avg_nnzero_per_gene": 23.618324358568263,
  "min_cell": 164,
  "max_cell": 37141,
  "total_counts": 8058326,
  "overdispersion": 1.9020781038026844,
  "s_index": 1544
}
