{
	"numRecords": 103321288,
	"numReads": 181891317,
	"numBarcodes": 1802305,
	"medianReadsPerBarcode": 1.000000,
	"meanReadsPerBarcode": 100.921496,
	"numUMIs": 1048576,
	"numBarcodeUMIs": 65354745,
	"medianUMIsPerBarcode": 1.000000,
	"meanUMIsPerBarcode": 36.261756,
	"gtRecords": 53189966,
	"numTargets": 180890,
	"medianTargetsPerSet": 4.000000,
	"meanTargetsPerSet": 4.952235,
	"numSingleton": 38438113,
	"gtTargets": 6658,
	"numBarcodesOnWhitelist": 476187,
	"percentageBarcodesOnWhitelist": 26.421000,
	"numReadsOnWhitelist": 175665565,
	"percentageReadsOnWhitelist": 96.577213
}
