{
  "ncells": 4291,
  "ngenes": 60623,
  "nvals": 4741027,
  "density": 0.018225375711520324,
  "avg_per_cell": 3103.9233278955953,
  "avg_per_gene": 219.70102106461243,
  "min_cell": 381,
  "max_cell": 33643,
  "total_counts": 13318935,
  "overdispersion": 0.21608978027424794
}
