{"ncells": 4554, "ngenes": 60623, "nvals": 4781340, "density": 0.017318855032192416, "avg_counts_per_cell": 2940.433465085639, "avg_counts_per_gene": 220.8853735380961, "avg_nnzero_per_cell": 1049.9209486166008, "avg_nnzero_per_gene": 78.87006581660425, "min_cell": 146, "max_cell": 33643, "total_counts": 13390734, "overdispersion": 0.28165530481586837, "s_index": 2546}