{
  "ncells": 12324,
  "ngenes": 63140,
  "nvals": 11707012,
  "density": 0.015044917005398636,
  "avg_counts_per_cell": 2609.378123985719,
  "avg_counts_per_gene": 509.31225847323407,
  "avg_nnzero_per_cell": 949.9360597208698,
  "avg_nnzero_per_gene": 185.4135571745328,
  "min_cell": 228,
  "max_cell": 106186,
  "total_counts": 32157976,
  "overdispersion": 1.1077909819181484,
  "s_index": 2803
}
