{
  "ncells": 534222,
  "ngenes": 63140,
  "nvals": 15681217,
  "density": 0.0004648934402788446,
  "avg_counts_per_cell": 68.47648355926937,
  "avg_counts_per_gene": 579.373519163763,
  "avg_nnzero_per_cell": 29.35337181920625,
  "avg_nnzero_per_gene": 248.3563034526449,
  "min_cell": 0,
  "max_cell": 106186,
  "total_counts": 36581644,
  "overdispersion": 79.48416775712057,
  "s_index": 2803
}
