{
	"numRecords": 74027633,
	"numReads": 202713093,
	"numBarcodes": 1528833,
	"medianReadsPerBarcode": 3.000000,
	"meanReadsPerBarcode": 132.593353,
	"numUMIs": 1048573,
	"numBarcodeUMIs": 47846915,
	"medianUMIsPerBarcode": 1.000000,
	"meanUMIsPerBarcode": 31.296365,
	"gtRecords": 22233125,
	"numBarcodesOnWhitelist": 459499,
	"percentageBarcodesOnWhitelist": 30.055539,
	"numReadsOnWhitelist": 194833558,
	"percentageReadsOnWhitelist": 96.112962
}
