{"ncells": 1622, "ngenes": 60623, "nvals": 3607787, "density": 0.036690414264724726, "avg_counts_per_cell": 7871.936498150431, "avg_counts_per_gene": 210.617768833611, "avg_nnzero_per_cell": 2224.282983970407, "avg_nnzero_per_gene": 59.511851937383504, "min_cell": 4024, "max_cell": 93788, "total_counts": 12768281, "overdispersion": 0.6095631446986496, "s_index": 1622}