{
  "ncells": 648,
  "ngenes": 63140,
  "nvals": 396739,
  "density": 0.009696730174372451,
  "avg_counts_per_cell": 1306.8904320987654,
  "avg_counts_per_gene": 13.412496040544822,
  "avg_nnzero_per_cell": 612.2515432098766,
  "avg_nnzero_per_gene": 6.283481152993348,
  "min_cell": 141,
  "max_cell": 7861,
  "total_counts": 846865,
  "overdispersion": 0.443860487194103,
  "s_index": 499
}
