{
  "ncells": 131233,
  "ngenes": 63140,
  "nvals": 685159,
  "density": 0.00008268823698204284,
  "avg_counts_per_cell": 8.769440613260384,
  "avg_counts_per_gene": 18.226797592651252,
  "avg_nnzero_per_cell": 5.220935283046185,
  "avg_nnzero_per_gene": 10.851425403864429,
  "min_cell": 0,
  "max_cell": 7861,
  "total_counts": 1150840,
  "overdispersion": 240.64414551009492,
  "s_index": 500
}
