{
	"numRecords": 19911507,
	"numReads": 119127175,
	"numBarcodes": 534951,
	"medianReadsPerBarcode": 3.000000,
	"meanReadsPerBarcode": 222.688013,
	"numUMIs": 1037522,
	"numBarcodeUMIs": 10096379,
	"medianUMIsPerBarcode": 1.000000,
	"meanUMIsPerBarcode": 18.873465,
	"gtRecords": 6041739,
	"numBarcodesOnWhitelist": 184762,
	"percentageBarcodesOnWhitelist": 34.538117,
	"numReadsOnWhitelist": 115031620,
	"percentageReadsOnWhitelist": 96.562031
}
