{
  "ncells": 426047,
  "ngenes": 63140,
  "nvals": 13410198,
  "density": 0.0004985091121127755,
  "avg_counts_per_cell": 91.35174522998636,
  "avg_counts_per_gene": 616.4101520430788,
  "avg_nnzero_per_cell": 31.47586533880065,
  "avg_nnzero_per_gene": 212.3883116883117,
  "min_cell": 0,
  "max_cell": 148043,
  "total_counts": 38920137,
  "overdispersion": 106.13757087192724,
  "s_index": 3799
}
