{
  "ncells": 8359,
  "ngenes": 63140,
  "nvals": 11211023,
  "density": 0.02124155668327424,
  "avg_counts_per_cell": 4325.359253499222,
  "avg_counts_per_gene": 572.627146024707,
  "avg_nnzero_per_cell": 1341.1918889819356,
  "avg_nnzero_per_gene": 177.5581723154894,
  "min_cell": 273,
  "max_cell": 148043,
  "total_counts": 36155678,
  "overdispersion": 1.3790683232436312,
  "s_index": 3799
}
