{
  "ncells": 2914,
  "ngenes": 60623,
  "nvals": 4621526,
  "density": 0.02616124627072018,
  "avg_per_cell": 4662.512010981469,
  "avg_per_gene": 224.11559968988666,
  "min_cell": 514,
  "max_cell": 60558,
  "total_counts": 13586560,
  "overdispersion": 1.2227641116213315
}
