{"ncells": 4678, "ngenes": 60623, "nvals": 4861250, "density": 0.01714155887016582, "avg_per_cell": 3003.8924754168447, "avg_per_gene": 231.79666133315737, "min_cell": 160, "max_cell": 60558, "total_count": 14052209, "overdispersion": 2.344769333587843, "s_index": 2058}