{
  "ncells": 1675,
  "ngenes": 60623,
  "nvals": 443100,
  "density": 0.004363646032575686,
  "avg_per_cell": 516.011343283582,
  "avg_per_gene": 14.257278590633918,
  "min_cell": 21,
  "max_cell": 6941,
  "total_counts": 864319,
  "overdispersion": 2.3988395545940566
}
