{"ncells": 682, "ngenes": 60623, "nvals": 408648, "density": 0.009883882616099123, "avg_per_cell": 1204.5850439882697, "avg_per_gene": 13.551407881497122, "min_cell": 137, "max_cell": 6941, "total_count": 821527, "overdispersion": 0.4581854097256525, "s_index": 502}