{"ncells": 682, "ngenes": 60623, "nvals": 408648, "density": 0.009883882616099123, "avg_counts_per_cell": 1204.5850439882697, "avg_counts_per_gene": 13.551407881497122, "avg_nnzero_per_cell": 599.1906158357772, "avg_nnzero_per_gene": 6.740807944179601, "min_cell": 137, "max_cell": 6941, "total_counts": 821527, "overdispersion": 0.4581854097256525, "s_index": 502}