{
	"numRecords": 142187305,
	"numReads": 241120467,
	"numBarcodes": 1509282,
	"medianReadsPerBarcode": 3.000000,
	"meanReadsPerBarcode": 159.758393,
	"numUMIs": 1048576,
	"numBarcodeUMIs": 92339650,
	"medianUMIsPerBarcode": 1.000000,
	"meanUMIsPerBarcode": 61.181178,
	"gtRecords": 71514773,
	"numBarcodesOnWhitelist": 500024,
	"percentageBarcodesOnWhitelist": 33.129925,
	"numReadsOnWhitelist": 232612569,
	"percentageReadsOnWhitelist": 96.471516
}
