{"ncells": 7681, "ngenes": 60623, "nvals": 20438881, "density": 0.04389367319731544, "avg_counts_per_cell": 9013.806405415962, "avg_counts_per_gene": 1142.0590699899378, "avg_nnzero_per_cell": 2660.966150240854, "avg_nnzero_per_gene": 337.14730382857994, "min_cell": 266, "max_cell": 40379, "total_counts": 69235047, "overdispersion": 0.4547008754282621, "s_index": 5957}