{"ncells": 1322, "ngenes": 60623, "nvals": 4547992, "density": 0.05674803302461833, "avg_counts_per_cell": 11352.744326777609, "avg_counts_per_gene": 247.568216683437, "avg_nnzero_per_cell": 3440.236006051437, "avg_nnzero_per_gene": 75.02089965854543, "min_cell": 1420, "max_cell": 128348, "total_counts": 15008328, "overdispersion": 0.5534769952034447, "s_index": 1322}