{
  "ncells": 182291,
  "ngenes": 63140,
  "nvals": 1559583,
  "density": 0.00013549981044329065,
  "avg_counts_per_cell": 24.910856816847787,
  "avg_counts_per_gene": 71.91993981628129,
  "avg_nnzero_per_cell": 8.555458031389373,
  "avg_nnzero_per_gene": 24.700395945517897,
  "min_cell": 0,
  "max_cell": 21156,
  "total_counts": 4541025,
  "overdispersion": 1900.2160072117942,
  "s_index": 1077
}
