{
  "ncells": 2753,
  "ngenes": 63140,
  "nvals": 1260181,
  "density": 0.007249735106264125,
  "avg_counts_per_cell": 1498.0494006538322,
  "avg_counts_per_gene": 65.31723154893886,
  "avg_nnzero_per_cell": 457.7482746095169,
  "avg_nnzero_per_gene": 19.958520747545137,
  "min_cell": 0,
  "max_cell": 21156,
  "total_counts": 4124130,
  "overdispersion": 32.52000686849645,
  "s_index": 1077
}
