{
  "ncells": 4644,
  "ngenes": 63140,
  "nvals": 893702,
  "density": 0.0030478665050417747,
  "avg_counts_per_cell": 518.0906546080964,
  "avg_counts_per_gene": 38.10600253405131,
  "avg_nnzero_per_cell": 192.44229112833764,
  "avg_nnzero_per_gene": 14.154292049414,
  "min_cell": 0,
  "max_cell": 9537,
  "total_counts": 2406013,
  "overdispersion": 3.3124418482498283,
  "s_index": 766
}
