{
  "ncells": 240956,
  "ngenes": 63140,
  "nvals": 1507821,
  "density": 0.00009910771539045743,
  "avg_counts_per_cell": 13.387606035956772,
  "avg_counts_per_gene": 51.090022172949006,
  "avg_nnzero_per_cell": 6.257661149753482,
  "avg_nnzero_per_gene": 23.88059866962306,
  "min_cell": 0,
  "max_cell": 9537,
  "total_counts": 3225824,
  "overdispersion": 93.71658924054553,
  "s_index": 766
}
