{
  "ncells": 6103,
  "ngenes": 60623,
  "nvals": 7022291,
  "density": 0.01898007955080668,
  "avg_per_cell": 3502.646731115845,
  "avg_per_gene": 352.6162182669944,
  "min_cell": 918,
  "max_cell": 44876,
  "total_counts": 21376653,
  "overdispersion": 7.492559012424989
}
