{"ncells": 881, "ngenes": 60623, "nvals": 1691372, "density": 0.031668376838503376, "avg_per_cell": 9597.433598183881, "avg_per_gene": 139.47411048611912, "min_cell": 4786, "max_cell": 44876, "total_count": 8455339, "overdispersion": 1.1982421109074304, "s_index": 881}