{
	"numRecords": 116711677,
	"numReads": 253164056,
	"numBarcodes": 1170148,
	"medianReadsPerBarcode": 3.000000,
	"meanReadsPerBarcode": 216.352167,
	"numUMIs": 1048576,
	"numBarcodeUMIs": 68570781,
	"medianUMIsPerBarcode": 1.000000,
	"meanUMIsPerBarcode": 58.600092,
	"gtRecords": 49157899,
	"numBarcodesOnWhitelist": 433058,
	"percentageBarcodesOnWhitelist": 37.008823,
	"numReadsOnWhitelist": 245619725,
	"percentageReadsOnWhitelist": 97.019983
}
