{
  "ncells": 6670,
  "ngenes": 60623,
  "nvals": 2547751,
  "density": 0.0063007713931662246,
  "avg_per_cell": 666.3017991004498,
  "avg_per_gene": 73.30935453540735,
  "min_cell": 98,
  "max_cell": 7999,
  "total_counts": 4444233,
  "overdispersion": 1.166443210333043
}
