{"ncells": 4478, "ngenes": 60623, "nvals": 2225473, "density": 0.008197866021145616, "avg_counts_per_cell": 888.5154086645824, "avg_counts_per_gene": 65.63139402536991, "avg_nnzero_per_cell": 496.9792317999107, "avg_nnzero_per_gene": 36.710044042690065, "min_cell": 367, "max_cell": 7999, "total_counts": 3978772, "overdispersion": 0.9061249840924089, "s_index": 1055}