{
  "ncells": 1797,
  "ngenes": 63140,
  "nvals": 2696515,
  "density": 0.023765676754397794,
  "avg_counts_per_cell": 5697.19143016138,
  "avg_counts_per_gene": 162.14528032942667,
  "avg_nnzero_per_cell": 1500.5648302726768,
  "avg_nnzero_per_gene": 42.70692112765283,
  "min_cell": 314,
  "max_cell": 182020,
  "total_counts": 10237853,
  "overdispersion": 3.851787832058404,
  "s_index": 1540
}
