{
  "ncells": 310492,
  "ngenes": 63140,
  "nvals": 5213172,
  "density": 0.0002659175872389331,
  "avg_counts_per_cell": 43.96730028470943,
  "avg_counts_per_gene": 216.20993031358884,
  "avg_nnzero_per_cell": 16.790036458266236,
  "avg_nnzero_per_gene": 82.56528349699082,
  "min_cell": 0,
  "max_cell": 182020,
  "total_counts": 13651495,
  "overdispersion": 362.8822343320649,
  "s_index": 1545
}
