{
	"numRecords": 109907119,
	"numReads": 170126474,
	"numBarcodes": 1397363,
	"medianReadsPerBarcode": 2.000000,
	"meanReadsPerBarcode": 121.748231,
	"numUMIs": 1048576,
	"numBarcodeUMIs": 83755248,
	"medianUMIsPerBarcode": 1.000000,
	"meanUMIsPerBarcode": 59.938075,
	"gtRecords": 57881969,
	"numTargets": 174384,
	"medianTargetsPerSet": 4.000000,
	"meanTargetsPerSet": 5.035259,
	"numSingleton": 33071183,
	"gtTargets": 7010,
	"numBarcodesOnWhitelist": 440910,
	"percentageBarcodesOnWhitelist": 31.553004,
	"numReadsOnWhitelist": 166179602,
	"percentageReadsOnWhitelist": 97.680037
}
