{
  "ncells": 9514,
  "ngenes": 60623,
  "nvals": 23079845,
  "density": 0.040015874896580025,
  "avg_per_cell": 6861.247845280639,
  "avg_per_gene": 1076.784586708015,
  "min_cell": 1176,
  "max_cell": 27791,
  "total_counts": 65277912,
  "overdispersion": 0.35517632153765055
}
