{"ncells": 6353, "ngenes": 60623, "nvals": 18429428, "density": 0.047851502256260565, "avg_per_cell": 8691.985990870455, "avg_per_gene": 910.8784949606585, "min_cell": 4762, "max_cell": 27791, "total_count": 55220187, "overdispersion": 0.18184253010042248, "s_index": 5555}