{
  "ncells": 5029,
  "ngenes": 60623,
  "nvals": 445724,
  "density": 0.0014619986094081573,
  "avg_per_cell": 140.6981507257904,
  "avg_per_gene": 11.67165927123369,
  "min_cell": 20,
  "max_cell": 1737,
  "total_counts": 707571,
  "overdispersion": 3.5554616897735833
}
