{"ncells": 2186, "ngenes": 60623, "nvals": 335584, "density": 0.0025322913096658653, "avg_counts_per_cell": 245.0882891125343, "avg_counts_per_gene": 8.837619385381785, "avg_nnzero_per_cell": 153.51509606587373, "avg_nnzero_per_gene": 5.535588802929581, "min_cell": 111, "max_cell": 1737, "total_counts": 535763, "overdispersion": 2.8448275399962295, "s_index": 352}