{
  "ncells": 325964,
  "ngenes": 63140,
  "nvals": 2644606,
  "density": 0.00012849515803006701,
  "avg_counts_per_cell": 13.05185235179345,
  "avg_counts_per_gene": 67.38096293949953,
  "avg_nnzero_per_cell": 8.113184278018432,
  "avg_nnzero_per_gene": 41.88479569211277,
  "min_cell": 0,
  "max_cell": 9937,
  "total_counts": 4254434,
  "overdispersion": 172.33742981221923,
  "s_index": 959
}
