{
  "ncells": 2605,
  "ngenes": 63140,
  "nvals": 1096164,
  "density": 0.006664433361685363,
  "avg_counts_per_cell": 941.8380038387716,
  "avg_counts_per_gene": 38.85790307253722,
  "avg_nnzero_per_cell": 420.7923224568138,
  "avg_nnzero_per_gene": 17.36084890719037,
  "min_cell": 141,
  "max_cell": 9937,
  "total_counts": 2453488,
  "overdispersion": 1.1778577204707326,
  "s_index": 959
}
