{"ncells": 7811, "ngenes": 60623, "nvals": 12924938, "density": 0.027295082201070697, "avg_counts_per_cell": 5688.715913455383, "avg_counts_per_gene": 732.9653761773584, "avg_nnzero_per_cell": 1654.7097682755088, "avg_nnzero_per_gene": 213.2018870725632, "min_cell": 2103, "max_cell": 25127, "total_counts": 44434560, "overdispersion": 0.48087070447836533, "s_index": 4857}