{
  "ncells": 252857,
  "ngenes": 63140,
  "nvals": 4973107,
  "density": 0.00031149296664452876,
  "avg_counts_per_cell": 52.700344463471446,
  "avg_counts_per_gene": 211.04927146024707,
  "avg_nnzero_per_cell": 19.667665913935544,
  "avg_nnzero_per_gene": 78.76317706683561,
  "min_cell": 0,
  "max_cell": 24655,
  "total_counts": 13325651,
  "overdispersion": 80.81190234766453,
  "s_index": 2643
}
