{
  "ncells": 3509,
  "ngenes": 63140,
  "nvals": 3768849,
  "density": 0.017010645416695364,
  "avg_counts_per_cell": 3431.082359646623,
  "avg_counts_per_gene": 190.68210326259106,
  "avg_nnzero_per_cell": 1074.0521516101453,
  "avg_nnzero_per_gene": 59.69035476718403,
  "min_cell": 247,
  "max_cell": 24655,
  "total_counts": 12039668,
  "overdispersion": 0.23020020318850676,
  "s_index": 2643
}
