{
  "ncells": 13264,
  "ngenes": 63140,
  "nvals": 1786548,
  "density": 0.0021332197620849832,
  "avg_counts_per_cell": 602.92294933655,
  "avg_counts_per_gene": 126.65774469433006,
  "avg_nnzero_per_cell": 134.69149577804583,
  "avg_nnzero_per_gene": 28.295026924295218,
  "min_cell": 135,
  "max_cell": 26178,
  "total_counts": 7997170,
  "overdispersion": 0.35276761914041954,
  "s_index": 1140
}
