{
  "ncells": 464642,
  "ngenes": 63140,
  "nvals": 3970899,
  "density": 0.00013535234964300572,
  "avg_counts_per_cell": 42.85880312154304,
  "avg_counts_per_gene": 315.39436173582516,
  "avg_nnzero_per_cell": 8.546147356459382,
  "avg_nnzero_per_gene": 62.890386442825466,
  "min_cell": 0,
  "max_cell": 26178,
  "total_counts": 19914000,
  "overdispersion": 7.090372828831579,
  "s_index": 1140
}
