{
	"numRecords": 50205611,
	"numReads": 180292378,
	"numBarcodes": 1214631,
	"medianReadsPerBarcode": 3.000000,
	"meanReadsPerBarcode": 148.433868,
	"numUMIs": 1048565,
	"numBarcodeUMIs": 29970527,
	"medianUMIsPerBarcode": 1.000000,
	"meanUMIsPerBarcode": 24.674594,
	"gtRecords": 15568593,
	"numTargets": 191499,
	"medianTargetsPerSet": 2.000000,
	"meanTargetsPerSet": 3.668197,
	"numSingleton": 69604470,
	"gtTargets": 7111,
	"numBarcodesOnWhitelist": 7919,
	"percentageBarcodesOnWhitelist": 0.651968,
	"numReadsOnWhitelist": 2234557,
	"percentageReadsOnWhitelist": 1.239407
}
