{"ncells": 165, "ngenes": 60623, "nvals": 79119, "density": 0.007909689241856902, "avg_counts_per_cell": 1692.169696969697, "avg_counts_per_gene": 4.605644722300117, "avg_nnzero_per_cell": 479.5090909090909, "avg_nnzero_per_gene": 1.3050987249063886, "min_cell": 119, "max_cell": 49220, "total_counts": 279208, "overdispersion": 5.996906933557207, "s_index": 134}