{
  "ncells": 5487,
  "ngenes": 63140,
  "nvals": 12950886,
  "density": 0.03738177703292587,
  "avg_counts_per_cell": 9051.529068707854,
  "avg_counts_per_gene": 786.5970858409883,
  "avg_nnzero_per_cell": 2360.285401858939,
  "avg_nnzero_per_gene": 205.11381057966423,
  "min_cell": 242,
  "max_cell": 47513,
  "total_counts": 49665740,
  "overdispersion": 0.9481642693937827,
  "s_index": 3989
}
