{
  "ncells": 478756,
  "ngenes": 63140,
  "nvals": 16222881,
  "density": 0.000536672293972056,
  "avg_counts_per_cell": 111.25732105707291,
  "avg_counts_per_gene": 843.6032625910675,
  "avg_nnzero_per_cell": 33.88548864139562,
  "avg_nnzero_per_gene": 256.93508077288567,
  "min_cell": 0,
  "max_cell": 47513,
  "total_counts": 53265110,
  "overdispersion": 148.7895436495961,
  "s_index": 3989
}
