{
  "ncells": 2314576,
  "ngenes": 63140,
  "nvals": 42462234,
  "density": 0.0002905539715642511,
  "avg_counts_per_cell": 72.55517684448469,
  "avg_counts_per_gene": 2659.7160437123853,
  "avg_nnzero_per_cell": 18.345577764566816,
  "avg_nnzero_per_gene": 672.5092492872981,
  "min_cell": 0,
  "max_cell": 319370,
  "total_counts": 167934471,
  "overdispersion": 611.8241920595402,
  "s_index": 4152
}
