{
  "ncells": 5269,
  "ngenes": 63140,
  "nvals": 19649221,
  "density": 0.059062600000853664,
  "avg_counts_per_cell": 26015.4627063959,
  "avg_counts_per_gene": 2170.9767659170097,
  "avg_nnzero_per_cell": 3729.2125640539,
  "avg_nnzero_per_gene": 311.2008394044979,
  "min_cell": 0,
  "max_cell": 319495,
  "total_counts": 137075473,
  "overdispersion": 0.833281153944109,
  "s_index": 4152
}
