{
	"numRecords": 61629949,
	"numReads": 207741702,
	"numBarcodes": 1687006,
	"medianReadsPerBarcode": 2.000000,
	"meanReadsPerBarcode": 123.142243,
	"numUMIs": 1048561,
	"numBarcodeUMIs": 39499151,
	"medianUMIsPerBarcode": 1.000000,
	"meanUMIsPerBarcode": 23.413758,
	"gtRecords": 20422203,
	"numBarcodesOnWhitelist": 358080,
	"percentageBarcodesOnWhitelist": 21.225769,
	"numReadsOnWhitelist": 199268948,
	"percentageReadsOnWhitelist": 95.921496
}
