{
  "ncells": 6028,
  "ngenes": 60623,
  "nvals": 11454886,
  "density": 0.03134585379736728,
  "avg_per_cell": 3849.769907100199,
  "avg_per_gene": 382.79882222918695,
  "min_cell": 1372,
  "max_cell": 48028,
  "total_counts": 23206413,
  "overdispersion": 0.3666746285463537
}
