{"ncells": 4684, "ngenes": 60623, "nvals": 2738342, "density": 0.009643470960711912, "avg_counts_per_cell": 2015.847779675491, "avg_counts_per_gene": 155.7532784586708, "avg_nnzero_per_cell": 584.6161400512383, "avg_nnzero_per_gene": 45.170017979974595, "min_cell": 111, "max_cell": 43978, "total_counts": 9442231, "overdispersion": 34.9848351563252, "s_index": 1526}