{
  "ncells": 274536,
  "ngenes": 63140,
  "nvals": 866628,
  "density": 0.0000499952606993347,
  "avg_counts_per_cell": 11.178559460325786,
  "avg_counts_per_gene": 48.604957237884065,
  "avg_nnzero_per_cell": 3.1567007605559927,
  "avg_nnzero_per_gene": 13.725498891352549,
  "min_cell": 0,
  "max_cell": 76313,
  "total_counts": 3068917,
  "overdispersion": 834.517529857105,
  "s_index": 648
}
