{
  "ncells": 923,
  "ngenes": 63140,
  "nvals": 588157,
  "density": 0.010092226564229312,
  "avg_counts_per_cell": 2911.1733477789817,
  "avg_counts_per_gene": 42.55643015521064,
  "avg_nnzero_per_cell": 637.2231852654388,
  "avg_nnzero_per_gene": 9.315125118783655,
  "min_cell": 120,
  "max_cell": 76344,
  "total_counts": 2687013,
  "overdispersion": 2.937540501760293,
  "s_index": 648
}
