{
  "ncells": 666233,
  "ngenes": 63140,
  "nvals": 6260748,
  "density": 0.0001488317215917532,
  "avg_counts_per_cell": 26.95237852222871,
  "avg_counts_per_gene": 284.3928413050364,
  "avg_nnzero_per_cell": 9.397234901303298,
  "avg_nnzero_per_gene": 99.15660437123852,
  "min_cell": 0,
  "max_cell": 197251,
  "total_counts": 17956564,
  "overdispersion": 388.26526850761655,
  "s_index": 1317
}
