{
  "ncells": 1516,
  "ngenes": 63140,
  "nvals": 3695888,
  "density": 0.038611353251935016,
  "avg_counts_per_cell": 9461.8463060686,
  "avg_counts_per_gene": 227.18021856192587,
  "avg_nnzero_per_cell": 2437.920844327177,
  "avg_nnzero_per_gene": 58.53481152993348,
  "min_cell": 362,
  "max_cell": 197276,
  "total_counts": 14344159,
  "overdispersion": 2.541869739344225,
  "s_index": 1313
}
