{
	"numRecords": 111734669,
	"numReads": 182579707,
	"numBarcodes": 1540528,
	"medianReadsPerBarcode": 2.000000,
	"meanReadsPerBarcode": 118.517617,
	"numUMIs": 1048576,
	"numBarcodeUMIs": 78868171,
	"medianUMIsPerBarcode": 1.000000,
	"meanUMIsPerBarcode": 51.195545,
	"gtRecords": 56918565,
	"numTargets": 192324,
	"medianTargetsPerSet": 4.000000,
	"meanTargetsPerSet": 5.225656,
	"numSingleton": 33321813,
	"gtTargets": 6972,
	"numBarcodesOnWhitelist": 404255,
	"percentageBarcodesOnWhitelist": 26.241328,
	"numReadsOnWhitelist": 176928120,
	"percentageReadsOnWhitelist": 96.904592
}
