{
  "ncells": 12262,
  "ngenes": 60623,
  "nvals": 17797499,
  "density": 0.02394198979108386,
  "avg_per_cell": 4655.108709835264,
  "avg_per_gene": 941.5723900169902,
  "min_cell": 178,
  "max_cell": 142110,
  "total_counts": 57080943,
  "overdispersion": 2.860330751806099
}
