{"ncells": 2294, "ngenes": 60623, "nvals": 752769, "density": 0.005412911023365482, "avg_counts_per_cell": 1193.851787271142, "avg_counts_per_gene": 45.17585734787127, "avg_nnzero_per_cell": 328.1469049694856, "avg_nnzero_per_gene": 12.417217887600415, "min_cell": 90, "max_cell": 81793, "total_counts": 2738696, "overdispersion": 28.148103832109395, "s_index": 357}