{"ncells": 2294, "ngenes": 60623, "nvals": 752769, "density": 0.005412911023365482, "avg_per_cell": 1193.851787271142, "avg_per_gene": 45.17585734787127, "min_cell": 90, "max_cell": 81793, "total_count": 2738696, "overdispersion": 28.148103832109395, "s_index": 357}