{
	"numRecords": 137516038,
	"numReads": 284911600,
	"numBarcodes": 1687005,
	"medianReadsPerBarcode": 3.000000,
	"meanReadsPerBarcode": 168.886044,
	"numUMIs": 1048576,
	"numBarcodeUMIs": 93133436,
	"medianUMIsPerBarcode": 1.000000,
	"meanUMIsPerBarcode": 55.206378,
	"gtRecords": 55572450,
	"numTargets": 188890,
	"medianTargetsPerSet": 4.000000,
	"meanTargetsPerSet": 5.412311,
	"numSingleton": 69434035,
	"gtTargets": 6244,
	"numBarcodesOnWhitelist": 504174,
	"percentageBarcodesOnWhitelist": 29.885744,
	"numReadsOnWhitelist": 273289370,
	"percentageReadsOnWhitelist": 95.920759
}
