{"ncells": 11207, "ngenes": 60623, "nvals": 18012383, "density": 0.026512115115899702, "avg_counts_per_cell": 5898.002766128313, "avg_counts_per_gene": 1090.327383996173, "avg_nnzero_per_cell": 1607.2439546711876, "avg_nnzero_per_gene": 297.12127410388797, "min_cell": 128, "max_cell": 83093, "total_counts": 66098917, "overdispersion": 2.7497165212404084, "s_index": 4982}