{
	"numRecords": 148272101,
	"numReads": 444029194,
	"numBarcodes": 2921703,
	"medianReadsPerBarcode": 3.000000,
	"meanReadsPerBarcode": 151.976157,
	"numUMIs": 1048576,
	"numBarcodeUMIs": 111628958,
	"medianUMIsPerBarcode": 1.000000,
	"meanUMIsPerBarcode": 38.206812,
	"gtRecords": 42186519,
	"numBarcodesOnWhitelist": 18836,
	"percentageBarcodesOnWhitelist": 0.644692,
	"numReadsOnWhitelist": 6677517,
	"percentageReadsOnWhitelist": 1.503846
}
