{
  "ncells": 133,
  "ngenes": 60623,
  "nvals": 321281,
  "density": 0.03984703192750859,
  "avg_per_cell": 10239.736842105263,
  "avg_per_gene": 22.464823581808883,
  "min_cell": 932,
  "max_cell": 34417,
  "total_counts": 1361885,
  "overdispersion": 1.7379802509313453
}
