{"ncells": 170, "ngenes": 60623, "nvals": 332270, "density": 0.03224072401175636, "avg_per_cell": 8151.394117647059, "avg_per_gene": 22.858271613084142, "min_cell": 438, "max_cell": 34417, "total_count": 1385737, "overdispersion": 2.3528787161280103, "s_index": 170}