{
  "ncells": 2918,
  "ngenes": 63140,
  "nvals": 6403987,
  "density": 0.034758464007114104,
  "avg_counts_per_cell": 8123.930431802604,
  "avg_counts_per_gene": 375.4455020589167,
  "avg_nnzero_per_cell": 2194.6494174091845,
  "avg_nnzero_per_gene": 101.42519797275895,
  "min_cell": 178,
  "max_cell": 95090,
  "total_counts": 23705629,
  "overdispersion": 1.4455041745154307,
  "s_index": 2599
}
