{
  "ncells": 350081,
  "ngenes": 63140,
  "nvals": 8725064,
  "density": 0.00039472579022136926,
  "avg_counts_per_cell": 74.89078813188948,
  "avg_counts_per_gene": 415.23348115299336,
  "avg_nnzero_per_cell": 24.922986394577254,
  "avg_nnzero_per_gene": 138.18599936648718,
  "min_cell": 0,
  "max_cell": 95090,
  "total_counts": 26217842,
  "overdispersion": 231.75807076106543,
  "s_index": 2599
}
