{
	"numRecords": 270671574,
	"numReads": 1124590879,
	"numBarcodes": 5869943,
	"medianReadsPerBarcode": 2.000000,
	"meanReadsPerBarcode": 191.584634,
	"numUMIs": 16653841,
	"numBarcodeUMIs": 174383880,
	"medianUMIsPerBarcode": 1.000000,
	"meanUMIsPerBarcode": 29.707934,
	"gtRecords": 77310184,
	"numTargets": 202362,
	"medianTargetsPerSet": 2.000000,
	"meanTargetsPerSet": 3.564261,
	"numSingleton": 425890203,
	"gtTargets": 3662,
	"numBarcodesOnWhitelist": 1665727,
	"percentageBarcodesOnWhitelist": 28.377226,
	"numReadsOnWhitelist": 1082433402,
	"percentageReadsOnWhitelist": 96.251305
}
