{"ncells": 5042, "ngenes": 60623, "nvals": 1030736, "density": 0.003372152287085105, "avg_counts_per_cell": 497.2409758032527, "avg_counts_per_gene": 41.35540966299919, "avg_nnzero_per_cell": 204.42998809996033, "avg_nnzero_per_gene": 17.002391831483102, "min_cell": 263, "max_cell": 5268, "total_counts": 2507089, "overdispersion": 2.2243704779350915, "s_index": 719}