{
  "ncells": 15111,
  "ngenes": 63140,
  "nvals": 3972394,
  "density": 0.004163461318562351,
  "avg_counts_per_cell": 1971.3653629806101,
  "avg_counts_per_gene": 471.7976243268926,
  "avg_nnzero_per_cell": 262.88094765402684,
  "avg_nnzero_per_gene": 62.91406398479569,
  "min_cell": 0,
  "max_cell": 118019,
  "total_counts": 29789302,
  "overdispersion": 2.9615284217518685,
  "s_index": 2472
}
