{
  "ncells": 348608,
  "ngenes": 63140,
  "nvals": 6503940,
  "density": 0.00029548442854659745,
  "avg_counts_per_cell": 101.879196690839,
  "avg_counts_per_gene": 562.4945042762116,
  "avg_nnzero_per_cell": 18.656886818432163,
  "avg_nnzero_per_gene": 103.00823566677225,
  "min_cell": 0,
  "max_cell": 118019,
  "total_counts": 35515903,
  "overdispersion": 60.15271118824251,
  "s_index": 2472
}
