{
  "ncells": 4807,
  "ngenes": 63140,
  "nvals": 2404681,
  "density": 0.007922801447234819,
  "avg_counts_per_cell": 1213.2348658206781,
  "avg_counts_per_gene": 92.36648717136522,
  "avg_nnzero_per_cell": 500.2456833784065,
  "avg_nnzero_per_gene": 38.084906556857774,
  "min_cell": 110,
  "max_cell": 9518,
  "total_counts": 5832020,
  "overdispersion": 0.8718741984879981,
  "s_index": 1498
}
