{
  "ncells": 421758,
  "ngenes": 63140,
  "nvals": 4557461,
  "density": 0.00017114138970112554,
  "avg_counts_per_cell": 20.20660900326728,
  "avg_counts_per_gene": 134.97464364903388,
  "avg_nnzero_per_cell": 10.805867345729068,
  "avg_nnzero_per_gene": 72.18025023756731,
  "min_cell": 0,
  "max_cell": 9518,
  "total_counts": 8522299,
  "overdispersion": 109.86463103963132,
  "s_index": 1498
}
