{
	"numRecords": 49508632,
	"numReads": 239537697,
	"numBarcodes": 907804,
	"medianReadsPerBarcode": 5.000000,
	"meanReadsPerBarcode": 263.864994,
	"numUMIs": 1048400,
	"numBarcodeUMIs": 27383670,
	"medianUMIsPerBarcode": 1.000000,
	"meanUMIsPerBarcode": 30.164738,
	"gtRecords": 12169626,
	"numBarcodesOnWhitelist": 338430,
	"percentageBarcodesOnWhitelist": 37.280074,
	"numReadsOnWhitelist": 231690518,
	"percentageReadsOnWhitelist": 96.724032
}
