{"ncells": 12420, "ngenes": 60623, "nvals": 28920586, "density": 0.038410332669506796, "avg_counts_per_cell": 13120.70958132045, "avg_counts_per_gene": 2688.075697342593, "avg_nnzero_per_cell": 2328.5495974235105, "avg_nnzero_per_gene": 477.0563317552744, "min_cell": 584, "max_cell": 325467, "total_counts": 162959213, "overdispersion": 3.2244141114767215, "s_index": 4357}