{
  "ncells": 456021,
  "ngenes": 63140,
  "nvals": 9177350,
  "density": 0.0003187336196069587,
  "avg_counts_per_cell": 49.70476798217626,
  "avg_counts_per_gene": 358.98666455495726,
  "avg_nnzero_per_cell": 20.124840741983373,
  "avg_nnzero_per_gene": 145.34922394678492,
  "min_cell": 0,
  "max_cell": 63506,
  "total_counts": 22666418,
  "overdispersion": 27.587269545119767,
  "s_index": 2525
}
