{
  "ncells": 5843,
  "ngenes": 63140,
  "nvals": 5944196,
  "density": 0.016112118868387575,
  "avg_counts_per_cell": 2858.4254663700153,
  "avg_counts_per_gene": 264.51979727589486,
  "avg_nnzero_per_cell": 1017.3191853499915,
  "avg_nnzero_per_gene": 94.1431105479886,
  "min_cell": 203,
  "max_cell": 63506,
  "total_counts": 16701780,
  "overdispersion": 1.554517201764916,
  "s_index": 2525
}
