{
  "ncells": 1870,
  "ngenes": 60623,
  "nvals": 626608,
  "density": 0.00552734922353908,
  "avg_per_cell": 1990.3090909090909,
  "avg_per_gene": 61.39382742523465,
  "min_cell": 366,
  "max_cell": 14047,
  "total_counts": 3721878,
  "overdispersion": 1.8024619114732434
}
