{
	"numRecords": 72962995,
	"numReads": 149171363,
	"numBarcodes": 698492,
	"medianReadsPerBarcode": 2.000000,
	"meanReadsPerBarcode": 213.562021,
	"numUMIs": 1048576,
	"numBarcodeUMIs": 41836775,
	"medianUMIsPerBarcode": 1.000000,
	"meanUMIsPerBarcode": 59.895854,
	"gtRecords": 34034407,
	"numTargets": 179190,
	"medianTargetsPerSet": 4.000000,
	"meanTargetsPerSet": 5.038407,
	"numSingleton": 28966792,
	"gtTargets": 6730,
	"numBarcodesOnWhitelist": 245189,
	"percentageBarcodesOnWhitelist": 35.102621,
	"numReadsOnWhitelist": 144237620,
	"percentageReadsOnWhitelist": 96.692567
}
