{"ncells": 3162, "ngenes": 60623, "nvals": 4825796, "density": 0.025175011022749313, "avg_counts_per_cell": 9554.03320683112, "avg_counts_per_gene": 498.3232931395675, "avg_nnzero_per_cell": 1526.1846932321316, "avg_nnzero_per_gene": 79.60338485393332, "min_cell": 45, "max_cell": 131443, "total_counts": 30209853, "overdispersion": 6.3072265059462485, "s_index": 1078}