{
  "ncells": 6124,
  "ngenes": 63140,
  "nvals": 16172771,
  "density": 0.041825840557938185,
  "avg_counts_per_cell": 14539.69105160026,
  "avg_counts_per_gene": 1410.2164713335444,
  "avg_nnzero_per_cell": 2640.883572828217,
  "avg_nnzero_per_gene": 256.14144757681345,
  "min_cell": 276,
  "max_cell": 91909,
  "total_counts": 89041068,
  "overdispersion": 2.930306157611252,
  "s_index": 4340
}
