{
  "ncells": 605363,
  "ngenes": 63140,
  "nvals": 23575023,
  "density": 0.0006167819765107874,
  "avg_counts_per_cell": 162.52528648100395,
  "avg_counts_per_gene": 1558.2324200190053,
  "avg_nnzero_per_cell": 38.94361399689112,
  "avg_nnzero_per_gene": 373.37698764649986,
  "min_cell": 0,
  "max_cell": 91909,
  "total_counts": 98386795,
  "overdispersion": 269.6309737299282,
  "s_index": 4340
}
