{
	"numRecords": 73863452,
	"numReads": 249721999,
	"numBarcodes": 870683,
	"medianReadsPerBarcode": 3.000000,
	"meanReadsPerBarcode": 286.811617,
	"numUMIs": 1048576,
	"numBarcodeUMIs": 28472775,
	"medianUMIsPerBarcode": 1.000000,
	"meanUMIsPerBarcode": 32.701655,
	"gtRecords": 32706226,
	"numBarcodesOnWhitelist": 230915,
	"percentageBarcodesOnWhitelist": 26.521133,
	"numReadsOnWhitelist": 243237378,
	"percentageReadsOnWhitelist": 97.403264
}
