{"ncells": 9868, "ngenes": 60623, "nvals": 6267570, "density": 0.010476895886764627, "avg_counts_per_cell": 1565.9875354681799, "avg_counts_per_gene": 254.90597627962984, "avg_nnzero_per_cell": 635.140859343332, "avg_nnzero_per_gene": 103.38600861059334, "min_cell": 50, "max_cell": 42381, "total_counts": 15453165, "overdispersion": 2.1940847080390804, "s_index": 2275}