{
  "ncells": 11819,
  "ngenes": 63140,
  "nvals": 5138880,
  "density": 0.006886256038613033,
  "avg_counts_per_cell": 1064.7567476097809,
  "avg_counts_per_gene": 199.30883750395947,
  "avg_nnzero_per_cell": 434.7982062780269,
  "avg_nnzero_per_gene": 81.38866012036743,
  "min_cell": 117,
  "max_cell": 31845,
  "total_counts": 12584360,
  "overdispersion": 9.712653149246954,
  "s_index": 1655
}
