{
  "ncells": 221793,
  "ngenes": 63140,
  "nvals": 7178264,
  "density": 0.0005125863227567157,
  "avg_counts_per_cell": 67.8889369817803,
  "avg_counts_per_gene": 238.47467532467533,
  "avg_nnzero_per_cell": 32.36470041885902,
  "avg_nnzero_per_gene": 113.68805828318024,
  "min_cell": 0,
  "max_cell": 31845,
  "total_counts": 15057291,
  "overdispersion": 156.48295312513642,
  "s_index": 1655
}
