{
	"numRecords": 193402969,
	"numReads": 222395866,
	"numBarcodes": 2441664,
	"medianReadsPerBarcode": 1.000000,
	"meanReadsPerBarcode": 91.083731,
	"numUMIs": 16226770,
	"numBarcodeUMIs": 180987784,
	"medianUMIsPerBarcode": 1.000000,
	"meanUMIsPerBarcode": 74.124771,
	"gtRecords": 154052755,
	"numBarcodesOnWhitelist": 59639,
	"percentageBarcodesOnWhitelist": 2.442556,
	"numReadsOnWhitelist": 22462121,
	"percentageReadsOnWhitelist": 10.100062
}
