{
	"numRecords": 3202405,
	"numReads": 3786044,
	"numBarcodes": 141584,
	"medianReadsPerBarcode": 1.000000,
	"meanReadsPerBarcode": 26.740620,
	"numUMIs": 968554,
	"numBarcodeUMIs": 3104718,
	"medianUMIsPerBarcode": 1.000000,
	"meanUMIsPerBarcode": 21.928452,
	"gtRecords": 2343323,
	"numTargets": 121357,
	"medianTargetsPerSet": 4.000000,
	"meanTargetsPerSet": 4.311031,
	"numSingleton": 786810,
	"gtTargets": 13531,
	"numBarcodesOnWhitelist": 82290,
	"percentageBarcodesOnWhitelist": 58.120974,
	"numReadsOnWhitelist": 3703577,
	"percentageReadsOnWhitelist": 97.821816
}
