{
  "ncells": 9293,
  "ngenes": 60623,
  "nvals": 1636093,
  "density": 0.0029041204515674037,
  "avg_per_cell": 270.9624448509631,
  "avg_per_gene": 41.53628160929021,
  "min_cell": 31,
  "max_cell": 5888,
  "total_counts": 2518054,
  "overdispersion": 3.0079930164047357
}
