{
  "ncells": 454994,
  "ngenes": 63140,
  "nvals": 16829856,
  "density": 0.0005858280372969765,
  "avg_counts_per_cell": 59.02445966320435,
  "avg_counts_per_gene": 425.33694963573015,
  "avg_nnzero_per_cell": 36.989182274931096,
  "avg_nnzero_per_gene": 266.5482420019005,
  "min_cell": 0,
  "max_cell": 24942,
  "total_counts": 26855775,
  "overdispersion": 107.43600176285739,
  "s_index": 2198
}
