{
  "ncells": 7875,
  "ngenes": 63140,
  "nvals": 7960773,
  "density": 0.016010323242378992,
  "avg_counts_per_cell": 2020.2516825396826,
  "avg_counts_per_gene": 251.97152359835286,
  "avg_nnzero_per_cell": 1010.8918095238096,
  "avg_nnzero_per_gene": 126.08129553373456,
  "min_cell": 255,
  "max_cell": 24942,
  "total_counts": 15909482,
  "overdispersion": 1.195421431902917,
  "s_index": 2198
}
