{
	"numRecords": 49763107,
	"numReads": 232760722,
	"numBarcodes": 873559,
	"medianReadsPerBarcode": 4.000000,
	"meanReadsPerBarcode": 266.451061,
	"numUMIs": 1047844,
	"numBarcodeUMIs": 20422828,
	"medianUMIsPerBarcode": 1.000000,
	"meanUMIsPerBarcode": 23.378877,
	"gtRecords": 18747585,
	"numBarcodesOnWhitelist": 235819,
	"percentageBarcodesOnWhitelist": 26.995200,
	"numReadsOnWhitelist": 223715966,
	"percentageReadsOnWhitelist": 96.114140
}
