{
  "ncells": 6397,
  "ngenes": 60623,
  "nvals": 5060300,
  "density": 0.013048557086493481,
  "avg_per_cell": 1852.2227606690635,
  "avg_per_gene": 195.44841066921796,
  "min_cell": 295,
  "max_cell": 22549,
  "total_counts": 11848669,
  "overdispersion": 0.7148188145367369
}
