{"ncells": 4618, "ngenes": 60623, "nvals": 4411946, "density": 0.015759369400903812, "avg_counts_per_cell": 2324.8044608055434, "avg_counts_per_gene": 177.09362783102122, "avg_nnzero_per_cell": 955.3802511909918, "avg_nnzero_per_gene": 72.7767678933738, "min_cell": 881, "max_cell": 22549, "total_counts": 10735947, "overdispersion": 0.6235700298178797, "s_index": 1962}