{
  "ncells": 360038,
  "ngenes": 63140,
  "nvals": 8908016,
  "density": 0.0003918574160008025,
  "avg_counts_per_cell": 94.74391036501703,
  "avg_counts_per_gene": 540.2503642698765,
  "avg_nnzero_per_cell": 24.74187724629067,
  "avg_nnzero_per_gene": 141.08356034209692,
  "min_cell": 0,
  "max_cell": 92705,
  "total_counts": 34111408,
  "overdispersion": 628.9441614124111,
  "s_index": 2784
}
