{
  "ncells": 3425,
  "ngenes": 63140,
  "nvals": 7516660,
  "density": 0.03475839809113799,
  "avg_counts_per_cell": 9487.126715328468,
  "avg_counts_per_gene": 514.6247861894203,
  "avg_nnzero_per_cell": 2194.6452554744524,
  "avg_nnzero_per_gene": 119.0475134621476,
  "min_cell": 242,
  "max_cell": 92705,
  "total_counts": 32493409,
  "overdispersion": 5.548137065743501,
  "s_index": 2784
}
