{
	"numRecords": 5162360,
	"numReads": 30917027,
	"numBarcodes": 206147,
	"medianReadsPerBarcode": 2.000000,
	"meanReadsPerBarcode": 149.975634,
	"numUMIs": 828361,
	"numBarcodeUMIs": 2475180,
	"medianUMIsPerBarcode": 1.000000,
	"meanUMIsPerBarcode": 12.006869,
	"gtRecords": 1809138,
	"numTargets": 139294,
	"medianTargetsPerSet": 3.000000,
	"meanTargetsPerSet": 4.227164,
	"numSingleton": 6612718,
	"gtTargets": 10822,
	"numBarcodesOnWhitelist": 132196,
	"percentageBarcodesOnWhitelist": 64.127055,
	"numReadsOnWhitelist": 30023398,
	"percentageReadsOnWhitelist": 97.109589
}
