{
  "ncells": 643,
  "ngenes": 60623,
  "nvals": 653412,
  "density": 0.016762496841697287,
  "avg_per_cell": 2314.457231726283,
  "avg_per_gene": 24.548372729822013,
  "min_cell": 238,
  "max_cell": 10709,
  "total_counts": 1488196,
  "overdispersion": 0.5659114460781633
}
