{
  "ncells": 10963,
  "ngenes": 60623,
  "nvals": 14759943,
  "density": 0.0222084292030362,
  "avg_per_cell": 3790.003010124966,
  "avg_per_gene": 685.3801857380862,
  "min_cell": 328,
  "max_cell": 44874,
  "total_counts": 41549803,
  "overdispersion": 1.6571770572758002
}
