{
  "ncells": 597446,
  "ngenes": 63140,
  "nvals": 3942862,
  "density": 0.00010452215173156174,
  "avg_counts_per_cell": 9.344004311686746,
  "avg_counts_per_gene": 88.41523598352866,
  "avg_nnzero_per_cell": 6.599528660330808,
  "avg_nnzero_per_gene": 62.44634146341463,
  "min_cell": 0,
  "max_cell": 9352,
  "total_counts": 5582538,
  "overdispersion": 234.1177861715575,
  "s_index": 1191
}
