{
  "ncells": 3925,
  "ngenes": 63140,
  "nvals": 2489456,
  "density": 0.010045237658100793,
  "avg_counts_per_cell": 1016.1268789808918,
  "avg_counts_per_gene": 63.16594868546088,
  "avg_nnzero_per_cell": 634.2563057324841,
  "avg_nnzero_per_gene": 39.42755780804561,
  "min_cell": 147,
  "max_cell": 9352,
  "total_counts": 3988298,
  "overdispersion": 1.2945417627211728,
  "s_index": 1191
}
