{"ncells": 6749, "ngenes": 60623, "nvals": 4187832, "density": 0.01023557862828784, "avg_counts_per_cell": 3333.255741591347, "avg_counts_per_gene": 371.0826419015885, "avg_nnzero_per_cell": 620.5114831826937, "avg_nnzero_per_gene": 69.07992016231464, "min_cell": 144, "max_cell": 94552, "total_counts": 22496143, "overdispersion": 0.9251405962122596, "s_index": 2375}