{
  "ncells": 1332,
  "ngenes": 63140,
  "nvals": 1110585,
  "density": 0.013205139729529974,
  "avg_counts_per_cell": 2012.4256756756756,
  "avg_counts_per_gene": 42.4540861577447,
  "avg_nnzero_per_cell": 833.7725225225225,
  "avg_nnzero_per_gene": 17.589246119733925,
  "min_cell": 186,
  "max_cell": 17716,
  "total_counts": 2680551,
  "overdispersion": 0.42172972937512915,
  "s_index": 1040
}
