{
  "ncells": 115056,
  "ngenes": 63140,
  "nvals": 1719609,
  "density": 0.00023670959396637837,
  "avg_counts_per_cell": 29.085106382978722,
  "avg_counts_per_gene": 52.99993664871714,
  "avg_nnzero_per_cell": 14.94584376303713,
  "avg_nnzero_per_gene": 27.23485904339563,
  "min_cell": 0,
  "max_cell": 17716,
  "total_counts": 3346416,
  "overdispersion": 107.23154818053366,
  "s_index": 1041
}
