{
  "ncells": 10786,
  "ngenes": 60623,
  "nvals": 4772557,
  "density": 0.007298830596169713,
  "avg_per_cell": 991.2082328944929,
  "avg_per_gene": 176.35504676442935,
  "min_cell": 220,
  "max_cell": 11310,
  "total_counts": 10691172,
  "overdispersion": 1.4204039947733393
}
