{"ncells": 11237, "ngenes": 60623, "nvals": 4845873, "density": 0.0071135145314319016, "avg_per_cell": 960.0945092106434, "avg_per_gene": 177.9618626593867, "min_cell": 213, "max_cell": 11310, "total_count": 10788582, "overdispersion": 1.4743959418409445, "s_index": 1924}