{
  "ncells": 3560,
  "ngenes": 63140,
  "nvals": 2632051,
  "density": 0.01170953703736658,
  "avg_counts_per_cell": 1192.1182584269663,
  "avg_counts_per_gene": 67.2147766867279,
  "avg_nnzero_per_cell": 739.3401685393259,
  "avg_nnzero_per_gene": 41.685951853025024,
  "min_cell": 121,
  "max_cell": 18640,
  "total_counts": 4243941,
  "overdispersion": 2.1915163025479893,
  "s_index": 1127
}
