{
  "ncells": 573702,
  "ngenes": 63140,
  "nvals": 3875660,
  "density": 0.00010699284338500958,
  "avg_counts_per_cell": 9.774079574413197,
  "avg_counts_per_gene": 88.80913842255306,
  "avg_nnzero_per_cell": 6.7555281313295055,
  "avg_nnzero_per_gene": 61.382008235666774,
  "min_cell": 0,
  "max_cell": 18635,
  "total_counts": 5607409,
  "overdispersion": 360.66037818015644,
  "s_index": 1127
}
