{
	"numRecords": 65927340,
	"numReads": 116451264,
	"numBarcodes": 2463156,
	"medianReadsPerBarcode": 2.000000,
	"meanReadsPerBarcode": 47.277259,
	"numUMIs": 1048575,
	"numBarcodeUMIs": 61273145,
	"medianUMIsPerBarcode": 1.000000,
	"meanUMIsPerBarcode": 24.875869,
	"gtRecords": 26928036,
	"numBarcodesOnWhitelist": 23539,
	"percentageBarcodesOnWhitelist": 0.955644,
	"numReadsOnWhitelist": 1865057,
	"percentageReadsOnWhitelist": 1.601577
}
