{
	"numRecords": 13570274,
	"numReads": 25577825,
	"numBarcodes": 422987,
	"medianReadsPerBarcode": 3.000000,
	"meanReadsPerBarcode": 60.469530,
	"numUMIs": 1038744,
	"numBarcodeUMIs": 9377745,
	"medianUMIsPerBarcode": 1.000000,
	"meanUMIsPerBarcode": 22.170291,
	"gtRecords": 5905724,
	"numTargets": 161445,
	"medianTargetsPerSet": 3.000000,
	"meanTargetsPerSet": 4.041679,
	"numSingleton": 6267485,
	"gtTargets": 10511,
	"numBarcodesOnWhitelist": 214561,
	"percentageBarcodesOnWhitelist": 50.725200,
	"numReadsOnWhitelist": 24527736,
	"percentageReadsOnWhitelist": 95.894534
}
