{
  "ncells": 2032,
  "ngenes": 60623,
  "nvals": 2665672,
  "density": 0.021639418318013186,
  "avg_per_cell": 3358.7273622047246,
  "avg_per_gene": 112.57994490539895,
  "min_cell": 1296,
  "max_cell": 13851,
  "total_counts": 6824934,
  "overdispersion": 0.31945560113940685
}
