{"ncells": 2031, "ngenes": 60623, "nvals": 2664945, "density": 0.021644168327921327, "avg_per_cell": 3359.742983751846, "avg_per_gene": 112.55856688055688, "min_cell": 1299, "max_cell": 13851, "total_count": 6823638, "overdispersion": 0.31915931212874027, "s_index": 1811}