{"ncells": 2031, "ngenes": 60623, "nvals": 2664945, "density": 0.021644168327921327, "avg_counts_per_cell": 3359.742983751846, "avg_counts_per_gene": 112.55856688055688, "avg_nnzero_per_cell": 1312.1344165435746, "avg_nnzero_per_gene": 43.959305874008216, "min_cell": 1299, "max_cell": 13851, "total_counts": 6823638, "overdispersion": 0.31915931212874027, "s_index": 1811}