{"ncells": 7621, "ngenes": 60623, "nvals": 19047167, "density": 0.041226930753473744, "avg_per_cell": 8316.77771945939, "avg_per_gene": 1045.5134684855582, "min_cell": 228, "max_cell": 35218, "total_count": 63382163, "overdispersion": 0.4828347404821803, "s_index": 5662}