{
  "ncells": 7045,
  "ngenes": 63140,
  "nvals": 2860620,
  "density": 0.006430942043467793,
  "avg_counts_per_cell": 624.8762242725337,
  "avg_counts_per_gene": 69.72209375989864,
  "avg_nnzero_per_cell": 406.0496806245564,
  "avg_nnzero_per_gene": 45.3059866962306,
  "min_cell": 117,
  "max_cell": 11851,
  "total_counts": 4402253,
  "overdispersion": 0.9780349233677552,
  "s_index": 1024
}
