{
  "ncells": 514915,
  "ngenes": 63140,
  "nvals": 4219694,
  "density": 0.00012978988191804516,
  "avg_counts_per_cell": 11.553829272792596,
  "avg_counts_per_gene": 94.22299651567944,
  "avg_nnzero_per_cell": 8.19493314430537,
  "avg_nnzero_per_gene": 66.83075704783022,
  "min_cell": 0,
  "max_cell": 11836,
  "total_counts": 5949240,
  "overdispersion": 89.34634598392246,
  "s_index": 1024
}
