{"ncells": 6831, "ngenes": 60623, "nvals": 17312512, "density": 0.04180597706515908, "avg_counts_per_cell": 13448.42380324989, "avg_counts_per_gene": 1515.3684740115139, "avg_nnzero_per_cell": 2534.403747621139, "avg_nnzero_per_gene": 285.5766293321017, "min_cell": 262, "max_cell": 97466, "total_counts": 91866183, "overdispersion": 3.686683315521736, "s_index": 4493}