{
	"numRecords": 24187422,
	"numReads": 115011049,
	"numBarcodes": 675478,
	"medianReadsPerBarcode": 2.000000,
	"meanReadsPerBarcode": 170.266166,
	"numUMIs": 1046704,
	"numBarcodeUMIs": 14285216,
	"medianUMIsPerBarcode": 1.000000,
	"meanUMIsPerBarcode": 21.148307,
	"gtRecords": 9122660,
	"numBarcodesOnWhitelist": 179601,
	"percentageBarcodesOnWhitelist": 26.588727,
	"numReadsOnWhitelist": 110586487,
	"percentageReadsOnWhitelist": 96.152924
}
