{
  "ncells": 2021,
  "ngenes": 60623,
  "nvals": 2842283,
  "density": 0.02319869632063766,
  "avg_per_cell": 4206.562592775854,
  "avg_per_gene": 140.23494383319863,
  "min_cell": 446,
  "max_cell": 43048,
  "total_counts": 8501463,
  "overdispersion": 2.14254435270527
}
