{"ncells": 4606, "ngenes": 60623, "nvals": 3069259, "density": 0.01099188510636722, "avg_counts_per_cell": 1938.2551020408164, "avg_counts_per_gene": 147.26428913118784, "avg_nnzero_per_cell": 666.3610508033, "avg_nnzero_per_gene": 50.62862279992742, "min_cell": 68, "max_cell": 43048, "total_counts": 8927603, "overdispersion": 5.497915862995771, "s_index": 1488}