{"ncells": 1673, "ngenes": 60623, "nvals": 515600, "density": 0.005083695664144956, "avg_counts_per_cell": 777.6335923490735, "avg_counts_per_gene": 21.46018837734853, "avg_nnzero_per_cell": 308.1888822474597, "avg_nnzero_per_gene": 8.50502284611451, "min_cell": 539, "max_cell": 3742, "total_counts": 1300981, "overdispersion": 1.557508853096847, "s_index": 724}