{
	"numRecords": 138056215,
	"numReads": 351820190,
	"numBarcodes": 2504405,
	"medianReadsPerBarcode": 4.000000,
	"meanReadsPerBarcode": 140.480549,
	"numUMIs": 1048576,
	"numBarcodeUMIs": 91555463,
	"medianUMIsPerBarcode": 1.000000,
	"meanUMIsPerBarcode": 36.557770,
	"gtRecords": 40406349,
	"numTargets": 189328,
	"medianTargetsPerSet": 4.000000,
	"meanTargetsPerSet": 4.822549,
	"numSingleton": 93026762,
	"gtTargets": 5500,
	"numBarcodesOnWhitelist": 339455,
	"percentageBarcodesOnWhitelist": 13.554317,
	"numReadsOnWhitelist": 326895733,
	"percentageReadsOnWhitelist": 92.915569
}
