{
  "ncells": 162,
  "ngenes": 63140,
  "nvals": 378699,
  "density": 0.03702325226715471,
  "avg_counts_per_cell": 8918.981481481482,
  "avg_counts_per_gene": 22.88367120684194,
  "avg_nnzero_per_cell": 2337.6481481481483,
  "avg_nnzero_per_gene": 5.997766867279062,
  "min_cell": 1,
  "max_cell": 111051,
  "total_counts": 1444875,
  "overdispersion": 2.9610763821984545,
  "s_index": 160
}
