{
  "ncells": 176095,
  "ngenes": 63140,
  "nvals": 1137601,
  "density": 0.00010231477716115651,
  "avg_counts_per_cell": 13.056798886964422,
  "avg_counts_per_gene": 36.414903389293634,
  "avg_nnzero_per_cell": 6.460155029955422,
  "avg_nnzero_per_gene": 18.017120684193856,
  "min_cell": 0,
  "max_cell": 111051,
  "total_counts": 2299237,
  "overdispersion": 358.6419796468434,
  "s_index": 215
}
