{
  "ncells": 414160,
  "ngenes": 63140,
  "nvals": 9779691,
  "density": 0.0003739834670528358,
  "avg_counts_per_cell": 96.43307658875797,
  "avg_counts_per_gene": 632.5423344947735,
  "avg_nnzero_per_cell": 23.613316109716052,
  "avg_nnzero_per_gene": 154.88899271460247,
  "min_cell": 0,
  "max_cell": 92979,
  "total_counts": 39938723,
  "overdispersion": 486.77631318065573,
  "s_index": 1559
}
