{
  "ncells": 1659,
  "ngenes": 63140,
  "nvals": 5488575,
  "density": 0.052397267532009295,
  "avg_counts_per_cell": 20948.667872212176,
  "avg_counts_per_gene": 550.4250871080139,
  "avg_nnzero_per_cell": 3308.3634719710667,
  "avg_nnzero_per_gene": 86.92706683560343,
  "min_cell": 269,
  "max_cell": 92979,
  "total_counts": 34753840,
  "overdispersion": 1.727970092279028,
  "s_index": 1559
}
