{
  "ncells": 1645,
  "ngenes": 60623,
  "nvals": 1304004,
  "density": 0.013076020632172518,
  "avg_per_cell": 2076.0674772036473,
  "avg_per_gene": 56.33391617043036,
  "min_cell": 18,
  "max_cell": 41759,
  "total_counts": 3415131,
  "overdispersion": 8.678702446730716
}
