{
  "ncells": 90876,
  "ngenes": 63140,
  "nvals": 994342,
  "density": 0.00017329339238367783,
  "avg_counts_per_cell": 16.946410493419606,
  "avg_counts_per_gene": 24.390592334494773,
  "avg_nnzero_per_cell": 10.941744795105418,
  "avg_nnzero_per_gene": 15.748210326259107,
  "min_cell": 0,
  "max_cell": 7277,
  "total_counts": 1540022,
  "overdispersion": 127.4992427860168,
  "s_index": 483
}
