{
  "ncells": 568,
  "ngenes": 63140,
  "nvals": 428515,
  "density": 0.011948492507149326,
  "avg_counts_per_cell": 1626.5457746478874,
  "avg_counts_per_gene": 14.632214127336079,
  "avg_nnzero_per_cell": 754.4278169014085,
  "avg_nnzero_per_gene": 6.786743744060817,
  "min_cell": 183,
  "max_cell": 7277,
  "total_counts": 923878,
  "overdispersion": 0.6397158207999099,
  "s_index": 483
}
