{
  "ncells": 202349,
  "ngenes": 63140,
  "nvals": 4757883,
  "density": 0.00037239866735730496,
  "avg_counts_per_cell": 45.15075933164977,
  "avg_counts_per_gene": 144.69767184035476,
  "avg_nnzero_per_cell": 23.513251856940236,
  "avg_nnzero_per_gene": 75.35449794108331,
  "min_cell": 0,
  "max_cell": 17082,
  "total_counts": 9136211,
  "overdispersion": 72.6164464040251,
  "s_index": 1308
}
