{
  "ncells": 5968,
  "ngenes": 63140,
  "nvals": 3118986,
  "density": 0.008277134900017918,
  "avg_counts_per_cell": 1170.7114611260054,
  "avg_counts_per_gene": 110.65578080456129,
  "avg_nnzero_per_cell": 522.6182975871313,
  "avg_nnzero_per_gene": 49.39794108330694,
  "min_cell": 26,
  "max_cell": 17082,
  "total_counts": 6986806,
  "overdispersion": 3.2711208874284723,
  "s_index": 1308
}
