{
	"numRecords": 16921281,
	"numReads": 87869011,
	"numBarcodes": 481015,
	"medianReadsPerBarcode": 4.000000,
	"meanReadsPerBarcode": 182.674160,
	"numUMIs": 6860578,
	"numBarcodeUMIs": 10602437,
	"medianUMIsPerBarcode": 1.000000,
	"meanUMIsPerBarcode": 22.041801,
	"gtRecords": 5279037,
	"numBarcodesOnWhitelist": 273438,
	"percentageBarcodesOnWhitelist": 56.846044,
	"numReadsOnWhitelist": 85820238,
	"percentageReadsOnWhitelist": 97.668378
}
