{
  "ncells": 857,
  "ngenes": 60623,
  "nvals": 1627341,
  "density": 0.0313227814552787,
  "avg_per_cell": 8020.971995332556,
  "avg_per_gene": 113.38886231298352,
  "min_cell": 575,
  "max_cell": 184498,
  "total_counts": 6873973,
  "overdispersion": 2.929295037037952
}
