{"ncells": 12341, "ngenes": 60623, "nvals": 2051123, "density": 0.0027415989690163668, "avg_per_cell": 617.3801960943198, "avg_per_gene": 125.67984098444485, "min_cell": 28, "max_cell": 184479, "total_count": 7619089, "overdispersion": 41.128676784241094, "s_index": 796}