{
  "ncells": 7144,
  "ngenes": 63140,
  "nvals": 18430560,
  "density": 0.0408594491843611,
  "avg_counts_per_cell": 13088.861422172453,
  "avg_counts_per_gene": 1480.9443458980045,
  "avg_nnzero_per_cell": 2579.86562150056,
  "avg_nnzero_per_gene": 291.8999049730757,
  "min_cell": 249,
  "max_cell": 87330,
  "total_counts": 93506826,
  "overdispersion": 2.00627599464363,
  "s_index": 4724
}
