{
  "ncells": 588167,
  "ngenes": 63140,
  "nvals": 24504623,
  "density": 0.0006598463119895746,
  "avg_counts_per_cell": 172.0879546115304,
  "avg_counts_per_gene": 1603.0480836236934,
  "avg_nnzero_per_cell": 41.66269613902174,
  "avg_nnzero_per_gene": 388.0998257839721,
  "min_cell": 0,
  "max_cell": 87330,
  "total_counts": 101216456,
  "overdispersion": 191.02022826249598,
  "s_index": 4724
}
