{
  "ncells": 839873,
  "ngenes": 63140,
  "nvals": 3520911,
  "density": 0.00006639522543828981,
  "avg_counts_per_cell": 16.64896954658621,
  "avg_counts_per_gene": 221.46056382641748,
  "avg_nnzero_per_cell": 4.192194534173619,
  "avg_nnzero_per_gene": 55.763557174532785,
  "min_cell": 0,
  "max_cell": 89427,
  "total_counts": 13983020,
  "overdispersion": 36.80188905564523,
  "s_index": 867
}
