{
  "ncells": 25662,
  "ngenes": 63140,
  "nvals": 1543894,
  "density": 0.0009528453112113873,
  "avg_counts_per_cell": 357.87179487179486,
  "avg_counts_per_gene": 145.44988913525498,
  "avg_nnzero_per_cell": 60.16265294988699,
  "avg_nnzero_per_gene": 24.45191637630662,
  "min_cell": 9,
  "max_cell": 89427,
  "total_counts": 9183706,
  "overdispersion": 2.251528895720946,
  "s_index": 867
}
