{
  "ncells": 5535,
  "ngenes": 60623,
  "nvals": 2041495,
  "density": 0.006084056958654582,
  "avg_per_cell": 918.1324299909666,
  "avg_per_gene": 83.82730976692015,
  "min_cell": 69,
  "max_cell": 9871,
  "total_counts": 5081863,
  "overdispersion": 3.7714256792729195
}
