{
  "ncells": 520557,
  "ngenes": 63140,
  "nvals": 23916352,
  "density": 0.0007276492202652675,
  "avg_counts_per_cell": 117.8150039284843,
  "avg_counts_per_gene": 971.3244377573645,
  "avg_nnzero_per_cell": 45.94377176754899,
  "avg_nnzero_per_gene": 378.78289515362684,
  "min_cell": 0,
  "max_cell": 87005,
  "total_counts": 61329425,
  "overdispersion": 159.31824204994467,
  "s_index": 5025
}
