{
  "ncells": 10531,
  "ngenes": 63140,
  "nvals": 20685044,
  "density": 0.031108728361207105,
  "avg_counts_per_cell": 5475.827936568227,
  "avg_counts_per_gene": 913.3028824833702,
  "avg_nnzero_per_cell": 1964.2051087266166,
  "avg_nnzero_per_gene": 327.60601837187204,
  "min_cell": 267,
  "max_cell": 87005,
  "total_counts": 57665944,
  "overdispersion": 2.720752047542161,
  "s_index": 5025
}
