{"ncells": 2075, "ngenes": 60623, "nvals": 6287592, "density": 0.04998374906020996, "avg_counts_per_cell": 21056.528674698795, "avg_counts_per_gene": 720.7214588522507, "avg_nnzero_per_cell": 3030.1648192771086, "avg_nnzero_per_gene": 103.71627929993566, "min_cell": 613, "max_cell": 98825, "total_counts": 43692297, "overdispersion": 2.023759543318843, "s_index": 1605}