{
  "ncells": 4496,
  "ngenes": 63140,
  "nvals": 3137440,
  "density": 0.01105209346681441,
  "avg_counts_per_cell": 2991.9584074733098,
  "avg_counts_per_gene": 213.04790940766551,
  "avg_nnzero_per_cell": 697.829181494662,
  "avg_nnzero_per_gene": 49.69021222679759,
  "min_cell": 147,
  "max_cell": 35981,
  "total_counts": 13451845,
  "overdispersion": 3.537861319686017,
  "s_index": 2117
}
