{
  "ncells": 306077,
  "ngenes": 63140,
  "nvals": 5057230,
  "density": 0.00026168415810046716,
  "avg_counts_per_cell": 53.16677829435077,
  "avg_counts_per_gene": 257.73088375039595,
  "avg_nnzero_per_cell": 16.522737742463498,
  "avg_nnzero_per_gene": 80.0955020589167,
  "min_cell": 0,
  "max_cell": 35981,
  "total_counts": 16273128,
  "overdispersion": 191.2726219575724,
  "s_index": 2117
}
