{
	"numRecords": 94120577,
	"numReads": 262751250,
	"numBarcodes": 1952713,
	"medianReadsPerBarcode": 3.000000,
	"meanReadsPerBarcode": 134.557024,
	"numUMIs": 1048576,
	"numBarcodeUMIs": 60414997,
	"medianUMIsPerBarcode": 1.000000,
	"meanUMIsPerBarcode": 30.939005,
	"gtRecords": 32500771,
	"numTargets": 188905,
	"medianTargetsPerSet": 3.000000,
	"meanTargetsPerSet": 3.939344,
	"numSingleton": 59742456,
	"gtTargets": 6355,
	"numBarcodesOnWhitelist": 526999,
	"percentageBarcodesOnWhitelist": 26.988042,
	"numReadsOnWhitelist": 252990848,
	"percentageReadsOnWhitelist": 96.285307
}
