{
  "ncells": 402743,
  "ngenes": 63140,
  "nvals": 4795317,
  "density": 0.00018857527237409755,
  "avg_counts_per_cell": 22.601202255532684,
  "avg_counts_per_gene": 144.1633829585049,
  "avg_nnzero_per_cell": 11.90664269770052,
  "avg_nnzero_per_gene": 75.94737092176116,
  "min_cell": 0,
  "max_cell": 8692,
  "total_counts": 9102476,
  "overdispersion": 102.32932582370101,
  "s_index": 1661
}
