{
  "ncells": 4576,
  "ngenes": 63140,
  "nvals": 2938734,
  "density": 0.01017114122019887,
  "avg_counts_per_cell": 1472.6732954545455,
  "avg_counts_per_gene": 106.73032942667089,
  "avg_nnzero_per_cell": 642.2058566433567,
  "avg_nnzero_per_gene": 46.54314222363003,
  "min_cell": 127,
  "max_cell": 8692,
  "total_counts": 6738953,
  "overdispersion": 0.6663462492878125,
  "s_index": 1661
}
