{
  "ncells": 1404,
  "ngenes": 60623,
  "nvals": 2025685,
  "density": 0.023799475183438366,
  "avg_per_cell": 4294.8376068376065,
  "avg_per_gene": 99.46640713920459,
  "min_cell": 399,
  "max_cell": 35659,
  "total_counts": 6029952,
  "overdispersion": 0.5437528781173858
}
