{"ncells": 1301, "ngenes": 60623, "nvals": 1994328, "density": 0.02528610086685998, "avg_per_cell": 4585.927747886241, "avg_per_gene": 98.4163106411758, "min_cell": 856, "max_cell": 35659, "total_count": 5966292, "overdispersion": 0.4466857910186862, "s_index": 1234}