{
  "ncells": 6247,
  "ngenes": 63140,
  "nvals": 2630912,
  "density": 0.0066700676445061065,
  "avg_counts_per_cell": 873.5892428365615,
  "avg_counts_per_gene": 86.4319290465632,
  "avg_nnzero_per_cell": 421.1480710741156,
  "avg_nnzero_per_gene": 41.66791257522965,
  "min_cell": 7,
  "max_cell": 12359,
  "total_counts": 5457312,
  "overdispersion": 1.5292915992907428,
  "s_index": 1346
}
