{
  "ncells": 403043,
  "ngenes": 63140,
  "nvals": 5666868,
  "density": 0.00022268303730494746,
  "avg_counts_per_cell": 22.291564423647106,
  "avg_counts_per_gene": 142.29425087108015,
  "avg_nnzero_per_cell": 14.060206975434383,
  "avg_nnzero_per_gene": 89.75083940449794,
  "min_cell": 0,
  "max_cell": 12359,
  "total_counts": 8984459,
  "overdispersion": 123.83143507762273,
  "s_index": 1346
}
