{
	"numRecords": 28515448,
	"numReads": 282422570,
	"numBarcodes": 555844,
	"medianReadsPerBarcode": 2.000000,
	"meanReadsPerBarcode": 508.096822,
	"numUMIs": 1044409,
	"numBarcodeUMIs": 11858627,
	"medianUMIsPerBarcode": 1.000000,
	"meanUMIsPerBarcode": 21.334452,
	"gtRecords": 12215500,
	"numTargets": 156914,
	"medianTargetsPerSet": 3.000000,
	"meanTargetsPerSet": 4.521756,
	"numSingleton": 39840057,
	"gtTargets": 7666,
	"numBarcodesOnWhitelist": 173283,
	"percentageBarcodesOnWhitelist": 31.174754,
	"numReadsOnWhitelist": 271326649,
	"percentageReadsOnWhitelist": 96.071164
}
