{
  "ncells": 4092,
  "ngenes": 60623,
  "nvals": 1089092,
  "density": 0.004390272918719218,
  "avg_per_cell": 957.5403225806451,
  "avg_per_gene": 64.633142536661,
  "min_cell": 85,
  "max_cell": 23866,
  "total_counts": 3918255,
  "overdispersion": 12.609748256970278
}
