{"ncells": 1279, "ngenes": 60623, "nvals": 853478, "density": 0.011007390205352382, "avg_per_cell": 2759.4347146207974, "avg_per_gene": 58.21745872028768, "min_cell": 382, "max_cell": 23866, "total_count": 3529317, "overdispersion": 4.115736065274149, "s_index": 1094}