{
  "ncells": 5002,
  "ngenes": 63140,
  "nvals": 2441123,
  "density": 0.00772932195509506,
  "avg_counts_per_cell": 1026.5057976809276,
  "avg_counts_per_gene": 81.32058916693063,
  "avg_nnzero_per_cell": 488.02938824470215,
  "avg_nnzero_per_gene": 38.66206841938549,
  "min_cell": 124,
  "max_cell": 11808,
  "total_counts": 5134582,
  "overdispersion": 1.7262164256380905,
  "s_index": 1286
}
