{
  "ncells": 325917,
  "ngenes": 63140,
  "nvals": 4465103,
  "density": 0.00021698009245265217,
  "avg_counts_per_cell": 22.85335223385095,
  "avg_counts_per_gene": 117.9647766867279,
  "avg_nnzero_per_cell": 13.700123037460457,
  "avg_nnzero_per_gene": 70.71750079189104,
  "min_cell": 0,
  "max_cell": 11808,
  "total_counts": 7448296,
  "overdispersion": 132.7966069115399,
  "s_index": 1286
}
