{
  "ncells": 3090,
  "ngenes": 63140,
  "nvals": 7370577,
  "density": 0.037777953753563506,
  "avg_counts_per_cell": 5511.43139158576,
  "avg_counts_per_gene": 269.72320240734877,
  "avg_nnzero_per_cell": 2385.3,
  "avg_nnzero_per_gene": 116.73387709851124,
  "min_cell": 140,
  "max_cell": 26153,
  "total_counts": 17030323,
  "overdispersion": 0.596807504146968,
  "s_index": 2601
}
