{
  "ncells": 384825,
  "ngenes": 63140,
  "nvals": 8670703,
  "density": 0.0003568506193582844,
  "avg_counts_per_cell": 47.965711687130515,
  "avg_counts_per_gene": 292.34090909090907,
  "avg_nnzero_per_cell": 22.531548106282077,
  "avg_nnzero_per_gene": 137.32503959455178,
  "min_cell": 0,
  "max_cell": 26153,
  "total_counts": 18458405,
  "overdispersion": 168.20518858742864,
  "s_index": 2601
}
