{
	"numRecords": 62825175,
	"numReads": 269527964,
	"numBarcodes": 745544,
	"medianReadsPerBarcode": 7.000000,
	"meanReadsPerBarcode": 361.518521,
	"numUMIs": 1048524,
	"numBarcodeUMIs": 30053825,
	"medianUMIsPerBarcode": 1.000000,
	"meanUMIsPerBarcode": 40.311269,
	"gtRecords": 19145589,
	"numBarcodesOnWhitelist": 280667,
	"percentageBarcodesOnWhitelist": 37.645934,
	"numReadsOnWhitelist": 263040031,
	"percentageReadsOnWhitelist": 97.592853
}
