{
  "ncells": 434089,
  "ngenes": 63140,
  "nvals": 12441319,
  "density": 0.0004539239183461013,
  "avg_counts_per_cell": 60.6047285234134,
  "avg_counts_per_gene": 416.65894836870444,
  "avg_nnzero_per_cell": 28.660756204372834,
  "avg_nnzero_per_gene": 197.04337979094078,
  "min_cell": 0,
  "max_cell": 11910,
  "total_counts": 26307846,
  "overdispersion": 50.063293611483004,
  "s_index": 2444
}
