{
  "ncells": 16492,
  "ngenes": 63140,
  "nvals": 9751139,
  "density": 0.009364345819641217,
  "avg_counts_per_cell": 1400.1551661411593,
  "avg_counts_per_gene": 365.71680392777955,
  "avg_nnzero_per_cell": 591.2647950521465,
  "avg_nnzero_per_gene": 154.43679125752297,
  "min_cell": 167,
  "max_cell": 11910,
  "total_counts": 23091359,
  "overdispersion": 1.309242335608419,
  "s_index": 2444
}
