{
  "ncells": 42178,
  "ngenes": 63140,
  "nvals": 303529,
  "density": 0.00011397500792041235,
  "avg_counts_per_cell": 17.25072312580018,
  "avg_counts_per_gene": 11.523614190687361,
  "avg_nnzero_per_cell": 7.196382000094836,
  "avg_nnzero_per_gene": 4.807237884067153,
  "min_cell": 0,
  "max_cell": 32435,
  "total_counts": 727601,
  "overdispersion": 513.1594374452549,
  "s_index": 168
}
