{
  "ncells": 76,
  "ngenes": 63140,
  "nvals": 161288,
  "density": 0.03361118983712052,
  "avg_counts_per_cell": 7324.578947368421,
  "avg_counts_per_gene": 8.81640798226164,
  "avg_nnzero_per_cell": 2122.2105263157896,
  "avg_nnzero_per_gene": 2.5544504276211595,
  "min_cell": 591,
  "max_cell": 32435,
  "total_counts": 556668,
  "overdispersion": 4.2704670383282775,
  "s_index": 76
}
