{
  "ncells": 9412,
  "ngenes": 60623,
  "nvals": 5850621,
  "density": 0.010253747602831877,
  "avg_per_cell": 2433.019443263918,
  "avg_per_gene": 377.7374758754928,
  "min_cell": 88,
  "max_cell": 40691,
  "total_counts": 22899579,
  "overdispersion": 4.9734235610794935
}
