{"ncells": 1679, "ngenes": 60623, "nvals": 1814983, "density": 0.017831358898737534, "avg_per_cell": 7315.958904109589, "avg_per_gene": 202.62103492073965, "min_cell": 3787, "max_cell": 40691, "total_count": 12283495, "overdispersion": 0.5682126534204925, "s_index": 1679}