{
	"numRecords": 114743608,
	"numReads": 250558994,
	"numBarcodes": 1223987,
	"medianReadsPerBarcode": 3.000000,
	"meanReadsPerBarcode": 204.707235,
	"numUMIs": 1048576,
	"numBarcodeUMIs": 67753009,
	"medianUMIsPerBarcode": 1.000000,
	"meanUMIsPerBarcode": 55.354353,
	"gtRecords": 50698936,
	"numBarcodesOnWhitelist": 423842,
	"percentageBarcodesOnWhitelist": 34.627982,
	"numReadsOnWhitelist": 241014826,
	"percentageReadsOnWhitelist": 96.190850
}
