{"ncells": 6286, "ngenes": 60623, "nvals": 13650045, "density": 0.03581972788653297, "avg_counts_per_cell": 7869.650811326758, "avg_counts_per_gene": 816.0042393151115, "avg_nnzero_per_cell": 2171.499363665288, "avg_nnzero_per_gene": 225.16280949474623, "min_cell": 158, "max_cell": 45161, "total_counts": 49468625, "overdispersion": 0.9247972514565506, "s_index": 4014}