{
	"numRecords": 17704002,
	"numReads": 24321119,
	"numBarcodes": 388842,
	"medianReadsPerBarcode": 2.000000,
	"meanReadsPerBarcode": 62.547562,
	"numUMIs": 1047032,
	"numBarcodeUMIs": 15337208,
	"medianUMIsPerBarcode": 1.000000,
	"meanUMIsPerBarcode": 39.443291,
	"gtRecords": 10701128,
	"numTargets": 166046,
	"medianTargetsPerSet": 4.000000,
	"meanTargetsPerSet": 7.228036,
	"numSingleton": 5043713,
	"gtTargets": 10882,
	"numBarcodesOnWhitelist": 203572,
	"percentageBarcodesOnWhitelist": 52.353398,
	"numReadsOnWhitelist": 23456121,
	"percentageReadsOnWhitelist": 96.443428
}
