{"ncells": 3322, "ngenes": 60623, "nvals": 4660722, "density": 0.023142813040708764, "avg_counts_per_cell": 3638.1282360024084, "avg_counts_per_gene": 199.3610016000528, "avg_nnzero_per_cell": 1402.9867549668875, "avg_nnzero_per_gene": 76.88042492123452, "min_cell": 487, "max_cell": 28043, "total_counts": 12085862, "overdispersion": 0.5834578889143665, "s_index": 2204}