{
  "ncells": 5951,
  "ngenes": 63140,
  "nvals": 2427773,
  "density": 0.006461205429814928,
  "avg_counts_per_cell": 645.4584103512015,
  "avg_counts_per_gene": 60.835017421602785,
  "avg_nnzero_per_cell": 407.96051083851455,
  "avg_nnzero_per_gene": 38.45063351282864,
  "min_cell": 98,
  "max_cell": 16943,
  "total_counts": 3841123,
  "overdispersion": 1.1364771186019025,
  "s_index": 965
}
