{
  "ncells": 196770,
  "ngenes": 63140,
  "nvals": 3795571,
  "density": 0.00030550171780430706,
  "avg_counts_per_cell": 30.339675763581848,
  "avg_counts_per_gene": 94.55080772885651,
  "avg_nnzero_per_cell": 19.28937846216395,
  "avg_nnzero_per_gene": 60.1135730123535,
  "min_cell": 0,
  "max_cell": 16943,
  "total_counts": 5969938,
  "overdispersion": 3.5214713745746735,
  "s_index": 965
}
