{
	"numRecords": 66426049,
	"numReads": 124644153,
	"numBarcodes": 1258024,
	"medianReadsPerBarcode": 2.000000,
	"meanReadsPerBarcode": 99.079312,
	"numUMIs": 1048576,
	"numBarcodeUMIs": 43438135,
	"medianUMIsPerBarcode": 1.000000,
	"meanUMIsPerBarcode": 34.528860,
	"gtRecords": 32345273,
	"numTargets": 183163,
	"medianTargetsPerSet": 3.000000,
	"meanTargetsPerSet": 4.553644,
	"numSingleton": 30405131,
	"gtTargets": 8445,
	"numBarcodesOnWhitelist": 324610,
	"percentageBarcodesOnWhitelist": 25.803164,
	"numReadsOnWhitelist": 119694653,
	"percentageReadsOnWhitelist": 96.029096
}
