{
  "ncells": 8474,
  "ngenes": 60623,
  "nvals": 6733047,
  "density": 0.01310647073954017,
  "avg_per_cell": 3487.3637007316497,
  "avg_per_gene": 487.470432014252,
  "min_cell": 121,
  "max_cell": 108478,
  "total_counts": 29551920,
  "overdispersion": 5.45383924207526
}
