{"ncells": 16175, "ngenes": 60623, "nvals": 7241655, "density": 0.007385095525769636, "avg_counts_per_cell": 1871.6389489953633, "avg_counts_per_gene": 499.37746399881235, "avg_nnzero_per_cell": 447.7066460587326, "avg_nnzero_per_gene": 119.45392012932385, "min_cell": 77, "max_cell": 108478, "total_counts": 30273760, "overdispersion": 10.611084489715825, "s_index": 2421}