{
	"numRecords": 80018203,
	"numReads": 118382135,
	"numBarcodes": 1229624,
	"medianReadsPerBarcode": 1.000000,
	"meanReadsPerBarcode": 96.275069,
	"numUMIs": 1048576,
	"numBarcodeUMIs": 59172825,
	"medianUMIsPerBarcode": 1.000000,
	"meanUMIsPerBarcode": 48.122698,
	"gtRecords": 48470707,
	"numTargets": 168164,
	"medianTargetsPerSet": 4.000000,
	"meanTargetsPerSet": 5.306986,
	"numSingleton": 18108424,
	"gtTargets": 7052,
	"numBarcodesOnWhitelist": 332159,
	"percentageBarcodesOnWhitelist": 27.013054,
	"numReadsOnWhitelist": 112400172,
	"percentageReadsOnWhitelist": 94.946904
}
