{"ncells": 2771, "ngenes": 60623, "nvals": 8579470, "density": 0.05107242861239194, "avg_per_cell": 14841.576687116565, "avg_per_gene": 678.3895386239546, "min_cell": 331, "max_cell": 68877, "total_count": 41126009, "overdispersion": 0.3374657702928813, "s_index": 2631}