{
  "ncells": 2028,
  "ngenes": 60623,
  "nvals": 3372905,
  "density": 0.02743460643578522,
  "avg_per_cell": 5602.305719921104,
  "avg_per_gene": 187.41197235372712,
  "min_cell": 2833,
  "max_cell": 18056,
  "total_counts": 11361476,
  "overdispersion": 0.1745776297676908
}
