{"ncells": 2030, "ngenes": 60623, "nvals": 3374693, "density": 0.027422106210969206, "avg_per_cell": 5599.568965517241, "avg_per_gene": 187.50515480923082, "min_cell": 2817, "max_cell": 18056, "total_count": 11367125, "overdispersion": 0.17484099137957082, "s_index": 2030}