{
  "ncells": 566319,
  "ngenes": 63140,
  "nvals": 23148989,
  "density": 0.0006473904946428339,
  "avg_counts_per_cell": 129.16237844748278,
  "avg_counts_per_gene": 1158.490798226164,
  "avg_nnzero_per_cell": 40.87623583174854,
  "avg_nnzero_per_gene": 366.6295375356351,
  "min_cell": 0,
  "max_cell": 43222,
  "total_counts": 73147109,
  "overdispersion": 91.47117375990602,
  "s_index": 5936
}
