{
  "ncells": 7086,
  "ngenes": 63140,
  "nvals": 19283024,
  "density": 0.04309922057180478,
  "avg_counts_per_cell": 9710.026107818234,
  "avg_counts_per_gene": 1089.7251346214762,
  "avg_nnzero_per_cell": 2721.2847869037537,
  "avg_nnzero_per_gene": 305.40107697180866,
  "min_cell": 175,
  "max_cell": 43222,
  "total_counts": 68805245,
  "overdispersion": 0.30272674838858504,
  "s_index": 5936
}
