{
  "ncells": 21416,
  "ngenes": 63140,
  "nvals": 20205163,
  "density": 0.014942367815134472,
  "avg_counts_per_cell": 3008.9004015689206,
  "avg_counts_per_gene": 1020.567168197656,
  "avg_nnzero_per_cell": 943.4611038475906,
  "avg_nnzero_per_gene": 320.0057491289199,
  "min_cell": 0,
  "max_cell": 38887,
  "total_counts": 64438611,
  "overdispersion": 3.205801162179346,
  "s_index": 4616
}
