{
  "ncells": 444121,
  "ngenes": 63140,
  "nvals": 25304331,
  "density": 0.0009023789861614711,
  "avg_counts_per_cell": 163.28730233427376,
  "avg_counts_per_gene": 1148.547988596769,
  "avg_nnzero_per_cell": 56.97620918623528,
  "avg_nnzero_per_gene": 400.7654577130187,
  "min_cell": 0,
  "max_cell": 38887,
  "total_counts": 72519320,
  "overdispersion": 69.77822420901224,
  "s_index": 4616
}
