{"ncells": 6280, "ngenes": 60623, "nvals": 17455400, "density": 0.0458493029542192, "avg_counts_per_cell": 9482.318630573249, "avg_counts_per_gene": 982.2833083153258, "avg_nnzero_per_cell": 2779.522292993631, "avg_nnzero_per_gene": 287.93362255249656, "min_cell": 734, "max_cell": 138104, "total_counts": 59548961, "overdispersion": 12.50393019803603, "s_index": 3222}