{
  "ncells": 44451,
  "ngenes": 63140,
  "nvals": 1086983,
  "density": 0.00038729031687021603,
  "avg_counts_per_cell": 236.65409102157432,
  "avg_counts_per_gene": 166.60612923661705,
  "avg_nnzero_per_cell": 24.45351060718544,
  "avg_nnzero_per_gene": 17.21544187519797,
  "min_cell": 95,
  "max_cell": 11235,
  "total_counts": 10519511,
  "overdispersion": 0.8068322609439573,
  "s_index": 867
}
