{
  "ncells": 489835,
  "ngenes": 63140,
  "nvals": 2615023,
  "density": 0.00008455146210841447,
  "avg_counts_per_cell": 29.559690508028215,
  "avg_counts_per_gene": 229.32168197656003,
  "avg_nnzero_per_cell": 5.338579317525289,
  "avg_nnzero_per_gene": 41.4162654418752,
  "min_cell": 0,
  "max_cell": 11235,
  "total_counts": 14479371,
  "overdispersion": 10.329435990545154,
  "s_index": 867
}
