{"ncells": 3452, "ngenes": 60623, "nvals": 557433, "density": 0.0026636948078458188, "avg_counts_per_cell": 358.4067207415991, "avg_counts_per_gene": 20.40842584497633, "avg_nnzero_per_cell": 161.48117033603708, "avg_nnzero_per_gene": 9.195074476683766, "min_cell": 168, "max_cell": 6127, "total_counts": 1237220, "overdispersion": 3.6475300986863917, "s_index": 498}