{
  "ncells": 5969,
  "ngenes": 63140,
  "nvals": 11482063,
  "density": 0.030465882935553468,
  "avg_counts_per_cell": 6859.100351817725,
  "avg_counts_per_gene": 648.4315806145074,
  "avg_nnzero_per_cell": 1923.615848550846,
  "avg_nnzero_per_gene": 181.85085524231866,
  "min_cell": 304,
  "max_cell": 157595,
  "total_counts": 40941970,
  "overdispersion": 5.947463649433793,
  "s_index": 2570
}
