{
  "ncells": 437287,
  "ngenes": 63140,
  "nvals": 19663935,
  "density": 0.0007121955994541599,
  "avg_counts_per_cell": 119.44875562273747,
  "avg_counts_per_gene": 827.2630345264491,
  "avg_nnzero_per_cell": 44.96803014953566,
  "avg_nnzero_per_gene": 311.43387709851123,
  "min_cell": 0,
  "max_cell": 157595,
  "total_counts": 52233388,
  "overdispersion": 276.0998258098563,
  "s_index": 2570
}
