{
  "ncells": 5289,
  "ngenes": 60623,
  "nvals": 2408438,
  "density": 0.007511462089170807,
  "avg_per_cell": 1055.52977878616,
  "avg_per_gene": 92.08876169110734,
  "min_cell": 147,
  "max_cell": 8670,
  "total_counts": 5582697,
  "overdispersion": 24.27806181875587
}
