{"ncells": 4071, "ngenes": 60623, "nvals": 2129337, "density": 0.008627915321543826, "avg_per_cell": 1254.3485630066323, "avg_per_gene": 84.23293139567491, "min_cell": 473, "max_cell": 8670, "total_count": 5106453, "overdispersion": 19.894259655379297, "s_index": 1367}