{
	"numRecords": 167296362,
	"numReads": 325567056,
	"numBarcodes": 1498179,
	"medianReadsPerBarcode": 3.000000,
	"meanReadsPerBarcode": 217.308517,
	"numUMIs": 1048576,
	"numBarcodeUMIs": 96789425,
	"medianUMIsPerBarcode": 1.000000,
	"meanUMIsPerBarcode": 64.604713,
	"gtRecords": 70319166,
	"numTargets": 184456,
	"medianTargetsPerSet": 4.000000,
	"meanTargetsPerSet": 5.015726,
	"numSingleton": 38781912,
	"gtTargets": 7096,
	"numBarcodesOnWhitelist": 502287,
	"percentageBarcodesOnWhitelist": 33.526501,
	"numReadsOnWhitelist": 314977929,
	"percentageReadsOnWhitelist": 96.747482
}
