{
  "ncells": 6095,
  "ngenes": 60623,
  "nvals": 11966050,
  "density": 0.032384685149901754,
  "avg_per_cell": 10984.170959803118,
  "avg_per_gene": 1104.3419494251357,
  "min_cell": 76,
  "max_cell": 66652,
  "total_counts": 66948522,
  "overdispersion": 2.885380935908881
}
