{"ncells": 6125, "ngenes": 60623, "nvals": 11967761, "density": 0.03223067422043294, "avg_counts_per_cell": 10930.738285714286, "avg_counts_per_gene": 1104.3790640515977, "avg_nnzero_per_cell": 1953.9201632653062, "avg_nnzero_per_gene": 197.41287960015177, "min_cell": 75, "max_cell": 66652, "total_counts": 66950772, "overdispersion": 2.9041756197208417, "s_index": 3301}