{"ncells": 6125, "ngenes": 60623, "nvals": 11967761, "density": 0.03223067422043294, "avg_per_cell": 10930.738285714286, "avg_per_gene": 1104.3790640515977, "min_cell": 75, "max_cell": 66652, "total_count": 66950772, "overdispersion": 2.9041756197208417, "s_index": 3301}