{
  "ncells": 456530,
  "ngenes": 63140,
  "nvals": 14127147,
  "density": 0.0004900953308933336,
  "avg_counts_per_cell": 71.67264144744047,
  "avg_counts_per_gene": 518.2247545137789,
  "avg_nnzero_per_cell": 30.944619192605085,
  "avg_nnzero_per_gene": 223.74322141273362,
  "min_cell": 0,
  "max_cell": 38009,
  "total_counts": 32720711,
  "overdispersion": 80.042890593999,
  "s_index": 3618
}
