{
  "ncells": 7911,
  "ngenes": 63140,
  "nvals": 12418470,
  "density": 0.02486177492420729,
  "avg_counts_per_cell": 3903.8389584123374,
  "avg_counts_per_gene": 489.12369337979095,
  "avg_nnzero_per_cell": 1569.7724687144482,
  "avg_nnzero_per_gene": 196.68150142540387,
  "min_cell": 286,
  "max_cell": 38009,
  "total_counts": 30883270,
  "overdispersion": 0.5533697651839601,
  "s_index": 3618
}
