{
  "ncells": 347843,
  "ngenes": 63140,
  "nvals": 7084381,
  "density": 0.0003225626393542841,
  "avg_counts_per_cell": 35.5300149780217,
  "avg_counts_per_gene": 195.7375197972759,
  "avg_nnzero_per_cell": 20.366605048829502,
  "avg_nnzero_per_gene": 112.20115616091226,
  "min_cell": 0,
  "max_cell": 16370,
  "total_counts": 12358867,
  "overdispersion": 73.51608330506767,
  "s_index": 1107
}
