{
  "ncells": 2925,
  "ngenes": 63140,
  "nvals": 1963274,
  "density": 0.010630421069445459,
  "avg_counts_per_cell": 1862.00547008547,
  "avg_counts_per_gene": 86.25856826100728,
  "avg_nnzero_per_cell": 671.2047863247864,
  "avg_nnzero_per_gene": 31.09398162812797,
  "min_cell": 101,
  "max_cell": 16370,
  "total_counts": 5446366,
  "overdispersion": 1.0636261268861487,
  "s_index": 1077
}
