{
	"numRecords": 118340519,
	"numReads": 287989869,
	"numBarcodes": 1190203,
	"medianReadsPerBarcode": 3.000000,
	"meanReadsPerBarcode": 241.967017,
	"numUMIs": 1048576,
	"numBarcodeUMIs": 69902314,
	"medianUMIsPerBarcode": 1.000000,
	"meanUMIsPerBarcode": 58.731421,
	"gtRecords": 44584231,
	"numTargets": 183351,
	"medianTargetsPerSet": 4.000000,
	"meanTargetsPerSet": 4.785306,
	"numSingleton": 51168066,
	"gtTargets": 5683,
	"numBarcodesOnWhitelist": 419991,
	"percentageBarcodesOnWhitelist": 35.287342,
	"numReadsOnWhitelist": 277432647,
	"percentageReadsOnWhitelist": 96.334169
}
