{
  "ncells": 1746,
  "ngenes": 63140,
  "nvals": 5199058,
  "density": 0.0471602225059605,
  "avg_counts_per_cell": 13512.762886597939,
  "avg_counts_per_gene": 373.6662020905923,
  "avg_nnzero_per_cell": 2977.696449026346,
  "avg_nnzero_per_gene": 82.34174849540703,
  "min_cell": 186,
  "max_cell": 72312,
  "total_counts": 23593284,
  "overdispersion": 1.1759569234548426,
  "s_index": 1446
}
