{
  "ncells": 408611,
  "ngenes": 63140,
  "nvals": 9193889,
  "density": 0.000356356450667272,
  "avg_counts_per_cell": 69.00242773689402,
  "avg_counts_per_gene": 446.54974659486857,
  "avg_nnzero_per_cell": 22.500346295131557,
  "avg_nnzero_per_gene": 145.61116566360468,
  "min_cell": 0,
  "max_cell": 72312,
  "total_counts": 28195151,
  "overdispersion": 402.0452647049509,
  "s_index": 1446
}
