{
  "ncells": 203404,
  "ngenes": 63140,
  "nvals": 5137703,
  "density": 0.0004000413905595999,
  "avg_counts_per_cell": 272.09500796444513,
  "avg_counts_per_gene": 876.5475609756097,
  "avg_nnzero_per_cell": 25.25861339993314,
  "avg_nnzero_per_gene": 81.37001900538486,
  "min_cell": 0,
  "max_cell": 87615,
  "total_counts": 55345213,
  "overdispersion": 80.81731318707608,
  "s_index": 3744
}
