{
  "ncells": 4181,
  "ngenes": 63140,
  "nvals": 4791591,
  "density": 0.01815076756799183,
  "avg_counts_per_cell": 12925.374073188232,
  "avg_counts_per_gene": 855.8914950902756,
  "avg_nnzero_per_cell": 1146.039464243004,
  "avg_nnzero_per_gene": 75.88835920177384,
  "min_cell": 0,
  "max_cell": 87615,
  "total_counts": 54040989,
  "overdispersion": 0.9536773997525222,
  "s_index": 3743
}
