{
  "ncells": 2393,
  "ngenes": 60623,
  "nvals": 7656934,
  "density": 0.05278065566298958,
  "avg_per_cell": 15548.928959465107,
  "avg_per_gene": 613.7701367467793,
  "min_cell": 309,
  "max_cell": 43953,
  "total_counts": 37208587,
  "overdispersion": 0.26181477952832866
}
