{
  "ncells": 84,
  "ngenes": 60623,
  "nvals": 9131,
  "density": 0.0017930881175854205,
  "avg_per_cell": 209.9404761904762,
  "avg_per_gene": 0.29089619451363347,
  "min_cell": 69,
  "max_cell": 449,
  "total_counts": 17635,
  "overdispersion": 0.3189054662645829
}
