{"ncells": 5, "ngenes": 60623, "nvals": 1003, "density": 0.0033089751414479653, "avg_counts_per_cell": 399.2, "avg_counts_per_gene": 0.03292479751909341, "avg_nnzero_per_cell": 200.6, "avg_nnzero_per_gene": 0.016544875707239826, "min_cell": 371, "max_cell": 449, "total_counts": 1996, "overdispersion": 0.28099913127450427, "s_index": 5}