{"ncells": 5, "ngenes": 60623, "nvals": 1003, "density": 0.0033089751414479653, "avg_per_cell": 399.2, "avg_per_gene": 0.03292479751909341, "min_cell": 371, "max_cell": 449, "total_count": 1996, "overdispersion": 0.28099913127450427, "s_index": 5}