{
  "ncells": 317365,
  "ngenes": 63140,
  "nvals": 6396718,
  "density": 0.0003192225760684867,
  "avg_counts_per_cell": 60.95571030201818,
  "avg_counts_per_gene": 306.385951853025,
  "avg_nnzero_per_cell": 20.155713452964253,
  "avg_nnzero_per_gene": 101.3100728539753,
  "min_cell": 0,
  "max_cell": 66330,
  "total_counts": 19345209,
  "overdispersion": 298.55284995744285,
  "s_index": 2319
}
