{
  "ncells": 3867,
  "ngenes": 63140,
  "nvals": 4898941,
  "density": 0.02006427443900244,
  "avg_counts_per_cell": 4497.424359968968,
  "avg_counts_per_gene": 275.444092492873,
  "avg_nnzero_per_cell": 1266.858288078614,
  "avg_nnzero_per_gene": 77.58854925562242,
  "min_cell": 143,
  "max_cell": 66330,
  "total_counts": 17391540,
  "overdispersion": 3.5790692655827914,
  "s_index": 2319
}
