{
  "ncells": 399608,
  "ngenes": 63140,
  "nvals": 15550739,
  "density": 0.0006163285426750208,
  "avg_counts_per_cell": 105.41545214310024,
  "avg_counts_per_gene": 667.1659486854609,
  "avg_nnzero_per_cell": 38.91498418450081,
  "avg_nnzero_per_gene": 246.28981628127968,
  "min_cell": 0,
  "max_cell": 63694,
  "total_counts": 42124858,
  "overdispersion": 111.53520878903457,
  "s_index": 2968
}
