{
  "ncells": 16670,
  "ngenes": 63140,
  "nvals": 12603497,
  "density": 0.011974320688602222,
  "avg_counts_per_cell": 2304.918056388722,
  "avg_counts_per_gene": 608.5363319607222,
  "avg_nnzero_per_cell": 756.0586082783443,
  "avg_nnzero_per_gene": 199.61192587899905,
  "min_cell": 53,
  "max_cell": 63694,
  "total_counts": 38422984,
  "overdispersion": 4.753249811776115,
  "s_index": 2968
}
