{
  "ncells": 414968,
  "ngenes": 63140,
  "nvals": 18421284,
  "density": 0.0007030734739741746,
  "avg_counts_per_cell": 102.00245802085944,
  "avg_counts_per_gene": 670.3794108330694,
  "avg_nnzero_per_cell": 44.39205914672939,
  "avg_nnzero_per_gene": 291.7529933481153,
  "min_cell": 0,
  "max_cell": 65690,
  "total_counts": 42327756,
  "overdispersion": 82.98025327255321,
  "s_index": 3788
}
