{
  "ncells": 10858,
  "ngenes": 63140,
  "nvals": 16942767,
  "density": 0.024713253469953036,
  "avg_counts_per_cell": 3707.9044943820227,
  "avg_counts_per_gene": 637.6374247703516,
  "avg_nnzero_per_cell": 1560.3948240928348,
  "avg_nnzero_per_gene": 268.3365061767501,
  "min_cell": 265,
  "max_cell": 65690,
  "total_counts": 40260427,
  "overdispersion": 1.6208099269371357,
  "s_index": 3788
}
