{
  "ncells": 10774,
  "ngenes": 60623,
  "nvals": 530173,
  "density": 0.0008117143268851752,
  "avg_per_cell": 85.33255986634491,
  "avg_per_gene": 15.165415766293322,
  "min_cell": 10,
  "max_cell": 2485,
  "total_counts": 919373,
  "overdispersion": 4.08717435213426
}
