{"ncells": 4466, "ngenes": 60623, "nvals": 396054, "density": 0.0014628448294514492, "avg_per_cell": 159.23219883564713, "avg_per_gene": 11.730382857991192, "min_cell": 65, "max_cell": 2485, "total_count": 711131, "overdispersion": 3.612191942102032, "s_index": 321}