{
	"numRecords": 1917517,
	"numReads": 16702158,
	"numBarcodes": 313624,
	"medianReadsPerBarcode": 1.000000,
	"meanReadsPerBarcode": 53.255357,
	"numUMIs": 676132,
	"numBarcodeUMIs": 1358886,
	"medianUMIsPerBarcode": 1.000000,
	"meanUMIsPerBarcode": 4.332851,
	"gtRecords": 1246259,
	"numTargets": 124316,
	"medianTargetsPerSet": 1.000000,
	"meanTargetsPerSet": 1.180527,
	"numSingleton": 15676066,
	"gtTargets": 16586,
	"numBarcodesOnWhitelist": 31187,
	"percentageBarcodesOnWhitelist": 9.944073,
	"numReadsOnWhitelist": 15910068,
	"percentageReadsOnWhitelist": 95.257559
}
