{"ncells": 1683, "ngenes": 60623, "nvals": 933861, "density": 0.009152941752780098, "avg_counts_per_cell": 2680.806892453951, "avg_counts_per_gene": 74.42386552958448, "avg_nnzero_per_cell": 554.8787878787879, "avg_nnzero_per_gene": 15.404400969928904, "min_cell": 65, "max_cell": 52575, "total_counts": 4511798, "overdispersion": 6.818238141951826, "s_index": 462}