{
  "ncells": 27246,
  "ngenes": 63140,
  "nvals": 351603,
  "density": 0.00020438322238720775,
  "avg_counts_per_cell": 20.5140204066652,
  "avg_counts_per_gene": 8.852153943617358,
  "avg_nnzero_per_cell": 12.904756661528298,
  "avg_nnzero_per_gene": 5.568625277161862,
  "min_cell": 0,
  "max_cell": 1305,
  "total_counts": 558925,
  "overdispersion": 11.77713882370596,
  "s_index": 386
}
