{
  "ncells": 1401,
  "ngenes": 63140,
  "nvals": 281868,
  "density": 0.003186420306595791,
  "avg_counts_per_cell": 327.62312633832977,
  "avg_counts_per_gene": 7.269559708584099,
  "avg_nnzero_per_cell": 201.19057815845824,
  "avg_nnzero_per_gene": 4.464174849540703,
  "min_cell": 90,
  "max_cell": 1305,
  "total_counts": 459000,
  "overdispersion": 0.24498183578567878,
  "s_index": 386
}
