{
  "ncells": 5070,
  "ngenes": 63140,
  "nvals": 13166861,
  "density": 0.041131042191079714,
  "avg_counts_per_cell": 8921.0741617357,
  "avg_counts_per_gene": 716.3421919543871,
  "avg_nnzero_per_cell": 2597.0140039447733,
  "avg_nnzero_per_gene": 208.53438390877415,
  "min_cell": 221,
  "max_cell": 45786,
  "total_counts": 45229846,
  "overdispersion": 1.058775588113012,
  "s_index": 3598
}
