{
  "ncells": 522318,
  "ngenes": 63140,
  "nvals": 20398457,
  "density": 0.0006185256966950653,
  "avg_counts_per_cell": 102.6162797376311,
  "avg_counts_per_gene": 848.8807412100095,
  "avg_nnzero_per_cell": 39.05371248932643,
  "avg_nnzero_per_gene": 323.0671048463731,
  "min_cell": 0,
  "max_cell": 45786,
  "total_counts": 53598330,
  "overdispersion": 155.28046264881687,
  "s_index": 3598
}
