{
  "ncells": 1448,
  "ngenes": 63140,
  "nvals": 1633585,
  "density": 0.017867697758379607,
  "avg_counts_per_cell": 3049.1491712707184,
  "avg_counts_per_gene": 69.9266392144441,
  "avg_nnzero_per_cell": 1128.1664364640883,
  "avg_nnzero_per_gene": 25.872426354133673,
  "min_cell": 84,
  "max_cell": 23697,
  "total_counts": 4415168,
  "overdispersion": 0.561959314451869,
  "s_index": 1051
}
