{
  "ncells": 289313,
  "ngenes": 63140,
  "nvals": 3335297,
  "density": 0.00018258369281773506,
  "avg_counts_per_cell": 21.541292648446493,
  "avg_counts_per_gene": 98.7040861577447,
  "avg_nnzero_per_cell": 11.528334364511792,
  "avg_nnzero_per_gene": 52.82383592017738,
  "min_cell": 0,
  "max_cell": 23697,
  "total_counts": 6232176,
  "overdispersion": 182.290025986954,
  "s_index": 1051
}
