{
  "ncells": 3164,
  "ngenes": 60623,
  "nvals": 6025365,
  "density": 0.03141300340941559,
  "avg_per_cell": 6130.322376738306,
  "avg_per_gene": 319.95018392359333,
  "min_cell": 561,
  "max_cell": 32767,
  "total_counts": 19396340,
  "overdispersion": 0.26640990104327933
}
