{"ncells": 6449, "ngenes": 60623, "nvals": 6265929, "density": 0.0160271266361235, "avg_counts_per_cell": 3118.8379593735463, "avg_counts_per_gene": 331.7781370107055, "avg_nnzero_per_cell": 971.612498061715, "avg_nnzero_per_gene": 103.35893967636046, "min_cell": 88, "max_cell": 32767, "total_counts": 20113386, "overdispersion": 1.5463452283001615, "s_index": 2820}