{"ncells": 6449, "ngenes": 60623, "nvals": 6265929, "density": 0.0160271266361235, "avg_per_cell": 3118.8379593735463, "avg_per_gene": 331.7781370107055, "min_cell": 88, "max_cell": 32767, "total_count": 20113386, "overdispersion": 1.5463452283001615, "s_index": 2820}