{
  "ncells": 79,
  "ngenes": 60623,
  "nvals": 9515,
  "density": 0.0019867548286076828,
  "avg_per_cell": 208.1139240506329,
  "avg_per_gene": 0.27120069940451647,
  "min_cell": 89,
  "max_cell": 430,
  "total_counts": 16441,
  "overdispersion": 0.5659554763908433
}
