{"ncells": 8, "ngenes": 60623, "nvals": 1464, "density": 0.003018656285568184, "avg_per_cell": 350.75, "avg_per_gene": 0.046286063045378814, "min_cell": 300, "max_cell": 430, "total_count": 2806, "overdispersion": 0.3667096969709025, "s_index": 8}