{
  "ncells": 335339,
  "ngenes": 63140,
  "nvals": 3838919,
  "density": 0.00018130939397071325,
  "avg_counts_per_cell": 17.887063538687716,
  "avg_counts_per_gene": 94.99889135254989,
  "avg_nnzero_per_cell": 11.447875135310834,
  "avg_nnzero_per_gene": 60.80011086474501,
  "min_cell": 0,
  "max_cell": 32744,
  "total_counts": 5998230,
  "overdispersion": 112.5668120003272,
  "s_index": 775
}
