{
  "ncells": 4085,
  "ngenes": 63140,
  "nvals": 1404097,
  "density": 0.005443778838112659,
  "avg_counts_per_cell": 709.6555691554468,
  "avg_counts_per_gene": 45.91293949952487,
  "avg_nnzero_per_cell": 343.7201958384333,
  "avg_nnzero_per_gene": 22.23783655369021,
  "min_cell": 83,
  "max_cell": 32744,
  "total_counts": 2898943,
  "overdispersion": 1.7959139566880704,
  "s_index": 775
}
