{"ncells": 105, "ngenes": 60623, "nvals": 344658, "density": 0.05414540921526719, "avg_counts_per_cell": 9332.180952380952, "avg_counts_per_gene": 16.1634858057173, "avg_nnzero_per_cell": 3282.457142857143, "avg_nnzero_per_gene": 5.685267967603055, "min_cell": 1413, "max_cell": 23376, "total_counts": 979879, "overdispersion": 0.6717697994092788, "s_index": 105}