{
  "ncells": 561047,
  "ngenes": 63140,
  "nvals": 3844482,
  "density": 0.00010852605336342124,
  "avg_counts_per_cell": 9.870233688086739,
  "avg_counts_per_gene": 87.70454545454545,
  "avg_nnzero_per_cell": 6.852335009366417,
  "avg_nnzero_per_gene": 60.888216661387396,
  "min_cell": 0,
  "max_cell": 8395,
  "total_counts": 5537665,
  "overdispersion": 200.76873005525363,
  "s_index": 1177
}
