{
  "ncells": 4563,
  "ngenes": 63140,
  "nvals": 2550548,
  "density": 0.008852755194218609,
  "avg_counts_per_cell": 894.5803199649354,
  "avg_counts_per_gene": 64.64950902755781,
  "avg_nnzero_per_cell": 558.9629629629629,
  "avg_nnzero_per_gene": 40.395121951219515,
  "min_cell": 103,
  "max_cell": 8401,
  "total_counts": 4081970,
  "overdispersion": 1.513711789275581,
  "s_index": 1177
}
