{
	"numRecords": 1547260,
	"numReads": 23250682,
	"numBarcodes": 276951,
	"medianReadsPerBarcode": 1.000000,
	"meanReadsPerBarcode": 83.952331,
	"numUMIs": 604210,
	"numBarcodeUMIs": 1181998,
	"medianUMIsPerBarcode": 1.000000,
	"meanUMIsPerBarcode": 4.267896,
	"gtRecords": 1072264,
	"numTargets": 118756,
	"medianTargetsPerSet": 1.000000,
	"meanTargetsPerSet": 1.108009,
	"numSingleton": 22355003,
	"gtTargets": 17222,
	"numBarcodesOnWhitelist": 33204,
	"percentageBarcodesOnWhitelist": 11.989124,
	"numReadsOnWhitelist": 22315166,
	"percentageReadsOnWhitelist": 95.976393
}
