{
  "ncells": 5134,
  "ngenes": 60623,
  "nvals": 369247,
  "density": 0.0011863796456891857,
  "avg_per_cell": 121.29470198675497,
  "avg_per_gene": 10.27212444121868,
  "min_cell": 21,
  "max_cell": 1301,
  "total_counts": 622727,
  "overdispersion": 6.188010244695571
}
