{
	"numRecords": 94402754,
	"numReads": 618094925,
	"numBarcodes": 1509242,
	"medianReadsPerBarcode": 2.000000,
	"meanReadsPerBarcode": 409.539971,
	"numUMIs": 1048575,
	"numBarcodeUMIs": 31913484,
	"medianUMIsPerBarcode": 1.000000,
	"meanUMIsPerBarcode": 21.145372,
	"gtRecords": 30015932,
	"numTargets": 188574,
	"medianTargetsPerSet": 4.000000,
	"meanTargetsPerSet": 5.411386,
	"numSingleton": 88673568,
	"gtTargets": 5380,
	"numBarcodesOnWhitelist": 238971,
	"percentageBarcodesOnWhitelist": 15.833842,
	"numReadsOnWhitelist": 602289622,
	"percentageReadsOnWhitelist": 97.442900
}
