{
	"numRecords": 130531749,
	"numReads": 253330732,
	"numBarcodes": 1837471,
	"medianReadsPerBarcode": 2.000000,
	"meanReadsPerBarcode": 137.869241,
	"numUMIs": 1048576,
	"numBarcodeUMIs": 99553299,
	"medianUMIsPerBarcode": 1.000000,
	"meanUMIsPerBarcode": 54.179521,
	"gtRecords": 53954399,
	"numBarcodesOnWhitelist": 457565,
	"percentageBarcodesOnWhitelist": 24.901890,
	"numReadsOnWhitelist": 245674888,
	"percentageReadsOnWhitelist": 96.977925
}
