{
  "ncells": 12728,
  "ngenes": 60623,
  "nvals": 25319748,
  "density": 0.03281419753926735,
  "avg_per_cell": 6239.8389377749845,
  "avg_per_gene": 1310.0748890685054,
  "min_cell": 373,
  "max_cell": 37684,
  "total_counts": 79420670,
  "overdispersion": 2.804433646772602
}
