{
	"numRecords": 8098068,
	"numReads": 14042832,
	"numBarcodes": 360185,
	"medianReadsPerBarcode": 2.000000,
	"meanReadsPerBarcode": 38.987831,
	"numUMIs": 1038621,
	"numBarcodeUMIs": 6254481,
	"medianUMIsPerBarcode": 1.000000,
	"meanUMIsPerBarcode": 17.364635,
	"gtRecords": 3740340,
	"numTargets": 133234,
	"medianTargetsPerSet": 4.000000,
	"meanTargetsPerSet": 4.798788,
	"numSingleton": 2347314,
	"gtTargets": 11666,
	"numBarcodesOnWhitelist": 165036,
	"percentageBarcodesOnWhitelist": 45.819787,
	"numReadsOnWhitelist": 13596909,
	"percentageReadsOnWhitelist": 96.824551
}
