{"ncells": 60000, "ngenes": 60623, "nvals": 3212433, "density": 0.0008831722283621728, "avg_per_cell": 82.31681666666667, "avg_per_gene": 81.47087738976956, "min_cell": 20, "max_cell": 7886, "total_count": 4939009, "overdispersion": 13.91059427909505, "s_index": 960}