{"ncells": 60000, "ngenes": 60623, "nvals": 3212433, "density": 0.0008831722283621728, "avg_counts_per_cell": 82.31681666666667, "avg_counts_per_gene": 81.47087738976956, "avg_nnzero_per_cell": 53.54055, "avg_nnzero_per_gene": 52.990333701730364, "min_cell": 20, "max_cell": 7886, "total_counts": 4939009, "overdispersion": 13.91059427909505, "s_index": 960}