{
	"numRecords": 56153971,
	"numReads": 270067565,
	"numBarcodes": 758306,
	"medianReadsPerBarcode": 3.000000,
	"meanReadsPerBarcode": 356.145890,
	"numUMIs": 1047097,
	"numBarcodeUMIs": 20864821,
	"medianUMIsPerBarcode": 1.000000,
	"meanUMIsPerBarcode": 27.515041,
	"gtRecords": 20437995,
	"numTargets": 178356,
	"medianTargetsPerSet": 4.000000,
	"meanTargetsPerSet": 5.071914,
	"numSingleton": 44485292,
	"gtTargets": 6952,
	"numBarcodesOnWhitelist": 205023,
	"percentageBarcodesOnWhitelist": 27.036975,
	"numReadsOnWhitelist": 257882834,
	"percentageReadsOnWhitelist": 95.488266
}
