{"ncells": 1662, "ngenes": 60623, "nvals": 2815939, "density": 0.02794826156558556, "avg_counts_per_cell": 5158.086642599278, "avg_counts_per_gene": 141.41068571334313, "avg_nnzero_per_cell": 1694.3074608904933, "avg_nnzero_per_gene": 46.4500107220032, "min_cell": 2460, "max_cell": 25330, "total_counts": 8572740, "overdispersion": 0.37680767752454164, "s_index": 1662}