{
  "ncells": 330126,
  "ngenes": 63140,
  "nvals": 8576301,
  "density": 0.00041144871244110516,
  "avg_counts_per_cell": 66.20013873490728,
  "avg_counts_per_gene": 346.125863161229,
  "avg_nnzero_per_cell": 25.97887170353138,
  "avg_nnzero_per_gene": 135.82991764333227,
  "min_cell": 0,
  "max_cell": 53696,
  "total_counts": 21854387,
  "overdispersion": 83.38186797584022,
  "s_index": 1820
}
