{
  "ncells": 3041,
  "ngenes": 63140,
  "nvals": 4418974,
  "density": 0.023014441946757214,
  "avg_counts_per_cell": 5127.652745807301,
  "avg_counts_per_gene": 246.9621792841305,
  "avg_nnzero_per_cell": 1453.1318645182505,
  "avg_nnzero_per_gene": 69.98691796008869,
  "min_cell": 178,
  "max_cell": 53696,
  "total_counts": 15593192,
  "overdispersion": 1.5372901864290898,
  "s_index": 1820
}
