{
	"numRecords": 54584666,
	"numReads": 325434875,
	"numBarcodes": 1096808,
	"medianReadsPerBarcode": 3.000000,
	"meanReadsPerBarcode": 296.710887,
	"numUMIs": 1048525,
	"numBarcodeUMIs": 30331112,
	"medianUMIsPerBarcode": 1.000000,
	"meanUMIsPerBarcode": 27.653985,
	"gtRecords": 17364388,
	"numBarcodesOnWhitelist": 319201,
	"percentageBarcodesOnWhitelist": 29.102724,
	"numReadsOnWhitelist": 313963899,
	"percentageReadsOnWhitelist": 96.475185
}
