{
  "ncells": 3839,
  "ngenes": 60623,
  "nvals": 5146167,
  "density": 0.022112015966608965,
  "avg_per_cell": 5312.9161239906225,
  "avg_per_gene": 336.44466621579267,
  "min_cell": 477,
  "max_cell": 52931,
  "total_counts": 20396285,
  "overdispersion": 1.0425952597251473
}
