{"ncells": 3332, "ngenes": 60623, "nvals": 4984842, "density": 0.02467794435128851, "avg_counts_per_cell": 5989.71518607443, "avg_counts_per_gene": 329.210547152071, "avg_nnzero_per_cell": 1496.0510204081634, "avg_nnzero_per_gene": 82.22691057849332, "min_cell": 1133, "max_cell": 52931, "total_counts": 19957731, "overdispersion": 0.9301080993080535, "s_index": 2343}