{
  "ncells": 3937,
  "ngenes": 63140,
  "nvals": 1076028,
  "density": 0.0043286610488330254,
  "avg_counts_per_cell": 499.1480822961646,
  "avg_counts_per_gene": 31.123630028508078,
  "avg_nnzero_per_cell": 273.31165862331727,
  "avg_nnzero_per_gene": 17.041938549255622,
  "min_cell": 32,
  "max_cell": 6968,
  "total_counts": 1965146,
  "overdispersion": 1.7556481091214358,
  "s_index": 681
}
