{
  "ncells": 195533,
  "ngenes": 63140,
  "nvals": 1713843,
  "density": 0.00013881819523634337,
  "avg_counts_per_cell": 14.037221338597577,
  "avg_counts_per_gene": 43.47070003167564,
  "avg_nnzero_per_cell": 8.76498084722272,
  "avg_nnzero_per_gene": 27.143538169147924,
  "min_cell": 0,
  "max_cell": 6968,
  "total_counts": 2744740,
  "overdispersion": 89.31177159685056,
  "s_index": 681
}
