{
  "ncells": 512173,
  "ngenes": 63140,
  "nvals": 16721833,
  "density": 0.0005170858149389175,
  "avg_counts_per_cell": 138.15752099388294,
  "avg_counts_per_gene": 1120.6929363319607,
  "avg_nnzero_per_cell": 32.64879835524325,
  "avg_nnzero_per_gene": 264.8373930947102,
  "min_cell": 0,
  "max_cell": 83620,
  "total_counts": 70760552,
  "overdispersion": 294.7772043821386,
  "s_index": 3796
}
