{
  "ncells": 4344,
  "ngenes": 63140,
  "nvals": 12863891,
  "density": 0.04690055234035156,
  "avg_counts_per_cell": 15027.84461325967,
  "avg_counts_per_gene": 1033.908093126386,
  "avg_nnzero_per_cell": 2961.3008747697972,
  "avg_nnzero_per_gene": 203.73599936648716,
  "min_cell": 1242,
  "max_cell": 83620,
  "total_counts": 65280957,
  "overdispersion": 2.314546186171082,
  "s_index": 3796
}
