{
  "ncells": 797,
  "ngenes": 63140,
  "nvals": 951467,
  "density": 0.018907357293684066,
  "avg_counts_per_cell": 3715.9548306148054,
  "avg_counts_per_gene": 46.905543237250555,
  "avg_nnzero_per_cell": 1193.8105395232121,
  "avg_nnzero_per_gene": 15.069163763066202,
  "min_cell": 189,
  "max_cell": 42141,
  "total_counts": 2961616,
  "overdispersion": 1.0451611174705904,
  "s_index": 777
}
