{
  "ncells": 152043,
  "ngenes": 63140,
  "nvals": 1890419,
  "density": 0.00019691874798493384,
  "avg_counts_per_cell": 25.929855369862473,
  "avg_counts_per_gene": 62.43986379474185,
  "avg_nnzero_per_cell": 12.433449747768723,
  "avg_nnzero_per_gene": 29.9401171998733,
  "min_cell": 0,
  "max_cell": 42141,
  "total_counts": 3942453,
  "overdispersion": 321.2174785294769,
  "s_index": 780
}
