{
  "ncells": 2742,
  "ngenes": 60623,
  "nvals": 3299925,
  "density": 0.0198517681704025,
  "avg_per_cell": 4477.854850474107,
  "avg_per_gene": 202.53497847351665,
  "min_cell": 715,
  "max_cell": 57529,
  "total_counts": 12278278,
  "overdispersion": 2.1738887799813487
}
