{
  "ncells": 5911,
  "ngenes": 63140,
  "nvals": 9166363,
  "density": 0.024560178279577002,
  "avg_counts_per_cell": 4629.362206056505,
  "avg_counts_per_gene": 433.38866012036743,
  "avg_nnzero_per_cell": 1550.7296565724919,
  "avg_nnzero_per_gene": 145.17521381057966,
  "min_cell": 0,
  "max_cell": 50635,
  "total_counts": 27364160,
  "overdispersion": 1.4190799650720844,
  "s_index": 3593
}
