{
  "ncells": 343265,
  "ngenes": 63140,
  "nvals": 10280283,
  "density": 0.0004743194880410208,
  "avg_counts_per_cell": 83.33573186896422,
  "avg_counts_per_gene": 453.06050047513463,
  "avg_nnzero_per_cell": 29.948532474910056,
  "avg_nnzero_per_gene": 162.817279062401,
  "min_cell": 0,
  "max_cell": 50635,
  "total_counts": 28606240,
  "overdispersion": 124.13470335576454,
  "s_index": 3593
}
