{
	"numRecords": 155804678,
	"numReads": 542203921,
	"numBarcodes": 1540897,
	"medianReadsPerBarcode": 2.000000,
	"meanReadsPerBarcode": 351.875512,
	"numUMIs": 1048576,
	"numBarcodeUMIs": 50453377,
	"medianUMIsPerBarcode": 1.000000,
	"meanUMIsPerBarcode": 32.742861,
	"gtRecords": 54993928,
	"numTargets": 179995,
	"medianTargetsPerSet": 5.000000,
	"meanTargetsPerSet": 5.436993,
	"numSingleton": 67984080,
	"gtTargets": 5797,
	"numBarcodesOnWhitelist": 440393,
	"percentageBarcodesOnWhitelist": 28.580301,
	"numReadsOnWhitelist": 527681467,
	"percentageReadsOnWhitelist": 97.321588
}
