{
  "ncells": 4866,
  "ngenes": 60623,
  "nvals": 4312827,
  "density": 0.014620172909513961,
  "avg_per_cell": 4969.547677764077,
  "avg_per_gene": 398.88852415749795,
  "min_cell": 173,
  "max_cell": 91975,
  "total_counts": 24181819,
  "overdispersion": 8.774416781535583
}
