{"ncells": 4866, "ngenes": 60623, "nvals": 4312827, "density": 0.014620172909513961, "avg_counts_per_cell": 4969.547677764077, "avg_counts_per_gene": 398.88852415749795, "avg_nnzero_per_cell": 886.3187422934649, "avg_nnzero_per_gene": 71.14176137769493, "min_cell": 173, "max_cell": 91975, "total_counts": 24181819, "overdispersion": 8.774416781535583, "s_index": 1089}