{
  "ncells": 120855,
  "ngenes": 63140,
  "nvals": 809076,
  "density": 0.00010602788989709013,
  "avg_counts_per_cell": 12.384162839766663,
  "avg_counts_per_gene": 23.704276211593285,
  "avg_nnzero_per_cell": 6.694600968102272,
  "avg_nnzero_per_gene": 12.814000633512828,
  "min_cell": 0,
  "max_cell": 6616,
  "total_counts": 1496688,
  "overdispersion": 150.7518445207529,
  "s_index": 652
}
