{
  "ncells": 981,
  "ngenes": 63140,
  "nvals": 583125,
  "density": 0.009414300922468298,
  "avg_counts_per_cell": 1270.4026503567788,
  "avg_counts_per_gene": 19.7381216344631,
  "avg_nnzero_per_cell": 594.4189602446484,
  "avg_nnzero_per_gene": 9.2354292049414,
  "min_cell": 106,
  "max_cell": 6616,
  "total_counts": 1246265,
  "overdispersion": 0.5753220921011934,
  "s_index": 650
}
