{
	"numRecords": 52599052,
	"numReads": 67897468,
	"numBarcodes": 1018668,
	"medianReadsPerBarcode": 2.000000,
	"meanReadsPerBarcode": 66.653186,
	"numUMIs": 1048575,
	"numBarcodeUMIs": 45429038,
	"medianUMIsPerBarcode": 1.000000,
	"meanUMIsPerBarcode": 44.596510,
	"gtRecords": 34124724,
	"numBarcodesOnWhitelist": 389312,
	"percentageBarcodesOnWhitelist": 38.217751,
	"numReadsOnWhitelist": 65845199,
	"percentageReadsOnWhitelist": 96.977400
}
