{
	"numRecords": 91974490,
	"numReads": 254895754,
	"numBarcodes": 1100074,
	"medianReadsPerBarcode": 3.000000,
	"meanReadsPerBarcode": 231.707825,
	"numUMIs": 1048576,
	"numBarcodeUMIs": 44363317,
	"medianUMIsPerBarcode": 1.000000,
	"meanUMIsPerBarcode": 40.327575,
	"gtRecords": 37882898,
	"numTargets": 176443,
	"medianTargetsPerSet": 4.000000,
	"meanTargetsPerSet": 4.895316,
	"numSingleton": 36460612,
	"gtTargets": 6787,
	"numBarcodesOnWhitelist": 320912,
	"percentageBarcodesOnWhitelist": 29.171856,
	"numReadsOnWhitelist": 247445864,
	"percentageReadsOnWhitelist": 97.077280
}
