{
	"numRecords": 96169564,
	"numReads": 171435466,
	"numBarcodes": 1046100,
	"medianReadsPerBarcode": 3.000000,
	"meanReadsPerBarcode": 163.880572,
	"numUMIs": 1048576,
	"numBarcodeUMIs": 67285489,
	"medianUMIsPerBarcode": 1.000000,
	"meanUMIsPerBarcode": 64.320322,
	"gtRecords": 42916380,
	"numTargets": 189394,
	"medianTargetsPerSet": 4.000000,
	"meanTargetsPerSet": 4.813179,
	"numSingleton": 32429298,
	"gtTargets": 6450,
	"numBarcodesOnWhitelist": 421412,
	"percentageBarcodesOnWhitelist": 40.284103,
	"numReadsOnWhitelist": 166255379,
	"percentageReadsOnWhitelist": 96.978404
}
