{
  "ncells": 7125,
  "ngenes": 60623,
  "nvals": 10194932,
  "density": 0.023602719250495802,
  "avg_per_cell": 7104.216842105263,
  "avg_per_gene": 834.9561222638273,
  "min_cell": 60,
  "max_cell": 87686,
  "total_counts": 50617545,
  "overdispersion": 9.020612228560855
}
