{
  "ncells": 51500,
  "ngenes": 63140,
  "nvals": 3222650,
  "density": 0.000991063163689259,
  "avg_counts_per_cell": 472.4033203883495,
  "avg_counts_per_gene": 385.31471333544505,
  "avg_nnzero_per_cell": 62.5757281553398,
  "avg_nnzero_per_gene": 51.03975292999683,
  "min_cell": 211,
  "max_cell": 70092,
  "total_counts": 24328771,
  "overdispersion": 0.31203845429227484,
  "s_index": 1225
}
