{
  "ncells": 500276,
  "ngenes": 63140,
  "nvals": 4607882,
  "density": 0.00014587709383596687,
  "avg_counts_per_cell": 58.96603274992204,
  "avg_counts_per_gene": 467.2044821032626,
  "avg_nnzero_per_cell": 9.21067970480295,
  "avg_nnzero_per_gene": 72.97880899588216,
  "min_cell": 0,
  "max_cell": 70092,
  "total_counts": 29499291,
  "overdispersion": 7.7942708497661775,
  "s_index": 1225
}
