{
  "ncells": 1750,
  "ngenes": 60623,
  "nvals": 94033,
  "density": 0.0008863491225631008,
  "avg_per_cell": 148.3297142857143,
  "avg_per_gene": 4.28182373026739,
  "min_cell": 6,
  "max_cell": 30784,
  "total_counts": 259577,
  "overdispersion": 146.05374099864247
}
