{"ncells": 46, "ngenes": 60623, "nvals": 53900, "density": 0.01932829339417024, "avg_counts_per_cell": 4599.826086956522, "avg_counts_per_gene": 3.49029246325652, "avg_nnzero_per_cell": 1171.7391304347825, "avg_nnzero_per_gene": 0.8891014961318312, "min_cell": 135, "max_cell": 30784, "total_counts": 211592, "overdispersion": 4.920255807418287, "s_index": 46}