{"ncells": 46, "ngenes": 60623, "nvals": 53900, "density": 0.01932829339417024, "avg_per_cell": 4599.826086956522, "avg_per_gene": 3.49029246325652, "min_cell": 135, "max_cell": 30784, "total_count": 211592, "overdispersion": 4.920255807418287, "s_index": 46}