{
  "ncells": 369379,
  "ngenes": 63140,
  "nvals": 9371744,
  "density": 0.00040183118495373495,
  "avg_counts_per_cell": 84.09405515743993,
  "avg_counts_per_gene": 491.96354133671207,
  "avg_nnzero_per_cell": 25.371621017978825,
  "avg_nnzero_per_gene": 148.42800126702565,
  "min_cell": 0,
  "max_cell": 73595,
  "total_counts": 31062578,
  "overdispersion": 465.1828953273605,
  "s_index": 3234
}
