{
  "ncells": 5972,
  "ngenes": 63140,
  "nvals": 6883747,
  "density": 0.0182557854721039,
  "avg_counts_per_cell": 4678.810783657066,
  "avg_counts_per_gene": 442.53813747228384,
  "avg_nnzero_per_cell": 1152.6702947086403,
  "avg_nnzero_per_gene": 109.02355083940449,
  "min_cell": 187,
  "max_cell": 73595,
  "total_counts": 27941858,
  "overdispersion": 9.201680319093438,
  "s_index": 3234
}
