{"ncells": 11611, "ngenes": 60623, "nvals": 17172406, "density": 0.024396307491637518, "avg_counts_per_cell": 6362.377056239773, "avg_counts_per_gene": 1218.5731488049091, "avg_nnzero_per_cell": 1478.9773490655414, "avg_nnzero_per_gene": 283.2655262854032, "min_cell": 153, "max_cell": 122988, "total_counts": 73873560, "overdispersion": 6.393032949364346, "s_index": 3307}