{
	"numRecords": 66781577,
	"numReads": 95890287,
	"numBarcodes": 1835410,
	"medianReadsPerBarcode": 2.000000,
	"meanReadsPerBarcode": 52.244614,
	"numUMIs": 1048574,
	"numBarcodeUMIs": 56758554,
	"medianUMIsPerBarcode": 1.000000,
	"meanUMIsPerBarcode": 30.924183,
	"gtRecords": 37371901,
	"numTargets": 182539,
	"medianTargetsPerSet": 4.000000,
	"meanTargetsPerSet": 5.146637,
	"numSingleton": 21704014,
	"gtTargets": 6261,
	"numBarcodesOnWhitelist": 24995,
	"percentageBarcodesOnWhitelist": 1.361821,
	"numReadsOnWhitelist": 1323618,
	"percentageReadsOnWhitelist": 1.380346
}
