{
  "ncells": 3931,
  "ngenes": 60623,
  "nvals": 274033,
  "density": 0.0011499061514723323,
  "avg_per_cell": 171.56499618417706,
  "avg_per_gene": 11.124853603417845,
  "min_cell": 7,
  "max_cell": 20472,
  "total_counts": 674422,
  "overdispersion": 36.914948661865964
}
