{"ncells": 75, "ngenes": 60623, "nvals": 177284, "density": 0.038991581852872124, "avg_per_cell": 7450.293333333333, "avg_per_gene": 9.217161803275985, "min_cell": 407, "max_cell": 20472, "total_count": 558772, "overdispersion": 0.4548552469872531, "s_index": 75}