{
  "ncells": 12115,
  "ngenes": 63140,
  "nvals": 24093531,
  "density": 0.03149723684607874,
  "avg_counts_per_cell": 6091.07717705324,
  "avg_counts_per_gene": 1168.726639214444,
  "avg_nnzero_per_cell": 1988.7355344614114,
  "avg_nnzero_per_gene": 381.5890243902439,
  "min_cell": 278,
  "max_cell": 37685,
  "total_counts": 73793400,
  "overdispersion": 3.193006315657993,
  "s_index": 5618
}
