{
  "ncells": 509566,
  "ngenes": 63140,
  "nvals": 29817118,
  "density": 0.0009267458369434484,
  "avg_counts_per_cell": 158.9331018945534,
  "avg_counts_per_gene": 1282.6560817231548,
  "avg_nnzero_per_cell": 58.51473214460933,
  "avg_nnzero_per_gene": 472.23816914792525,
  "min_cell": 0,
  "max_cell": 37685,
  "total_counts": 80986905,
  "overdispersion": 134.36419204852203,
  "s_index": 5618
}
