{
	"numRecords": 105803270,
	"numReads": 405780482,
	"numBarcodes": 2785115,
	"medianReadsPerBarcode": 4.000000,
	"meanReadsPerBarcode": 145.696132,
	"numUMIs": 1048572,
	"numBarcodeUMIs": 50117048,
	"medianUMIsPerBarcode": 1.000000,
	"meanUMIsPerBarcode": 17.994606,
	"gtRecords": 31626698,
	"numTargets": 181760,
	"medianTargetsPerSet": 3.000000,
	"meanTargetsPerSet": 4.338235,
	"numSingleton": 124673725,
	"gtTargets": 4924,
	"numBarcodesOnWhitelist": 368709,
	"percentageBarcodesOnWhitelist": 13.238556,
	"numReadsOnWhitelist": 361657400,
	"percentageReadsOnWhitelist": 89.126367
}
