{
	"numRecords": 114315202,
	"numReads": 185492038,
	"numBarcodes": 2215789,
	"medianReadsPerBarcode": 2.000000,
	"meanReadsPerBarcode": 83.713764,
	"numUMIs": 16313691,
	"numBarcodeUMIs": 96592907,
	"medianUMIsPerBarcode": 1.000000,
	"meanUMIsPerBarcode": 43.593008,
	"gtRecords": 53506734,
	"numBarcodesOnWhitelist": 1200205,
	"percentageBarcodesOnWhitelist": 54.166033,
	"numReadsOnWhitelist": 180215615,
	"percentageReadsOnWhitelist": 97.155445
}
