{
  "ncells": 1870,
  "ngenes": 60623,
  "nvals": 12105650,
  "density": 0.10678471249638667,
  "avg_per_cell": 43018.380748663105,
  "avg_per_gene": 1326.9612523299738,
  "min_cell": 1111,
  "max_cell": 277226,
  "total_counts": 80444372,
  "overdispersion": 1.243903044644003
}
