{"ncells": 4028, "ngenes": 60623, "nvals": 12381237, "density": 0.05070340796549748, "avg_counts_per_cell": 20101.51688182721, "avg_counts_per_gene": 1335.6137109677845, "avg_nnzero_per_cell": 3073.7927010923536, "avg_nnzero_per_gene": 204.23332728502385, "min_cell": 124, "max_cell": 277135, "total_counts": 80968910, "overdispersion": 3.759550487623436, "s_index": 1832}