{
	"numRecords": 77611112,
	"numReads": 103704109,
	"numBarcodes": 1504588,
	"medianReadsPerBarcode": 2.000000,
	"meanReadsPerBarcode": 68.925253,
	"numUMIs": 1048576,
	"numBarcodeUMIs": 66038135,
	"medianUMIsPerBarcode": 1.000000,
	"meanUMIsPerBarcode": 43.891175,
	"gtRecords": 47981190,
	"numBarcodesOnWhitelist": 469062,
	"percentageBarcodesOnWhitelist": 31.175445,
	"numReadsOnWhitelist": 100520666,
	"percentageReadsOnWhitelist": 96.930263
}
