{
  "ncells": 87,
  "ngenes": 63140,
  "nvals": 202281,
  "density": 0.03682402542789422,
  "avg_counts_per_cell": 6304.091954022989,
  "avg_counts_per_gene": 8.68634779854292,
  "avg_nnzero_per_cell": 2325.0689655172414,
  "avg_nnzero_per_gene": 3.2036902122267974,
  "min_cell": 845,
  "max_cell": 60776,
  "total_counts": 548456,
  "overdispersion": 50.45384208944581,
  "s_index": 87
}
