{
  "ncells": 54296,
  "ngenes": 63140,
  "nvals": 297240,
  "density": 0.00008670314258113027,
  "avg_counts_per_cell": 12.006040960660085,
  "avg_counts_per_gene": 10.324358568261008,
  "avg_nnzero_per_cell": 5.474436422572565,
  "avg_nnzero_per_gene": 4.707633829585049,
  "min_cell": 0,
  "max_cell": 60776,
  "total_counts": 651880,
  "overdispersion": 21424.4060117527,
  "s_index": 122
}
