{
	"numRecords": 133175686,
	"numReads": 640178085,
	"numBarcodes": 2377199,
	"medianReadsPerBarcode": 2.000000,
	"meanReadsPerBarcode": 269.299325,
	"numUMIs": 1048572,
	"numBarcodeUMIs": 69058680,
	"medianUMIsPerBarcode": 1.000000,
	"meanUMIsPerBarcode": 29.050441,
	"gtRecords": 56635340,
	"numBarcodesOnWhitelist": 420709,
	"percentageBarcodesOnWhitelist": 17.697677,
	"numReadsOnWhitelist": 584898923,
	"percentageReadsOnWhitelist": 91.365034
}
