{"ncells": 25540, "ngenes": 60623, "nvals": 12806624, "density": 0.008271348925399, "avg_counts_per_cell": 1295.320125293657, "avg_counts_per_gene": 545.708328522178, "avg_nnzero_per_cell": 501.4339859044636, "avg_nnzero_per_gene": 211.25025155469046, "min_cell": 132, "max_cell": 16889, "total_counts": 33082476, "overdispersion": 2.798288060864479, "s_index": 3267}