{
  "ncells": 3997,
  "ngenes": 63140,
  "nvals": 8284099,
  "density": 0.03282513754178478,
  "avg_counts_per_cell": 6958.031023267451,
  "avg_counts_per_gene": 440.4695913842255,
  "avg_nnzero_per_cell": 2072.579184388291,
  "avg_nnzero_per_gene": 131.20207475451377,
  "min_cell": 95,
  "max_cell": 52554,
  "total_counts": 27811250,
  "overdispersion": 0.4871358656081933,
  "s_index": 3465
}
