{
  "ncells": 393866,
  "ngenes": 63140,
  "nvals": 9825848,
  "density": 0.0003951090447141537,
  "avg_counts_per_cell": 74.92037139534766,
  "avg_counts_per_gene": 467.3517104846373,
  "avg_nnzero_per_cell": 24.947185083251664,
  "avg_nnzero_per_gene": 155.62001900538485,
  "min_cell": 0,
  "max_cell": 52554,
  "total_counts": 29508587,
  "overdispersion": 135.8471426407615,
  "s_index": 3465
}
