{
  "ncells": 35,
  "ngenes": 63140,
  "nvals": 23194,
  "density": 0.01049549753382506,
  "avg_counts_per_cell": 1468.5714285714287,
  "avg_counts_per_gene": 0.8140639847956921,
  "avg_nnzero_per_cell": 662.6857142857143,
  "avg_nnzero_per_gene": 0.3673424136838771,
  "min_cell": 114,
  "max_cell": 4476,
  "total_counts": 51400,
  "overdispersion": 1.3313285802313746,
  "s_index": 35
}
