{
  "ncells": 16174,
  "ngenes": 63140,
  "nvals": 58472,
  "density": 0.00005725664974022018,
  "avg_counts_per_cell": 6.2811302089773715,
  "avg_counts_per_gene": 1.608980044345898,
  "avg_nnzero_per_cell": 3.615184864597502,
  "avg_nnzero_per_gene": 0.9260690528983212,
  "min_cell": 0,
  "max_cell": 4476,
  "total_counts": 101591,
  "overdispersion": 132.37117713956223,
  "s_index": 94
}
