{"ncells": 14515, "ngenes": 60623, "nvals": 1287989, "density": 0.0014637189305175837, "avg_counts_per_cell": 122.07667929727867, "avg_counts_per_gene": 29.228890025237945, "avg_nnzero_per_cell": 88.73503272476748, "avg_nnzero_per_gene": 21.245880276462728, "min_cell": 48, "max_cell": 1517, "total_counts": 1771943, "overdispersion": 4.91514174538538, "s_index": 340}