{
	"numRecords": 72012956,
	"numReads": 291060061,
	"numBarcodes": 858667,
	"medianReadsPerBarcode": 5.000000,
	"meanReadsPerBarcode": 338.967331,
	"numUMIs": 1048576,
	"numBarcodeUMIs": 32025789,
	"medianUMIsPerBarcode": 1.000000,
	"meanUMIsPerBarcode": 37.297100,
	"gtRecords": 21193530,
	"numBarcodesOnWhitelist": 339138,
	"percentageBarcodesOnWhitelist": 39.495870,
	"numReadsOnWhitelist": 284254884,
	"percentageReadsOnWhitelist": 97.661934
}
