{
  "ncells": 3482,
  "ngenes": 60623,
  "nvals": 5126261,
  "density": 0.024284799561072937,
  "avg_per_cell": 5696.988512349225,
  "avg_per_gene": 327.2176236741831,
  "min_cell": 473,
  "max_cell": 99294,
  "total_counts": 19836914,
  "overdispersion": 2.023552433224961
}
