{
	"numRecords": 107468048,
	"numReads": 455396245,
	"numBarcodes": 1902079,
	"medianReadsPerBarcode": 3.000000,
	"meanReadsPerBarcode": 239.420258,
	"numUMIs": 1048574,
	"numBarcodeUMIs": 61489137,
	"medianUMIsPerBarcode": 1.000000,
	"meanUMIsPerBarcode": 32.327331,
	"gtRecords": 30571346,
	"numBarcodesOnWhitelist": 485994,
	"percentageBarcodesOnWhitelist": 25.550674,
	"numReadsOnWhitelist": 438862354,
	"percentageReadsOnWhitelist": 96.369340
}
