{
  "ncells": 8534,
  "ngenes": 60623,
  "nvals": 12240715,
  "density": 0.023660108056746815,
  "avg_per_cell": 4807.710452308414,
  "avg_per_gene": 676.7893538755918,
  "min_cell": 472,
  "max_cell": 63619,
  "total_counts": 41029001,
  "overdispersion": 1.0577902566224577
}
