{"ncells": 10582, "ngenes": 60623, "nvals": 12788364, "density": 0.019934704757296844, "avg_per_cell": 3976.1719901719903, "avg_per_gene": 694.0575689094898, "min_cell": 334, "max_cell": 63619, "total_count": 42075852, "overdispersion": 1.3673505288729142, "s_index": 3678}