{"ncells": 10582, "ngenes": 60623, "nvals": 12788364, "density": 0.019934704757296844, "avg_counts_per_cell": 3976.1719901719903, "avg_counts_per_gene": 694.0575689094898, "avg_nnzero_per_cell": 1208.5016065016066, "avg_nnzero_per_gene": 210.9490457417152, "min_cell": 334, "max_cell": 63619, "total_counts": 42075852, "overdispersion": 1.3673505288729142, "s_index": 3678}