{
	"numRecords": 90820688,
	"numReads": 195409308,
	"numBarcodes": 4103595,
	"medianReadsPerBarcode": 2.000000,
	"meanReadsPerBarcode": 47.619053,
	"numUMIs": 1048564,
	"numBarcodeUMIs": 59267435,
	"medianUMIsPerBarcode": 1.000000,
	"meanUMIsPerBarcode": 14.442808,
	"gtRecords": 37122796,
	"numTargets": 198713,
	"medianTargetsPerSet": 3.000000,
	"meanTargetsPerSet": 4.470406,
	"numSingleton": 49163857,
	"gtTargets": 4375,
	"numBarcodesOnWhitelist": 407039,
	"percentageBarcodesOnWhitelist": 9.919083,
	"numReadsOnWhitelist": 177060411,
	"percentageReadsOnWhitelist": 90.610019
}
