{
  "ncells": 13945,
  "ngenes": 60623,
  "nvals": 16788759,
  "density": 0.01985924127465606,
  "avg_per_cell": 3950.4007888131946,
  "avg_per_gene": 908.70361084077,
  "min_cell": 192,
  "max_cell": 94332,
  "total_counts": 55088339,
  "overdispersion": 67.75709101957355
}
