{"ncells": 13945, "ngenes": 60623, "nvals": 16788759, "density": 0.01985924127465606, "avg_counts_per_cell": 3950.4007888131946, "avg_counts_per_gene": 908.70361084077, "avg_nnzero_per_cell": 1203.9267837934744, "avg_nnzero_per_gene": 276.9371195750788, "min_cell": 192, "max_cell": 94332, "total_counts": 55088339, "overdispersion": 67.75709101957355, "s_index": 3029}