{
	"numRecords": 9262372,
	"numReads": 101875171,
	"numBarcodes": 227932,
	"medianReadsPerBarcode": 2.000000,
	"meanReadsPerBarcode": 446.954228,
	"numUMIs": 980369,
	"numBarcodeUMIs": 4377302,
	"medianUMIsPerBarcode": 1.000000,
	"meanUMIsPerBarcode": 19.204421,
	"gtRecords": 4753238,
	"numTargets": 143792,
	"medianTargetsPerSet": 3.000000,
	"meanTargetsPerSet": 4.336484,
	"numSingleton": 21218839,
	"gtTargets": 8756,
	"numBarcodesOnWhitelist": 102027,
	"percentageBarcodesOnWhitelist": 44.762034,
	"numReadsOnWhitelist": 98761496,
	"percentageReadsOnWhitelist": 96.943637
}
