{
  "ncells": 11714,
  "ngenes": 63140,
  "nvals": 24245232,
  "density": 0.03278057347026311,
  "avg_counts_per_cell": 6482.481560525866,
  "avg_counts_per_gene": 1202.657412100095,
  "avg_nnzero_per_cell": 2069.7654089124126,
  "avg_nnzero_per_gene": 383.991637630662,
  "min_cell": 318,
  "max_cell": 39943,
  "total_counts": 75935789,
  "overdispersion": 3.6350491957439726,
  "s_index": 5889
}
