{
  "ncells": 531948,
  "ngenes": 63140,
  "nvals": 29973961,
  "density": 0.000892422230109831,
  "avg_counts_per_cell": 155.78623850451547,
  "avg_counts_per_gene": 1312.4830218561926,
  "avg_nnzero_per_cell": 56.34753960913473,
  "avg_nnzero_per_gene": 474.72222046246435,
  "min_cell": 0,
  "max_cell": 39943,
  "total_counts": 82870178,
  "overdispersion": 163.85237607181307,
  "s_index": 5889
}
