{
  "ncells": 6940,
  "ngenes": 60623,
  "nvals": 525160,
  "density": 0.0012482303703319534,
  "avg_per_cell": 219.83299711815562,
  "avg_per_gene": 25.16604259109579,
  "min_cell": 8,
  "max_cell": 1924,
  "total_counts": 1525641,
  "overdispersion": 1.2339300853394617
}
