{"ncells": 4943, "ngenes": 60623, "nvals": 13084727, "density": 0.04366531840411701, "avg_counts_per_cell": 10036.614606514262, "avg_counts_per_gene": 818.3525394652195, "avg_nnzero_per_cell": 2647.1225976127857, "avg_nnzero_per_gene": 215.8376688715504, "min_cell": 2770, "max_cell": 52374, "total_counts": 49610986, "overdispersion": 0.6973535128783257, "s_index": 4394}