{"ncells": 4943, "ngenes": 60623, "nvals": 13084727, "density": 0.04366531840411701, "avg_per_cell": 10036.614606514262, "avg_per_gene": 818.3525394652195, "min_cell": 2770, "max_cell": 52374, "total_count": 49610986, "overdispersion": 0.6973535128783257, "s_index": 4394}