{
  "ncells": 200490,
  "ngenes": 63140,
  "nvals": 1038713,
  "density": 0.00008205371973286923,
  "avg_counts_per_cell": 6.6586862187640286,
  "avg_counts_per_gene": 21.143490655685778,
  "avg_nnzero_per_cell": 5.180871863933363,
  "avg_nnzero_per_gene": 16.450950269242952,
  "min_cell": 0,
  "max_cell": 3828,
  "total_counts": 1335000,
  "overdispersion": 73.39514358976697,
  "s_index": 478
}
