{
  "ncells": 3482,
  "ngenes": 63140,
  "nvals": 708987,
  "density": 0.003224815909213718,
  "avg_counts_per_cell": 286.4500287191269,
  "avg_counts_per_gene": 15.796943300601837,
  "avg_nnzero_per_cell": 203.61487650775416,
  "avg_nnzero_per_gene": 11.228808995882167,
  "min_cell": 12,
  "max_cell": 3828,
  "total_counts": 997419,
  "overdispersion": 0.9988380642109593,
  "s_index": 478
}
