{
  "ncells": 2609,
  "ngenes": 63140,
  "nvals": 2055400,
  "density": 0.012477216059562347,
  "avg_counts_per_cell": 1490.9091605979302,
  "avg_counts_per_gene": 61.60566993981628,
  "avg_nnzero_per_cell": 787.8114220007666,
  "avg_nnzero_per_gene": 32.55305669939816,
  "min_cell": 164,
  "max_cell": 35478,
  "total_counts": 3889782,
  "overdispersion": 1.7792055071210715,
  "s_index": 1091
}
