{
  "ncells": 469244,
  "ngenes": 63140,
  "nvals": 3376850,
  "density": 0.00011397470161447757,
  "avg_counts_per_cell": 11.542873217345347,
  "avg_counts_per_gene": 85.78435223313272,
  "avg_nnzero_per_cell": 7.196362659938114,
  "avg_nnzero_per_gene": 53.48194488438391,
  "min_cell": 0,
  "max_cell": 35478,
  "total_counts": 5416424,
  "overdispersion": 353.86530742843365,
  "s_index": 1091
}
