{
  "ncells": 8082,
  "ngenes": 63140,
  "nvals": 13889561,
  "density": 0.027218556909197358,
  "avg_counts_per_cell": 7359.21145756001,
  "avg_counts_per_gene": 941.9883908774152,
  "avg_nnzero_per_cell": 1718.579683246721,
  "avg_nnzero_per_gene": 219.98037694013303,
  "min_cell": 898,
  "max_cell": 137716,
  "total_counts": 59477147,
  "overdispersion": 3.264318875118803,
  "s_index": 3198
}
