{
  "ncells": 571635,
  "ngenes": 63140,
  "nvals": 22639604,
  "density": 0.0006272568846034304,
  "avg_counts_per_cell": 128.63625565264547,
  "avg_counts_per_gene": 1164.6022489705417,
  "avg_nnzero_per_cell": 39.60499969386059,
  "avg_nnzero_per_gene": 358.56198923028194,
  "min_cell": 0,
  "max_cell": 137716,
  "total_counts": 73532986,
  "overdispersion": 194.8944106985663,
  "s_index": 3198
}
