{
  "ncells": 450128,
  "ngenes": 63140,
  "nvals": 20524187,
  "density": 0.0007221465761849506,
  "avg_counts_per_cell": 168.03879118828422,
  "avg_counts_per_gene": 1197.9563668039277,
  "avg_nnzero_per_cell": 45.59633482031778,
  "avg_nnzero_per_gene": 325.0583940449794,
  "min_cell": 0,
  "max_cell": 40112,
  "total_counts": 75638965,
  "overdispersion": 74.91542674042664,
  "s_index": 5734
}
