{
  "ncells": 8237,
  "ngenes": 63140,
  "nvals": 16948327,
  "density": 0.03258766109747849,
  "avg_counts_per_cell": 8648.086803447857,
  "avg_counts_per_gene": 1128.195929680076,
  "avg_nnzero_per_cell": 2057.584921694792,
  "avg_nnzero_per_gene": 268.4245644599303,
  "min_cell": 250,
  "max_cell": 40112,
  "total_counts": 71234291,
  "overdispersion": 0.574709897653654,
  "s_index": 5734
}
