{
	"numRecords": 19440120,
	"numReads": 48447228,
	"numBarcodes": 494005,
	"medianReadsPerBarcode": 4.000000,
	"meanReadsPerBarcode": 98.070319,
	"numUMIs": 1048089,
	"numBarcodeUMIs": 11579797,
	"medianUMIsPerBarcode": 1.000000,
	"meanUMIsPerBarcode": 23.440647,
	"gtRecords": 8095240,
	"numTargets": 154887,
	"medianTargetsPerSet": 3.000000,
	"meanTargetsPerSet": 4.451824,
	"numSingleton": 11661924,
	"gtTargets": 8869,
	"numBarcodesOnWhitelist": 234559,
	"percentageBarcodesOnWhitelist": 47.481098,
	"numReadsOnWhitelist": 47190711,
	"percentageReadsOnWhitelist": 97.406421
}
