{"ncells": 3017, "ngenes": 60623, "nvals": 3414587, "density": 0.018669188822844334, "avg_per_cell": 2392.4080212131257, "avg_per_gene": 119.06198967388615, "min_cell": 385, "max_cell": 14547, "total_count": 7217895, "overdispersion": 0.16933262300547874, "s_index": 1912}