{
	"numRecords": 91937441,
	"numReads": 332835369,
	"numBarcodes": 1384046,
	"medianReadsPerBarcode": 3.000000,
	"meanReadsPerBarcode": 240.479991,
	"numUMIs": 1048576,
	"numBarcodeUMIs": 54968820,
	"medianUMIsPerBarcode": 1.000000,
	"meanUMIsPerBarcode": 39.716035,
	"gtRecords": 30586373,
	"numBarcodesOnWhitelist": 383350,
	"percentageBarcodesOnWhitelist": 27.697779,
	"numReadsOnWhitelist": 321957984,
	"percentageReadsOnWhitelist": 96.731902
}
