{"ncells": 7877, "ngenes": 60623, "nvals": 9153918, "density": 0.019169410081835918, "avg_counts_per_cell": 5331.266725910879, "avg_counts_per_gene": 692.7137884961153, "avg_nnzero_per_cell": 1162.1071473911388, "avg_nnzero_per_gene": 150.9974432146215, "min_cell": 118, "max_cell": 91971, "total_counts": 41994388, "overdispersion": 2.191856338183415, "s_index": 2900}