{
  "ncells": 511750,
  "ngenes": 63140,
  "nvals": 23430042,
  "density": 0.000725121259523776,
  "avg_counts_per_cell": 123.27606448461162,
  "avg_counts_per_gene": 999.1530883750396,
  "avg_nnzero_per_cell": 45.784156326331214,
  "avg_nnzero_per_gene": 371.0808045612924,
  "min_cell": 0,
  "max_cell": 62592,
  "total_counts": 63086526,
  "overdispersion": 78.24276804717076,
  "s_index": 4851
}
