{
  "ncells": 5767,
  "ngenes": 63140,
  "nvals": 14790030,
  "density": 0.04061762502554731,
  "avg_counts_per_cell": 8972.238252124154,
  "avg_counts_per_gene": 819.4947418435223,
  "avg_nnzero_per_cell": 2564.596844113057,
  "avg_nnzero_per_gene": 234.24184352233132,
  "min_cell": 335,
  "max_cell": 62592,
  "total_counts": 51742898,
  "overdispersion": 0.3561008006053139,
  "s_index": 4851
}
