{
  "ncells": 5029,
  "ngenes": 63140,
  "nvals": 6798646,
  "density": 0.02141096370225955,
  "avg_counts_per_cell": 5730.191489361702,
  "avg_counts_per_gene": 456.4005859993665,
  "avg_nnzero_per_cell": 1351.8882481606681,
  "avg_nnzero_per_gene": 107.6757364586633,
  "min_cell": 266,
  "max_cell": 161827,
  "total_counts": 28817133,
  "overdispersion": 1.379169504590638,
  "s_index": 2906
}
