{
  "ncells": 419941,
  "ngenes": 63140,
  "nvals": 10732508,
  "density": 0.0004047700451626183,
  "avg_counts_per_cell": 82.41784917405064,
  "avg_counts_per_gene": 548.1570161545771,
  "avg_nnzero_per_cell": 25.55718065156772,
  "avg_nnzero_per_gene": 169.9795375356351,
  "min_cell": 0,
  "max_cell": 161827,
  "total_counts": 34610634,
  "overdispersion": 121.23058206818064,
  "s_index": 2906
}
