{
  "ncells": 939,
  "ngenes": 60623,
  "nvals": 336537,
  "density": 0.005911937070457817,
  "avg_per_cell": 654.5058572949947,
  "avg_per_gene": 10.13775299803705,
  "min_cell": 6,
  "max_cell": 2879,
  "total_counts": 614581,
  "overdispersion": 4.14386181232469
}
