{"ncells": 978, "ngenes": 60623, "nvals": 345840, "density": 0.005833093576725673, "avg_counts_per_cell": 642.3517382413088, "avg_counts_per_gene": 10.36273361595434, "avg_nnzero_per_cell": 353.6196319018405, "avg_nnzero_per_gene": 5.704765518037709, "min_cell": 184, "max_cell": 2879, "total_counts": 628220, "overdispersion": 4.404006571706646, "s_index": 549}