{"ncells": 978, "ngenes": 60623, "nvals": 345840, "density": 0.005833093576725673, "avg_per_cell": 642.3517382413088, "avg_per_gene": 10.36273361595434, "min_cell": 184, "max_cell": 2879, "total_count": 628220, "overdispersion": 4.404006571706646, "s_index": 549}