{"ncells": 266, "ngenes": 60623, "nvals": 433171, "density": 0.026862121736222846, "avg_per_cell": 7667.518796992481, "avg_per_gene": 33.64333668739587, "min_cell": 2842, "max_cell": 26561, "total_count": 2039560, "overdispersion": 0.26711757878122866, "s_index": 266}