{
  "ncells": 14917,
  "ngenes": 60623,
  "nvals": 13080793,
  "density": 0.014464890796346816,
  "avg_per_cell": 2694.9771401756384,
  "avg_per_gene": 663.1307259620936,
  "min_cell": 410,
  "max_cell": 61557,
  "total_counts": 40200974,
  "overdispersion": 1.5110350291601748
}
