{"ncells": 19290, "ngenes": 60623, "nvals": 13915877, "density": 0.011899834727142442, "avg_per_cell": 2155.962415759461, "avg_per_gene": 686.0187552579055, "min_cell": 201, "max_cell": 61557, "total_count": 41588515, "overdispersion": 1.9031177668210066, "s_index": 3104}