{
  "ncells": 5361,
  "ngenes": 63140,
  "nvals": 5010216,
  "density": 0.014801511426185564,
  "avg_counts_per_cell": 2888.8270844991607,
  "avg_counts_per_gene": 245.28036110231233,
  "avg_nnzero_per_cell": 934.5674314493565,
  "avg_nnzero_per_gene": 79.35090275578081,
  "min_cell": 211,
  "max_cell": 30659,
  "total_counts": 15487002,
  "overdispersion": 0.450287878842752,
  "s_index": 2571
}
