{
  "ncells": 352856,
  "ngenes": 63140,
  "nvals": 6301518,
  "density": 0.0002828414773216964,
  "avg_counts_per_cell": 48.19164191624912,
  "avg_counts_per_gene": 269.31754830535317,
  "avg_nnzero_per_cell": 17.858610878091913,
  "avg_nnzero_per_gene": 99.80231232182452,
  "min_cell": 0,
  "max_cell": 30659,
  "total_counts": 17004710,
  "overdispersion": 85.28051490205236,
  "s_index": 2571
}
