{
  "ncells": 606974,
  "ngenes": 63140,
  "nvals": 22996999,
  "density": 0.0006000625186005169,
  "avg_counts_per_cell": 167.28457232105495,
  "avg_counts_per_gene": 1608.1309154260373,
  "avg_nnzero_per_cell": 37.88794742443663,
  "avg_nnzero_per_gene": 364.2223471650301,
  "min_cell": 0,
  "max_cell": 118528,
  "total_counts": 101537386,
  "overdispersion": 311.62343844171653,
  "s_index": 4441
}
