{
  "ncells": 5691,
  "ngenes": 63140,
  "nvals": 16699971,
  "density": 0.046475337666178146,
  "avg_counts_per_cell": 16458.88560885609,
  "avg_counts_per_gene": 1483.489356984479,
  "avg_nnzero_per_cell": 2934.452820242488,
  "avg_nnzero_per_gene": 264.4911466582198,
  "min_cell": 312,
  "max_cell": 118528,
  "total_counts": 93667518,
  "overdispersion": 2.9036460676290092,
  "s_index": 4441
}
