{
	"numRecords": 8685132,
	"numReads": 14544566,
	"numBarcodes": 1303636,
	"medianReadsPerBarcode": 2.000000,
	"meanReadsPerBarcode": 11.156923,
	"numUMIs": 1042813,
	"numBarcodeUMIs": 8032327,
	"medianUMIsPerBarcode": 1.000000,
	"meanUMIsPerBarcode": 6.161480,
	"gtRecords": 4967872,
	"numBarcodesOnWhitelist": 190734,
	"percentageBarcodesOnWhitelist": 14.630925,
	"numReadsOnWhitelist": 9941199,
	"percentageReadsOnWhitelist": 68.349918
}
