{
  "ncells": 7901,
  "ngenes": 60623,
  "nvals": 1344351,
  "density": 0.0028066818657940325,
  "avg_per_cell": 393.41766864953803,
  "avg_per_gene": 51.27415337413193,
  "min_cell": 2,
  "max_cell": 5268,
  "total_counts": 3108393,
  "overdispersion": 2.4637889163859366
}
