{"ncells": 5042, "ngenes": 60623, "nvals": 1030736, "density": 0.003372152287085105, "avg_per_cell": 497.2409758032527, "avg_per_gene": 41.35540966299919, "min_cell": 263, "max_cell": 5268, "total_count": 2507089, "overdispersion": 2.2243704779350915, "s_index": 719}