{
  "ncells": 4665,
  "ngenes": 63140,
  "nvals": 3199248,
  "density": 0.010861546891662176,
  "avg_counts_per_cell": 1277.4006430868167,
  "avg_counts_per_gene": 94.3787456445993,
  "avg_nnzero_per_cell": 685.7980707395499,
  "avg_nnzero_per_gene": 50.66911624960405,
  "min_cell": 97,
  "max_cell": 8385,
  "total_counts": 5959074,
  "overdispersion": 0.5025577674211759,
  "s_index": 1538
}
