{
  "ncells": 331886,
  "ngenes": 63140,
  "nvals": 3694533,
  "density": 0.0001763055726450151,
  "avg_counts_per_cell": 19.597247247548857,
  "avg_counts_per_gene": 103.01000950269243,
  "avg_nnzero_per_cell": 11.131933856806253,
  "avg_nnzero_per_gene": 58.513351282863475,
  "min_cell": 0,
  "max_cell": 8385,
  "total_counts": 6504052,
  "overdispersion": 86.87323878917279,
  "s_index": 1538
}
