{
	"numRecords": 153176264,
	"numReads": 232743637,
	"numBarcodes": 4499250,
	"medianReadsPerBarcode": 2.000000,
	"meanReadsPerBarcode": 51.729430,
	"numUMIs": 16593229,
	"numBarcodeUMIs": 133963126,
	"medianUMIsPerBarcode": 1.000000,
	"meanUMIsPerBarcode": 29.774546,
	"gtRecords": 79298818,
	"numBarcodesOnWhitelist": 1888842,
	"percentageBarcodesOnWhitelist": 41.981264,
	"numReadsOnWhitelist": 223604925,
	"percentageReadsOnWhitelist": 96.073486
}
