{
  "ncells": 9274,
  "ngenes": 63140,
  "nvals": 7361612,
  "density": 0.012571909751541242,
  "avg_counts_per_cell": 2013.3390122924304,
  "avg_counts_per_gene": 295.7191320874248,
  "avg_nnzero_per_cell": 793.790381712314,
  "avg_nnzero_per_gene": 116.59189103579348,
  "min_cell": 1,
  "max_cell": 37701,
  "total_counts": 18671706,
  "overdispersion": 0.9004570971482758,
  "s_index": 2409
}
