{
  "ncells": 318585,
  "ngenes": 63140,
  "nvals": 8294067,
  "density": 0.0004123230728107399,
  "avg_counts_per_cell": 64.06468603355462,
  "avg_counts_per_gene": 323.2506810262908,
  "avg_nnzero_per_cell": 26.034078817270117,
  "avg_nnzero_per_gene": 131.35994615140956,
  "min_cell": 0,
  "max_cell": 37701,
  "total_counts": 20410048,
  "overdispersion": 39.7647827835813,
  "s_index": 2409
}
