{
  "ncells": 43,
  "ngenes": 63140,
  "nvals": 83328,
  "density": 0.0306914866188831,
  "avg_counts_per_cell": 8285.302325581395,
  "avg_counts_per_gene": 5.642508710801394,
  "avg_nnzero_per_cell": 1937.860465116279,
  "avg_nnzero_per_gene": 1.3197339246119735,
  "min_cell": 675,
  "max_cell": 40177,
  "total_counts": 356268,
  "overdispersion": 1.155996612588024,
  "s_index": 43
}
