{
  "ncells": 25081,
  "ngenes": 63140,
  "nvals": 160475,
  "density": 0.00010133464691914826,
  "avg_counts_per_cell": 18.59698576611778,
  "avg_counts_per_gene": 7.3872505543237255,
  "avg_nnzero_per_cell": 6.398269606475021,
  "avg_nnzero_per_gene": 2.5415742793791574,
  "min_cell": 0,
  "max_cell": 40177,
  "total_counts": 466431,
  "overdispersion": 460.7539708869408,
  "s_index": 146
}
