{
	"numRecords": 85509801,
	"numReads": 258935894,
	"numBarcodes": 2524748,
	"medianReadsPerBarcode": 2.000000,
	"meanReadsPerBarcode": 102.559105,
	"numUMIs": 1048574,
	"numBarcodeUMIs": 48416961,
	"medianUMIsPerBarcode": 1.000000,
	"meanUMIsPerBarcode": 19.176948,
	"gtRecords": 28131515,
	"numBarcodesOnWhitelist": 426511,
	"percentageBarcodesOnWhitelist": 16.893211,
	"numReadsOnWhitelist": 250871152,
	"percentageReadsOnWhitelist": 96.885429
}
