{
  "ncells": 592673,
  "ngenes": 63140,
  "nvals": 4567396,
  "density": 0.00012205313720446093,
  "avg_counts_per_cell": 11.152166540402549,
  "avg_counts_per_gene": 104.68146974976243,
  "avg_nnzero_per_cell": 7.706435083089663,
  "avg_nnzero_per_gene": 72.33759898637948,
  "min_cell": 0,
  "max_cell": 20515,
  "total_counts": 6609588,
  "overdispersion": 246.95095666759588,
  "s_index": 1196
}
