{
  "ncells": 4340,
  "ngenes": 63140,
  "nvals": 2788687,
  "density": 0.010176664686330866,
  "avg_counts_per_cell": 1052.4647465437788,
  "avg_counts_per_gene": 72.34236617041495,
  "avg_nnzero_per_cell": 642.5546082949309,
  "avg_nnzero_per_gene": 44.16672473867596,
  "min_cell": 156,
  "max_cell": 20520,
  "total_counts": 4567697,
  "overdispersion": 2.5029599779430804,
  "s_index": 1196
}
