{
  "ncells": 27524,
  "ngenes": 63140,
  "nvals": 86439,
  "density": 0.000049738605757122635,
  "avg_counts_per_cell": 4.840938817032408,
  "avg_counts_per_gene": 2.1102629078238833,
  "avg_nnzero_per_cell": 3.1404955675047233,
  "avg_nnzero_per_gene": 1.3690053848590433,
  "min_cell": 0,
  "max_cell": 4765,
  "total_counts": 133242,
  "overdispersion": 158.12972653257873,
  "s_index": 104
}
