{
  "ncells": 35,
  "ngenes": 63140,
  "nvals": 20500,
  "density": 0.00927643784786642,
  "avg_counts_per_cell": 1348.7428571428572,
  "avg_counts_per_gene": 0.7476401647133355,
  "avg_nnzero_per_cell": 585.7142857142857,
  "avg_nnzero_per_gene": 0.3246753246753247,
  "min_cell": 177,
  "max_cell": 4765,
  "total_counts": 47206,
  "overdispersion": 0.8265623442579324,
  "s_index": 35
}
