{
  "ncells": 186948,
  "ngenes": 63140,
  "nvals": 3544117,
  "density": 0.0003002497466785697,
  "avg_counts_per_cell": 57.29380897361833,
  "avg_counts_per_gene": 169.6383116883117,
  "avg_nnzero_per_cell": 18.95776900528489,
  "avg_nnzero_per_gene": 56.13108964206525,
  "min_cell": 0,
  "max_cell": 48937,
  "total_counts": 10710963,
  "overdispersion": 110.22867281452658,
  "s_index": 1699
}
