{
  "ncells": 2033,
  "ngenes": 63140,
  "nvals": 2553348,
  "density": 0.019891523782205583,
  "avg_counts_per_cell": 4708.501721593704,
  "avg_counts_per_gene": 151.60570161545772,
  "avg_nnzero_per_cell": 1255.9508116084603,
  "avg_nnzero_per_gene": 40.439467849223945,
  "min_cell": 74,
  "max_cell": 48937,
  "total_counts": 9572384,
  "overdispersion": 0.377202464642328,
  "s_index": 1699
}
