{
  "ncells": 27,
  "ngenes": 60623,
  "nvals": 6108,
  "density": 0.003731623677848708,
  "avg_per_cell": 781.4444444444445,
  "avg_per_gene": 0.3480362238754268,
  "min_cell": 79,
  "max_cell": 7945,
  "total_counts": 21099,
  "overdispersion": 8.523344283266294
}
