{"ncells": 100, "ngenes": 60623, "nvals": 19339, "density": 0.0031900433828744865, "avg_counts_per_cell": 383.76, "avg_counts_per_gene": 0.6330270689342329, "avg_nnzero_per_cell": 193.39, "avg_nnzero_per_gene": 0.3190043382874487, "min_cell": 90, "max_cell": 7945, "total_counts": 38376, "overdispersion": 25.433640733615892, "s_index": 95}