{
  "ncells": 3920,
  "ngenes": 63140,
  "nvals": 4654890,
  "density": 0.018806967671452488,
  "avg_counts_per_cell": 3563.523469387755,
  "avg_counts_per_gene": 221.2387076338296,
  "avg_nnzero_per_cell": 1187.4719387755101,
  "avg_nnzero_per_gene": 73.72331327209376,
  "min_cell": 6,
  "max_cell": 51246,
  "total_counts": 13969012,
  "overdispersion": 0.9083374616541363,
  "s_index": 2237
}
