{
  "ncells": 406103,
  "ngenes": 63140,
  "nvals": 5925162,
  "density": 0.0002310784541569078,
  "avg_counts_per_cell": 38.03310736438785,
  "avg_counts_per_gene": 244.62082673424138,
  "avg_nnzero_per_cell": 14.590293595467159,
  "avg_nnzero_per_gene": 93.84165346848273,
  "min_cell": 0,
  "max_cell": 51246,
  "total_counts": 15445359,
  "overdispersion": 157.29373237530424,
  "s_index": 2237
}
