{
  "ncells": 463131,
  "ngenes": 63140,
  "nvals": 19420900,
  "density": 0.0006641419648886166,
  "avg_counts_per_cell": 89.99863753452047,
  "avg_counts_per_gene": 660.1387234716503,
  "avg_nnzero_per_cell": 41.933923663067254,
  "avg_nnzero_per_gene": 307.5847323408299,
  "min_cell": 0,
  "max_cell": 111073,
  "total_counts": 41681159,
  "overdispersion": 65.75526116126619,
  "s_index": 3162
}
