{
  "ncells": 13852,
  "ngenes": 63140,
  "nvals": 14963505,
  "density": 0.017108670911855094,
  "avg_counts_per_cell": 2609.587279815189,
  "avg_counts_per_gene": 572.5055907507127,
  "avg_nnzero_per_cell": 1080.2414813745308,
  "avg_nnzero_per_gene": 236.98930947101678,
  "min_cell": 209,
  "max_cell": 111073,
  "total_counts": 36148003,
  "overdispersion": 1.6142251827285787,
  "s_index": 3162
}
