{
  "ncells": 386138,
  "ngenes": 63140,
  "nvals": 12537896,
  "density": 0.0005142538393067175,
  "avg_counts_per_cell": 85.51202160885487,
  "avg_counts_per_gene": 522.9559866962306,
  "avg_nnzero_per_cell": 32.469987413826146,
  "avg_nnzero_per_gene": 198.57294900221729,
  "min_cell": 0,
  "max_cell": 25294,
  "total_counts": 33019441,
  "overdispersion": 40.82715752254811,
  "s_index": 3032
}
