{
  "ncells": 12127,
  "ngenes": 63140,
  "nvals": 11224686,
  "density": 0.014659401703630767,
  "avg_counts_per_cell": 2578.1305351694564,
  "avg_counts_per_gene": 495.16929046563195,
  "avg_nnzero_per_cell": 925.5946235672467,
  "avg_nnzero_per_gene": 177.7745644599303,
  "min_cell": 1,
  "max_cell": 25294,
  "total_counts": 31264989,
  "overdispersion": 0.5096739102365446,
  "s_index": 3032
}
