{
	"numRecords": 32245202,
	"numReads": 85312754,
	"numBarcodes": 1001485,
	"medianReadsPerBarcode": 2.000000,
	"meanReadsPerBarcode": 85.186252,
	"numUMIs": 1048302,
	"numBarcodeUMIs": 20977266,
	"medianUMIsPerBarcode": 1.000000,
	"meanUMIsPerBarcode": 20.946161,
	"gtRecords": 12922270,
	"numTargets": 175978,
	"medianTargetsPerSet": 3.000000,
	"meanTargetsPerSet": 3.967414,
	"numSingleton": 25219607,
	"gtTargets": 6862,
	"numBarcodesOnWhitelist": 356703,
	"percentageBarcodesOnWhitelist": 35.617408,
	"numReadsOnWhitelist": 80532345,
	"percentageReadsOnWhitelist": 94.396607
}
