{
  "ncells": 9789,
  "ngenes": 60623,
  "nvals": 12572513,
  "density": 0.021185871837206424,
  "avg_per_cell": 3747.045663499847,
  "avg_per_gene": 605.0480840605051,
  "min_cell": 249,
  "max_cell": 30797,
  "total_counts": 36679830,
  "overdispersion": 1.5990705854645944
}
