{"ncells": 7414, "ngenes": 60623, "nvals": 11744615, "density": 0.02613056371812328, "avg_counts_per_cell": 4745.7806851901805, "avg_counts_per_gene": 580.3938769114033, "avg_nnzero_per_cell": 1584.1131642837875, "avg_nnzero_per_gene": 193.73199940616598, "min_cell": 1579, "max_cell": 30797, "total_counts": 35185218, "overdispersion": 1.2146451208416327, "s_index": 4033}