{"ncells": 7414, "ngenes": 60623, "nvals": 11744615, "density": 0.02613056371812328, "avg_per_cell": 4745.7806851901805, "avg_per_gene": 580.3938769114033, "min_cell": 1579, "max_cell": 30797, "total_count": 35185218, "overdispersion": 1.2146451208416327, "s_index": 4033}