{
	"numRecords": 31767580,
	"numReads": 105501340,
	"numBarcodes": 936964,
	"medianReadsPerBarcode": 2.000000,
	"meanReadsPerBarcode": 112.599139,
	"numUMIs": 1045390,
	"numBarcodeUMIs": 17861771,
	"medianUMIsPerBarcode": 1.000000,
	"meanUMIsPerBarcode": 19.063455,
	"gtRecords": 10815912,
	"numBarcodesOnWhitelist": 186145,
	"percentageBarcodesOnWhitelist": 19.866825,
	"numReadsOnWhitelist": 100314399,
	"percentageReadsOnWhitelist": 95.083531
}
