{"ncells": 3121, "ngenes": 60623, "nvals": 3432584, "density": 0.01814220128293751, "avg_counts_per_cell": 3280.5539891060557, "avg_counts_per_gene": 168.88984378866107, "avg_nnzero_per_cell": 1099.8346683755208, "avg_nnzero_per_gene": 56.62181020404797, "min_cell": 1893, "max_cell": 16287, "total_counts": 10238609, "overdispersion": 0.14602227493957054, "s_index": 2349}