{
	"numRecords": 69042554,
	"numReads": 340419967,
	"numBarcodes": 1327428,
	"medianReadsPerBarcode": 3.000000,
	"meanReadsPerBarcode": 256.450796,
	"numUMIs": 1048574,
	"numBarcodeUMIs": 44297937,
	"medianUMIsPerBarcode": 1.000000,
	"meanUMIsPerBarcode": 33.371254,
	"gtRecords": 21690912,
	"numBarcodesOnWhitelist": 352247,
	"percentageBarcodesOnWhitelist": 26.536053,
	"numReadsOnWhitelist": 329860124,
	"percentageReadsOnWhitelist": 96.897995
}
