{
  "ncells": 6377,
  "ngenes": 60623,
  "nvals": 7273998,
  "density": 0.01881565477703804,
  "avg_per_cell": 4840.630233652188,
  "avg_per_gene": 509.1912145555317,
  "min_cell": 407,
  "max_cell": 51225,
  "total_counts": 30868699,
  "overdispersion": 6.4585328536457975
}
