{
  "ncells": 8620,
  "ngenes": 60623,
  "nvals": 9936579,
  "density": 0.019014819174745994,
  "avg_per_cell": 2513.6982598607888,
  "avg_per_gene": 357.4234036586774,
  "min_cell": 200,
  "max_cell": 27531,
  "total_counts": 21668079,
  "overdispersion": 11.543667330475559
}
