{
  "ncells": 9570,
  "ngenes": 63140,
  "nvals": 3662664,
  "density": 0.006061506350519272,
  "avg_counts_per_cell": 522.0112852664577,
  "avg_counts_per_gene": 79.12017738359202,
  "avg_nnzero_per_cell": 382.7235109717868,
  "avg_nnzero_per_gene": 58.00861577446943,
  "min_cell": 108,
  "max_cell": 14168,
  "total_counts": 4995648,
  "overdispersion": 1.3468067941627162,
  "s_index": 1020
}
