{
  "ncells": 787695,
  "ngenes": 63140,
  "nvals": 6108784,
  "density": 0.00012282650744764424,
  "avg_counts_per_cell": 9.639048108722285,
  "avg_counts_per_gene": 120.25071270193222,
  "avg_nnzero_per_cell": 7.755265680244257,
  "avg_nnzero_per_gene": 96.74982578397213,
  "min_cell": 0,
  "max_cell": 14168,
  "total_counts": 7592630,
  "overdispersion": 122.61357306012907,
  "s_index": 1020
}
