{
  "ncells": 4624,
  "ngenes": 63140,
  "nvals": 1822857,
  "density": 0.006243529921424681,
  "avg_counts_per_cell": 770.1089965397924,
  "avg_counts_per_gene": 56.39822616407982,
  "avg_nnzero_per_cell": 394.21647923875435,
  "avg_nnzero_per_gene": 28.870082356667723,
  "min_cell": 114,
  "max_cell": 21575,
  "total_counts": 3560984,
  "overdispersion": 1.3549254287035657,
  "s_index": 1067
}
