{
  "ncells": 335111,
  "ngenes": 63140,
  "nvals": 3927562,
  "density": 0.0001856221455173415,
  "avg_counts_per_cell": 18.36451504128483,
  "avg_counts_per_gene": 97.46834019638898,
  "avg_nnzero_per_cell": 11.720182267964942,
  "avg_nnzero_per_gene": 62.20402280646183,
  "min_cell": 0,
  "max_cell": 21575,
  "total_counts": 6154151,
  "overdispersion": 95.1663735725547,
  "s_index": 1067
}
