{
  "ncells": 753,
  "ngenes": 60623,
  "nvals": 3640412,
  "density": 0.07974769458310904,
  "avg_per_cell": 26803.742363877824,
  "avg_per_gene": 332.9300430529667,
  "min_cell": 4526,
  "max_cell": 100990,
  "total_counts": 20183218,
  "overdispersion": 0.47668705715290816
}
