{
	"numRecords": 59184387,
	"numReads": 73033436,
	"numBarcodes": 1372983,
	"medianReadsPerBarcode": 1.000000,
	"meanReadsPerBarcode": 53.193256,
	"numUMIs": 1048576,
	"numBarcodeUMIs": 51534869,
	"medianUMIsPerBarcode": 1.000000,
	"meanUMIsPerBarcode": 37.534965,
	"gtRecords": 41468849,
	"numTargets": 182378,
	"medianTargetsPerSet": 4.000000,
	"meanTargetsPerSet": 4.335780,
	"numSingleton": 17180593,
	"gtTargets": 8936,
	"numBarcodesOnWhitelist": 398479,
	"percentageBarcodesOnWhitelist": 29.022865,
	"numReadsOnWhitelist": 70085489,
	"percentageReadsOnWhitelist": 95.963565
}
