{
  "ncells": 70199,
  "ngenes": 60623,
  "nvals": 12846780,
  "density": 0.0030187415834556537,
  "avg_per_cell": 610.3632530377926,
  "avg_per_gene": 706.7761410685713,
  "min_cell": 11,
  "max_cell": 50478,
  "total_counts": 42846890,
  "overdispersion": 19.034091804247737
}
