{"ncells": 24499, "ngenes": 60623, "nvals": 12182705, "density": 0.008202721115520705, "avg_per_cell": 1720.3015633291154, "avg_per_gene": 695.2092110255184, "min_cell": 23, "max_cell": 50478, "total_count": 42145668, "overdispersion": 6.262330518107633, "s_index": 3775}