{
  "ncells": 36,
  "ngenes": 63140,
  "nvals": 16451,
  "density": 0.00723744412768803,
  "avg_counts_per_cell": 1641.888888888889,
  "avg_counts_per_gene": 0.9361419068736142,
  "avg_nnzero_per_cell": 456.97222222222223,
  "avg_nnzero_per_gene": 0.2605479885967691,
  "min_cell": 214,
  "max_cell": 16778,
  "total_counts": 59108,
  "overdispersion": 2.4478743642352,
  "s_index": 36
}
