{
  "ncells": 20512,
  "ngenes": 63140,
  "nvals": 60589,
  "density": 0.00004678226010890293,
  "avg_counts_per_cell": 7.506289001560062,
  "avg_counts_per_gene": 2.4385334178017106,
  "avg_nnzero_per_cell": 2.953831903276131,
  "avg_nnzero_per_gene": 0.9595977193538169,
  "min_cell": 0,
  "max_cell": 16778,
  "total_counts": 153969,
  "overdispersion": 184.57517080809038,
  "s_index": 131
}
