{
  "ncells": 6179,
  "ngenes": 60623,
  "nvals": 7647909,
  "density": 0.02041677263488396,
  "avg_per_cell": 4547.409127690565,
  "avg_per_gene": 463.4947297230424,
  "min_cell": 1143,
  "max_cell": 47653,
  "total_counts": 28098441,
  "overdispersion": 6.635340600158403
}
