{"ncells": 835, "ngenes": 60623, "nvals": 1849573, "density": 0.036538236066013564, "avg_per_cell": 12372.396407185628, "avg_per_gene": 170.4130610494367, "min_cell": 7028, "max_cell": 47653, "total_count": 10330951, "overdispersion": 0.9443533560362888, "s_index": 835}