{"ncells": 835, "ngenes": 60623, "nvals": 1849573, "density": 0.036538236066013564, "avg_counts_per_cell": 12372.396407185628, "avg_counts_per_gene": 170.4130610494367, "avg_nnzero_per_cell": 2215.05748502994, "avg_nnzero_per_gene": 30.509427115121323, "min_cell": 7028, "max_cell": 47653, "total_counts": 10330951, "overdispersion": 0.9443533560362888, "s_index": 835}