{
	"numRecords": 158102909,
	"numReads": 186816958,
	"numBarcodes": 2681288,
	"medianReadsPerBarcode": 1.000000,
	"meanReadsPerBarcode": 69.674335,
	"numUMIs": 16056100,
	"numBarcodeUMIs": 146716208,
	"medianUMIsPerBarcode": 1.000000,
	"meanUMIsPerBarcode": 54.718556,
	"gtRecords": 121425751,
	"numBarcodesOnWhitelist": 57822,
	"percentageBarcodesOnWhitelist": 2.156501,
	"numReadsOnWhitelist": 17199463,
	"percentageReadsOnWhitelist": 9.206586
}
