{
  "ncells": 1416,
  "ngenes": 60623,
  "nvals": 1195255,
  "density": 0.013923867812844616,
  "avg_per_cell": 8783.806497175141,
  "avg_per_gene": 205.16751068076474,
  "min_cell": 8,
  "max_cell": 195985,
  "total_counts": 12437870,
  "overdispersion": 5.729157021156866
}
