{
  "ncells": 3125,
  "ngenes": 60623,
  "nvals": 2877842,
  "density": 0.015190759942596044,
  "avg_per_cell": 3341.71616,
  "avg_per_gene": 172.25909308348318,
  "min_cell": 327,
  "max_cell": 48174,
  "total_counts": 10442863,
  "overdispersion": 34.84507971388513
}
