{
	"numRecords": 45620318,
	"numReads": 133082612,
	"numBarcodes": 1252094,
	"medianReadsPerBarcode": 2.000000,
	"meanReadsPerBarcode": 106.288036,
	"numUMIs": 1048349,
	"numBarcodeUMIs": 24340786,
	"medianUMIsPerBarcode": 1.000000,
	"meanUMIsPerBarcode": 19.440063,
	"gtRecords": 18313786,
	"numBarcodesOnWhitelist": 288099,
	"percentageBarcodesOnWhitelist": 23.009375,
	"numReadsOnWhitelist": 129044841,
	"percentageReadsOnWhitelist": 96.965967
}
