{"ncells": 9791, "ngenes": 60623, "nvals": 6249291, "density": 0.01052849447300754, "avg_counts_per_cell": 1463.9988765192525, "avg_counts_per_gene": 236.44512808669975, "avg_nnzero_per_cell": 638.2689204371361, "avg_nnzero_per_gene": 103.08448938521683, "min_cell": 188, "max_cell": 28776, "total_counts": 14334013, "overdispersion": 1.5642000499483033, "s_index": 2128}