{
	"numRecords": 34327604,
	"numReads": 300548876,
	"numBarcodes": 1376550,
	"medianReadsPerBarcode": 2.000000,
	"meanReadsPerBarcode": 218.334878,
	"numUMIs": 1047467,
	"numBarcodeUMIs": 20504164,
	"medianUMIsPerBarcode": 1.000000,
	"meanUMIsPerBarcode": 14.895328,
	"gtRecords": 14955100,
	"numTargets": 156202,
	"medianTargetsPerSet": 1.000000,
	"meanTargetsPerSet": 2.468468,
	"numSingleton": 190476275,
	"gtTargets": 8864,
	"numBarcodesOnWhitelist": 224066,
	"percentageBarcodesOnWhitelist": 16.277360,
	"numReadsOnWhitelist": 288420905,
	"percentageReadsOnWhitelist": 95.964726
}
