{"ncells": 4996, "ngenes": 60623, "nvals": 1269689, "density": 0.0041921566549051065, "avg_counts_per_cell": 1390.2572057646116, "avg_counts_per_gene": 114.57243950315886, "avg_nnzero_per_cell": 254.14111289031226, "avg_nnzero_per_gene": 20.94401464790591, "min_cell": 477, "max_cell": 51274, "total_counts": 6945725, "overdispersion": 0.3723139118240367, "s_index": 1316}