{
  "ncells": 2515,
  "ngenes": 60623,
  "nvals": 5945767,
  "density": 0.03899711442182725,
  "avg_per_cell": 9991.555467196818,
  "avg_per_gene": 414.50871781337116,
  "min_cell": 195,
  "max_cell": 66612,
  "total_counts": 25128762,
  "overdispersion": 1.5471190580508083
}
