{"ncells": 2515, "ngenes": 60623, "nvals": 5945767, "density": 0.03899711442182725, "avg_counts_per_cell": 9991.555467196818, "avg_counts_per_gene": 414.50871781337116, "avg_nnzero_per_cell": 2364.1220675944332, "avg_nnzero_per_gene": 98.07774277089554, "min_cell": 195, "max_cell": 66612, "total_counts": 25128762, "overdispersion": 1.5471190580508083, "s_index": 1461}