{
	"numRecords": 29278671,
	"numReads": 84079243,
	"numBarcodes": 900763,
	"medianReadsPerBarcode": 2.000000,
	"meanReadsPerBarcode": 93.342248,
	"numUMIs": 1045746,
	"numBarcodeUMIs": 17333945,
	"medianUMIsPerBarcode": 1.000000,
	"meanUMIsPerBarcode": 19.243625,
	"gtRecords": 10753407,
	"numTargets": 165151,
	"medianTargetsPerSet": 3.000000,
	"meanTargetsPerSet": 3.864277,
	"numSingleton": 22720164,
	"gtTargets": 7977,
	"numBarcodesOnWhitelist": 190951,
	"percentageBarcodesOnWhitelist": 21.198806,
	"numReadsOnWhitelist": 79689275,
	"percentageReadsOnWhitelist": 94.778773
}
