{
	"numRecords": 35358381,
	"numReads": 303849066,
	"numBarcodes": 812402,
	"medianReadsPerBarcode": 3.000000,
	"meanReadsPerBarcode": 374.013193,
	"numUMIs": 1046944,
	"numBarcodeUMIs": 16382659,
	"medianUMIsPerBarcode": 1.000000,
	"meanUMIsPerBarcode": 20.165705,
	"gtRecords": 12754247,
	"numBarcodesOnWhitelist": 195487,
	"percentageBarcodesOnWhitelist": 24.062841,
	"numReadsOnWhitelist": 294280882,
	"percentageReadsOnWhitelist": 96.851008
}
