{
  "ncells": 4858,
  "ngenes": 63140,
  "nvals": 14467091,
  "density": 0.04716492250682774,
  "avg_counts_per_cell": 14391.177233429395,
  "avg_counts_per_gene": 1107.259090909091,
  "avg_nnzero_per_cell": 2977.9932070811033,
  "avg_nnzero_per_gene": 229.12719353816914,
  "min_cell": 6,
  "max_cell": 137801,
  "total_counts": 69912339,
  "overdispersion": 1.5700924059036776,
  "s_index": 3930
}
