{
  "ncells": 464521,
  "ngenes": 63140,
  "nvals": 16101187,
  "density": 0.0005489691811967352,
  "avg_counts_per_cell": 155.0218870621565,
  "avg_counts_per_gene": 1140.4960722204626,
  "avg_nnzero_per_cell": 34.66191410076186,
  "avg_nnzero_per_gene": 255.00771301868863,
  "min_cell": 0,
  "max_cell": 137801,
  "total_counts": 72010922,
  "overdispersion": 225.42657467205046,
  "s_index": 3930
}
