{
  "ncells": 4562,
  "ngenes": 63140,
  "nvals": 2037989,
  "density": 0.00707525304754804,
  "avg_counts_per_cell": 1019.820254274441,
  "avg_counts_per_gene": 73.68419385492557,
  "avg_nnzero_per_cell": 446.7314774221833,
  "avg_nnzero_per_gene": 32.27730440291416,
  "min_cell": 63,
  "max_cell": 12379,
  "total_counts": 4652420,
  "overdispersion": 2.287608051492828,
  "s_index": 1173
}
