{
  "ncells": 368664,
  "ngenes": 63140,
  "nvals": 3668679,
  "density": 0.00015760660185446746,
  "avg_counts_per_cell": 18.08524835622681,
  "avg_counts_per_gene": 105.59676908457396,
  "avg_nnzero_per_cell": 9.951280841091075,
  "avg_nnzero_per_gene": 58.103880266075386,
  "min_cell": 0,
  "max_cell": 12379,
  "total_counts": 6667380,
  "overdispersion": 176.35036901320424,
  "s_index": 1173
}
