{
	"numRecords": 94379687,
	"numReads": 212448156,
	"numBarcodes": 980018,
	"medianReadsPerBarcode": 3.000000,
	"meanReadsPerBarcode": 216.779851,
	"numUMIs": 1048576,
	"numBarcodeUMIs": 56546143,
	"medianUMIsPerBarcode": 1.000000,
	"meanUMIsPerBarcode": 57.699086,
	"gtRecords": 39318753,
	"numTargets": 183415,
	"medianTargetsPerSet": 4.000000,
	"meanTargetsPerSet": 5.213126,
	"numSingleton": 46253849,
	"gtTargets": 6031,
	"numBarcodesOnWhitelist": 346203,
	"percentageBarcodesOnWhitelist": 35.326188,
	"numReadsOnWhitelist": 205899754,
	"percentageReadsOnWhitelist": 96.917647
}
