{
  "ncells": 6203,
  "ngenes": 60623,
  "nvals": 10405038,
  "density": 0.027669700946990925,
  "avg_per_cell": 6655.981460583588,
  "avg_per_gene": 681.0460221368128,
  "min_cell": 95,
  "max_cell": 131982,
  "total_counts": 41287053,
  "overdispersion": 4.835469955726451
}
