{
  "ncells": 3516,
  "ngenes": 63140,
  "nvals": 3324855,
  "density": 0.014976808133180397,
  "avg_counts_per_cell": 3492.8899317406144,
  "avg_counts_per_gene": 194.504292049414,
  "avg_nnzero_per_cell": 945.6356655290102,
  "avg_nnzero_per_gene": 52.65845739626227,
  "min_cell": 78,
  "max_cell": 59967,
  "total_counts": 12281001,
  "overdispersion": 5.562863450074253,
  "s_index": 1577
}
