{
  "ncells": 288007,
  "ngenes": 63140,
  "nvals": 4998656,
  "density": 0.0002748815742266867,
  "avg_counts_per_cell": 49.75697812900381,
  "avg_counts_per_gene": 226.96164079822617,
  "avg_nnzero_per_cell": 17.356022596672997,
  "avg_nnzero_per_gene": 79.16781754830535,
  "min_cell": 0,
  "max_cell": 59967,
  "total_counts": 14330358,
  "overdispersion": 385.82475716634366,
  "s_index": 1577
}
