{
	"numRecords": 121735404,
	"numReads": 322378859,
	"numBarcodes": 2246789,
	"medianReadsPerBarcode": 4.000000,
	"meanReadsPerBarcode": 143.484261,
	"numUMIs": 1048576,
	"numBarcodeUMIs": 66137813,
	"medianUMIsPerBarcode": 1.000000,
	"meanUMIsPerBarcode": 29.436593,
	"gtRecords": 40994814,
	"numTargets": 190727,
	"medianTargetsPerSet": 4.000000,
	"meanTargetsPerSet": 4.611435,
	"numSingleton": 90784100,
	"gtTargets": 5163,
	"numBarcodesOnWhitelist": 281582,
	"percentageBarcodesOnWhitelist": 12.532641,
	"numReadsOnWhitelist": 293593599,
	"percentageReadsOnWhitelist": 91.070984
}
