{
  "ncells": 188264,
  "ngenes": 63140,
  "nvals": 1504001,
  "density": 0.00012652497659928843,
  "avg_counts_per_cell": 28.13814112097905,
  "avg_counts_per_gene": 83.89925562242635,
  "avg_nnzero_per_cell": 7.988787022479072,
  "avg_nnzero_per_gene": 23.820098194488438,
  "min_cell": 0,
  "max_cell": 116670,
  "total_counts": 5297399,
  "overdispersion": 371.2620817570464,
  "s_index": 591
}
