{
  "ncells": 681,
  "ngenes": 63140,
  "nvals": 957655,
  "density": 0.022271906310801767,
  "avg_counts_per_cell": 6382.161527165932,
  "avg_counts_per_gene": 68.83515996198923,
  "avg_nnzero_per_cell": 1406.2481644640236,
  "avg_nnzero_per_gene": 15.167168197656002,
  "min_cell": 323,
  "max_cell": 116670,
  "total_counts": 4346252,
  "overdispersion": 4.013421343356131,
  "s_index": 591
}
