{
  "ncells": 4669,
  "ngenes": 63140,
  "nvals": 1431037,
  "density": 0.004854253040003371,
  "avg_counts_per_cell": 447.28742771471406,
  "avg_counts_per_gene": 33.07546721571112,
  "avg_nnzero_per_cell": 306.4975369458128,
  "avg_nnzero_per_gene": 22.664507443775737,
  "min_cell": 62,
  "max_cell": 6860,
  "total_counts": 2088385,
  "overdispersion": 1.5570093216541097,
  "s_index": 768
}
