{
  "ncells": 396102,
  "ngenes": 63140,
  "nvals": 2313395,
  "density": 0.00009249924326307091,
  "avg_counts_per_cell": 7.692748332500215,
  "avg_counts_per_gene": 48.25962939499525,
  "avg_nnzero_per_cell": 5.840402219630297,
  "avg_nnzero_per_gene": 36.639135254988915,
  "min_cell": 0,
  "max_cell": 6860,
  "total_counts": 3047113,
  "overdispersion": 132.80798134322282,
  "s_index": 768
}
