{
  "ncells": 429456,
  "ngenes": 63140,
  "nvals": 3563745,
  "density": 0.00013142662900757316,
  "avg_counts_per_cell": 12.404833091166498,
  "avg_counts_per_gene": 84.37329743427304,
  "avg_nnzero_per_cell": 8.298277355538168,
  "avg_nnzero_per_gene": 56.441954387076336,
  "min_cell": 0,
  "max_cell": 49045,
  "total_counts": 5327330,
  "overdispersion": 704.2622701984324,
  "s_index": 860
}
