{
  "ncells": 2834,
  "ngenes": 63140,
  "nvals": 1763020,
  "density": 0.009852644558395286,
  "avg_counts_per_cell": 1182.469301340861,
  "avg_counts_per_gene": 53.074406081723154,
  "avg_nnzero_per_cell": 622.0959774170783,
  "avg_nnzero_per_gene": 27.92239467849224,
  "min_cell": 105,
  "max_cell": 49114,
  "total_counts": 3351118,
  "overdispersion": 5.66184714823135,
  "s_index": 860
}
