{
	"numRecords": 69560440,
	"numReads": 104521718,
	"numBarcodes": 1881974,
	"medianReadsPerBarcode": 2.000000,
	"meanReadsPerBarcode": 55.538343,
	"numUMIs": 1048576,
	"numBarcodeUMIs": 57577206,
	"medianUMIsPerBarcode": 1.000000,
	"meanUMIsPerBarcode": 30.594050,
	"gtRecords": 36340936,
	"numTargets": 182914,
	"medianTargetsPerSet": 4.000000,
	"meanTargetsPerSet": 5.019302,
	"numSingleton": 20992959,
	"gtTargets": 6872,
	"numBarcodesOnWhitelist": 26619,
	"percentageBarcodesOnWhitelist": 1.414419,
	"numReadsOnWhitelist": 1472025,
	"percentageReadsOnWhitelist": 1.408344
}
