{
  "ncells": 630560,
  "ngenes": 63140,
  "nvals": 34599011,
  "density": 0.0008690258391975332,
  "avg_counts_per_cell": 130.37305728241563,
  "avg_counts_per_gene": 1301.9961197339246,
  "avg_nnzero_per_cell": 54.87029148693225,
  "avg_nnzero_per_gene": 547.9729331643965,
  "min_cell": 0,
  "max_cell": 48130,
  "total_counts": 82208035,
  "overdispersion": 48.64479702849501,
  "s_index": 3970
}
