{
  "ncells": 9599,
  "ngenes": 63140,
  "nvals": 15235785,
  "density": 0.02513820515632188,
  "avg_counts_per_cell": 5494.293363892072,
  "avg_counts_per_gene": 835.2822616407982,
  "avg_nnzero_per_cell": 1587.2262735701636,
  "avg_nnzero_per_gene": 241.30163129553372,
  "min_cell": 512,
  "max_cell": 48130,
  "total_counts": 52739722,
  "overdispersion": 1.2910956233416238,
  "s_index": 3970
}
