{
  "ncells": 5044,
  "ngenes": 63140,
  "nvals": 3892941,
  "density": 0.012223572881732299,
  "avg_counts_per_cell": 1873.4470658207772,
  "avg_counts_per_gene": 149.66213177066837,
  "avg_nnzero_per_cell": 771.7963917525773,
  "avg_nnzero_per_gene": 61.655701615457716,
  "min_cell": 146,
  "max_cell": 12481,
  "total_counts": 9449667,
  "overdispersion": 5.788399479033212,
  "s_index": 1980
}
