{
  "ncells": 297173,
  "ngenes": 63140,
  "nvals": 13501052,
  "density": 0.0007195379157986469,
  "avg_counts_per_cell": 69.99678974873223,
  "avg_counts_per_gene": 329.44497941083307,
  "avg_nnzero_per_cell": 45.431624003526565,
  "avg_nnzero_per_gene": 213.8272410516313,
  "min_cell": 0,
  "max_cell": 12481,
  "total_counts": 20801156,
  "overdispersion": 80.86360075536899,
  "s_index": 1980
}
