{
  "ncells": 6692,
  "ngenes": 63140,
  "nvals": 6243561,
  "density": 0.014776509226926908,
  "avg_counts_per_cell": 3113.1785714285716,
  "avg_counts_per_gene": 329.9555115616091,
  "avg_nnzero_per_cell": 932.988792588165,
  "avg_nnzero_per_gene": 98.88439974659487,
  "min_cell": 134,
  "max_cell": 44307,
  "total_counts": 20833391,
  "overdispersion": 18.305667892514926,
  "s_index": 2753
}
