{
  "ncells": 315703,
  "ngenes": 63140,
  "nvals": 7847043,
  "density": 0.00039366132150698196,
  "avg_counts_per_cell": 71.96039632185946,
  "avg_counts_per_gene": 359.8054006968641,
  "avg_nnzero_per_cell": 24.85577583995084,
  "avg_nnzero_per_gene": 124.28006018371872,
  "min_cell": 0,
  "max_cell": 44307,
  "total_counts": 22718113,
  "overdispersion": 807.7577576447561,
  "s_index": 2753
}
