{
  "ncells": 4476,
  "ngenes": 63140,
  "nvals": 8366552,
  "density": 0.029604099773458303,
  "avg_counts_per_cell": 8449.946604110813,
  "avg_counts_per_gene": 599.0174374406082,
  "avg_nnzero_per_cell": 1869.2028596961572,
  "avg_nnzero_per_gene": 132.50795058599937,
  "min_cell": 0,
  "max_cell": 75790,
  "total_counts": 37821961,
  "overdispersion": 7.4659116992278864,
  "s_index": 2575
}
