{
  "ncells": 383966,
  "ngenes": 63140,
  "nvals": 11997878,
  "density": 0.000494888195139348,
  "avg_counts_per_cell": 111.49080647765688,
  "avg_counts_per_gene": 677.9961830852075,
  "avg_nnzero_per_cell": 31.24724064109843,
  "avg_nnzero_per_gene": 190.02024073487487,
  "min_cell": 0,
  "max_cell": 75790,
  "total_counts": 42808679,
  "overdispersion": 534.4545292338703,
  "s_index": 2575
}
