{"ncells": 3001, "ngenes": 60623, "nvals": 3897362, "density": 0.02142236066745436, "avg_counts_per_cell": 5707.0843052315895, "avg_counts_per_gene": 282.5158768124309, "avg_nnzero_per_cell": 1298.6877707430856, "avg_nnzero_per_gene": 64.28850436303053, "min_cell": 106, "max_cell": 127170, "total_counts": 17126960, "overdispersion": 4.556890656131776, "s_index": 901}