{"ncells": 4916, "ngenes": 60623, "nvals": 1989523, "density": 0.006675743873281478, "avg_per_cell": 779.3852725793328, "avg_per_gene": 63.20139221087706, "min_cell": 6, "max_cell": 5354, "total_count": 3831458, "overdispersion": 0.847303235974644, "s_index": 1270}