{
  "ncells": 1865,
  "ngenes": 63140,
  "nvals": 1456436,
  "density": 0.012368242494444024,
  "avg_counts_per_cell": 1818.149597855228,
  "avg_counts_per_gene": 53.703658536585365,
  "avg_nnzero_per_cell": 780.9308310991958,
  "avg_nnzero_per_gene": 23.066772252138104,
  "min_cell": 130,
  "max_cell": 10230,
  "total_counts": 3390849,
  "overdispersion": 0.9577271537484842,
  "s_index": 1202
}
