{
  "ncells": 327656,
  "ngenes": 63140,
  "nvals": 2852761,
  "density": 0.00013789314788444155,
  "avg_counts_per_cell": 14.931666137656567,
  "avg_counts_per_gene": 77.48574596135572,
  "avg_nnzero_per_cell": 8.70657335742364,
  "avg_nnzero_per_gene": 45.18151726322458,
  "min_cell": 0,
  "max_cell": 10230,
  "total_counts": 4892450,
  "overdispersion": 306.0379230432805,
  "s_index": 1202
}
