{
  "ncells": 3719,
  "ngenes": 60623,
  "nvals": 2826297,
  "density": 0.012535861781888752,
  "avg_per_cell": 1902.0282333960743,
  "avg_per_gene": 116.68249674216057,
  "min_cell": 29,
  "max_cell": 11089,
  "total_counts": 7073643,
  "overdispersion": 1.553132617618812
}
