{"ncells": 4936, "ngenes": 60623, "nvals": 2856591, "density": 0.00954630901489614, "avg_per_cell": 1439.6930713128038, "avg_per_gene": 117.22159906306187, "min_cell": 26, "max_cell": 11089, "total_count": 7106325, "overdispersion": 2.37377797690205, "s_index": 1518}