{
  "ncells": 563,
  "ngenes": 63140,
  "nvals": 1000377,
  "density": 0.028141725709199608,
  "avg_counts_per_cell": 54695.699822380106,
  "avg_counts_per_gene": 487.70476718403546,
  "avg_nnzero_per_cell": 1776.8685612788631,
  "avg_nnzero_per_gene": 15.84379157427938,
  "min_cell": 1,
  "max_cell": 522380,
  "total_counts": 30793679,
  "overdispersion": 2.6984672378771526,
  "s_index": 559
}
