{
  "ncells": 113608,
  "ngenes": 63140,
  "nvals": 1764249,
  "density": 0.0002459497514272942,
  "avg_counts_per_cell": 298.227985705232,
  "avg_counts_per_gene": 536.6025498891353,
  "avg_nnzero_per_cell": 15.529267305119358,
  "avg_nnzero_per_gene": 27.941859360152044,
  "min_cell": 0,
  "max_cell": 522380,
  "total_counts": 33881085,
  "overdispersion": 641.0725676874597,
  "s_index": 622
}
