{"ncells": 6473, "ngenes": 60623, "nvals": 14110039, "density": 0.03595714347445945, "avg_per_cell": 7929.514290128225, "avg_per_gene": 846.6711644095475, "min_cell": 176, "max_cell": 50135, "total_count": 51327746, "overdispersion": 0.967726716732267, "s_index": 4078}