{"ncells": 12589, "ngenes": 60623, "nvals": 22787775, "density": 0.02985886292346624, "avg_counts_per_cell": 4050.440463897053, "avg_counts_per_gene": 841.1163254870264, "avg_nnzero_per_cell": 1810.1338470092937, "avg_nnzero_per_gene": 375.89322534351646, "min_cell": 208, "max_cell": 33860, "total_counts": 50990995, "overdispersion": 1.6028763594038011, "s_index": 4219}