{
  "ncells": 1849,
  "ngenes": 63140,
  "nvals": 2376300,
  "density": 0.020354469100660185,
  "avg_counts_per_cell": 4976.240670632775,
  "avg_counts_per_gene": 145.72488121634464,
  "avg_nnzero_per_cell": 1285.1811790156842,
  "avg_nnzero_per_gene": 37.635413367120684,
  "min_cell": 300,
  "max_cell": 116089,
  "total_counts": 9201069,
  "overdispersion": 3.5987959728535204,
  "s_index": 1241
}
