{
  "ncells": 282242,
  "ngenes": 63140,
  "nvals": 3663197,
  "density": 0.00020555784515738617,
  "avg_counts_per_cell": 38.358600066609505,
  "avg_counts_per_gene": 171.46670890085525,
  "avg_nnzero_per_cell": 12.978922343237363,
  "avg_nnzero_per_gene": 58.017057332910994,
  "min_cell": 0,
  "max_cell": 116089,
  "total_counts": 10826408,
  "overdispersion": 575.984913282883,
  "s_index": 1242
}
