{
	"numRecords": 119844180,
	"numReads": 215616751,
	"numBarcodes": 1242581,
	"medianReadsPerBarcode": 2.000000,
	"meanReadsPerBarcode": 173.523296,
	"numUMIs": 1048576,
	"numBarcodeUMIs": 80685513,
	"medianUMIsPerBarcode": 1.000000,
	"meanUMIsPerBarcode": 64.933806,
	"gtRecords": 54503266,
	"numBarcodesOnWhitelist": 357577,
	"percentageBarcodesOnWhitelist": 28.776957,
	"numReadsOnWhitelist": 210108364,
	"percentageReadsOnWhitelist": 97.445288
}
