{
  "ncells": 1502,
  "ngenes": 60623,
  "nvals": 363913,
  "density": 0.0039965956678889875,
  "avg_per_cell": 373.65912117177095,
  "avg_per_gene": 9.257806443099154,
  "min_cell": 131,
  "max_cell": 1249,
  "total_counts": 561236,
  "overdispersion": 0.4158722575767865
}
