{
  "ncells": 158125,
  "ngenes": 63140,
  "nvals": 1250237,
  "density": 0.00012522390171286344,
  "avg_counts_per_cell": 11.502912252964427,
  "avg_counts_per_gene": 28.807380424453594,
  "avg_nnzero_per_cell": 7.906637154150197,
  "avg_nnzero_per_gene": 19.80102945834653,
  "min_cell": 0,
  "max_cell": 13367,
  "total_counts": 1818898,
  "overdispersion": 90.89521072526357,
  "s_index": 396
}
