{
  "ncells": 579,
  "ngenes": 63140,
  "nvals": 261587,
  "density": 0.007155385159934635,
  "avg_counts_per_cell": 1129.4145077720207,
  "avg_counts_per_gene": 10.356841938549255,
  "avg_nnzero_per_cell": 451.7910189982729,
  "avg_nnzero_per_gene": 4.142968007602154,
  "min_cell": 20,
  "max_cell": 13367,
  "total_counts": 653931,
  "overdispersion": 5.533980374726978,
  "s_index": 396
}
