{
  "ncells": 5802,
  "ngenes": 60623,
  "nvals": 12838912,
  "density": 0.0365016984991578,
  "avg_per_cell": 9412.706825232679,
  "avg_per_gene": 900.8548735628392,
  "min_cell": 1592,
  "max_cell": 109990,
  "total_counts": 54612525,
  "overdispersion": 1.7638866291663207
}
