{"ncells": 22077, "ngenes": 60623, "nvals": 19419570, "density": 0.014509823428118657, "avg_per_cell": 3075.405897540427, "avg_per_gene": 1119.9666133315739, "min_cell": 234, "max_cell": 109990, "total_count": 67895736, "overdispersion": 4.119481403102314, "s_index": 3256}