{"ncells": 9200, "ngenes": 60623, "nvals": 11280911, "density": 0.02022641535821173, "avg_counts_per_cell": 3515.7427173913043, "avg_counts_per_gene": 533.5406198967389, "avg_nnzero_per_cell": 1226.1859782608697, "avg_nnzero_per_gene": 186.0830212955479, "min_cell": 154, "max_cell": 44737, "total_counts": 32344833, "overdispersion": 2.6134932446360297, "s_index": 3577}