{
  "ncells": 2305,
  "ngenes": 60623,
  "nvals": 1112365,
  "density": 0.007960474613506045,
  "avg_per_cell": 967.280694143167,
  "avg_per_gene": 36.77782359830427,
  "min_cell": 4,
  "max_cell": 4645,
  "total_counts": 2229582,
  "overdispersion": 1.6999296307215774
}
