{"ncells": 2744, "ngenes": 60623, "nvals": 1170265, "density": 0.007034977054816969, "avg_per_cell": 846.3491253644315, "avg_per_gene": 38.308595747488575, "min_cell": 108, "max_cell": 4645, "total_count": 2322382, "overdispersion": 1.9395850574702873, "s_index": 963}