{
	"numRecords": 150957740,
	"numReads": 427530097,
	"numBarcodes": 4560726,
	"medianReadsPerBarcode": 3.000000,
	"meanReadsPerBarcode": 93.741676,
	"numUMIs": 1048576,
	"numBarcodeUMIs": 89269420,
	"medianUMIsPerBarcode": 1.000000,
	"meanUMIsPerBarcode": 19.573511,
	"gtRecords": 51684158,
	"numTargets": 186497,
	"medianTargetsPerSet": 3.000000,
	"meanTargetsPerSet": 4.095573,
	"numSingleton": 140319396,
	"gtTargets": 4993,
	"numBarcodesOnWhitelist": 459459,
	"percentageBarcodesOnWhitelist": 10.074251,
	"numReadsOnWhitelist": 376476838,
	"percentageReadsOnWhitelist": 88.058558
}
