{
  "ncells": 70841,
  "ngenes": 60623,
  "nvals": 27802591,
  "density": 0.006473857917421275,
  "avg_per_cell": 989.0125068816081,
  "avg_per_gene": 1155.7104564274284,
  "min_cell": 81,
  "max_cell": 36591,
  "total_counts": 70062635,
  "overdispersion": 3.381841830253086
}
