{"ncells": 14188, "ngenes": 60623, "nvals": 20324805, "density": 0.02363022101575781, "avg_counts_per_cell": 4114.980405976882, "avg_counts_per_gene": 963.0559688567046, "avg_nnzero_per_cell": 1432.5348886382858, "avg_nnzero_per_gene": 335.26557577157183, "min_cell": 475, "max_cell": 36591, "total_counts": 58383342, "overdispersion": 2.066261347109047, "s_index": 4614}