{
  "ncells": 1155,
  "ngenes": 63140,
  "nvals": 961638,
  "density": 0.013186363842049619,
  "avg_counts_per_cell": 1957.7454545454545,
  "avg_counts_per_gene": 35.81241685144124,
  "avg_nnzero_per_cell": 832.5870129870129,
  "avg_nnzero_per_gene": 15.230250237567311,
  "min_cell": 172,
  "max_cell": 9957,
  "total_counts": 2261196,
  "overdispersion": 0.36050686999107234,
  "s_index": 976
}
