{
  "ncells": 113997,
  "ngenes": 63140,
  "nvals": 1631571,
  "density": 0.00022667727206164995,
  "avg_counts_per_cell": 26.19691746274025,
  "avg_counts_per_gene": 47.297592651251186,
  "avg_nnzero_per_cell": 14.312402957972578,
  "avg_nnzero_per_gene": 25.84052898321191,
  "min_cell": 0,
  "max_cell": 9957,
  "total_counts": 2986370,
  "overdispersion": 105.38770097254363,
  "s_index": 976
}
