{
	"numRecords": 81583866,
	"numReads": 286903716,
	"numBarcodes": 1160180,
	"medianReadsPerBarcode": 8.000000,
	"meanReadsPerBarcode": 247.292417,
	"numUMIs": 1048529,
	"numBarcodeUMIs": 26009200,
	"medianUMIsPerBarcode": 1.000000,
	"meanUMIsPerBarcode": 22.418245,
	"gtRecords": 27292146,
	"numTargets": 165553,
	"medianTargetsPerSet": 4.000000,
	"meanTargetsPerSet": 4.806543,
	"numSingleton": 67844972,
	"gtTargets": 5145,
	"numBarcodesOnWhitelist": 164073,
	"percentageBarcodesOnWhitelist": 14.142030,
	"numReadsOnWhitelist": 260541702,
	"percentageReadsOnWhitelist": 90.811547
}
