{
	"numRecords": 37483867,
	"numReads": 351649411,
	"numBarcodes": 924583,
	"medianReadsPerBarcode": 2.000000,
	"meanReadsPerBarcode": 380.332984,
	"numUMIs": 1047263,
	"numBarcodeUMIs": 19807190,
	"medianUMIsPerBarcode": 1.000000,
	"meanUMIsPerBarcode": 21.422836,
	"gtRecords": 14664407,
	"numBarcodesOnWhitelist": 194114,
	"percentageBarcodesOnWhitelist": 20.994762,
	"numReadsOnWhitelist": 339527229,
	"percentageReadsOnWhitelist": 96.552765
}
