{
  "ncells": 3151,
  "ngenes": 60623,
  "nvals": 2574709,
  "density": 0.013478523612694682,
  "avg_per_cell": 2897.0783878133925,
  "avg_per_gene": 150.58136350889927,
  "min_cell": 219,
  "max_cell": 43978,
  "total_counts": 9128694,
  "overdispersion": 29.690310835246766
}
