{"ncells": 4684, "ngenes": 60623, "nvals": 2738342, "density": 0.009643470960711912, "avg_per_cell": 2015.847779675491, "avg_per_gene": 155.7532784586708, "min_cell": 111, "max_cell": 43978, "total_count": 9442231, "overdispersion": 34.9848351563252, "s_index": 1526}