{
	"numRecords": 65254707,
	"numReads": 105293549,
	"numBarcodes": 1530876,
	"medianReadsPerBarcode": 3.000000,
	"meanReadsPerBarcode": 68.779933,
	"numUMIs": 1048573,
	"numBarcodeUMIs": 41872461,
	"medianUMIsPerBarcode": 1.000000,
	"meanUMIsPerBarcode": 27.351961,
	"gtRecords": 32826363,
	"numTargets": 187795,
	"medianTargetsPerSet": 4.000000,
	"meanTargetsPerSet": 4.791345,
	"numSingleton": 23049752,
	"gtTargets": 6391,
	"numBarcodesOnWhitelist": 208741,
	"percentageBarcodesOnWhitelist": 13.635396,
	"numReadsOnWhitelist": 97211497,
	"percentageReadsOnWhitelist": 92.324267
}
