{
  "ncells": 1215,
  "ngenes": 60623,
  "nvals": 1291317,
  "density": 0.017531503648433967,
  "avg_per_cell": 3474.7201646090534,
  "avg_per_gene": 69.63998812331953,
  "min_cell": 364,
  "max_cell": 58505,
  "total_counts": 4221785,
  "overdispersion": 0.5278810378451977
}
