{"ncells": 941, "ngenes": 60623, "nvals": 1203488, "density": 0.021096709208352247, "avg_counts_per_cell": 4276.0818278427205, "avg_counts_per_gene": 66.3740329577883, "avg_nnzero_per_cell": 1278.9458023379384, "avg_nnzero_per_gene": 19.852003365059467, "min_cell": 1090, "max_cell": 58505, "total_counts": 4023793, "overdispersion": 0.4183277784540008, "s_index": 941}