{
  "ncells": 4856,
  "ngenes": 60623,
  "nvals": 404352,
  "density": 0.0013735469008899657,
  "avg_per_cell": 136.48455518945633,
  "avg_per_gene": 10.932632829124259,
  "min_cell": 21,
  "max_cell": 2211,
  "total_counts": 662769,
  "overdispersion": 4.697269975626865
}
