{"ncells": 2021, "ngenes": 60623, "nvals": 296143, "density": 0.002417117339998374, "avg_counts_per_cell": 241.98861949529936, "avg_counts_per_gene": 8.067218712369893, "avg_nnzero_per_cell": 146.53290450272144, "avg_nnzero_per_gene": 4.884994144136714, "min_cell": 113, "max_cell": 2211, "total_counts": 489059, "overdispersion": 4.188434763700103, "s_index": 339}