{
	"numRecords": 93873700,
	"numReads": 172710795,
	"numBarcodes": 1369534,
	"medianReadsPerBarcode": 2.000000,
	"meanReadsPerBarcode": 126.109169,
	"numUMIs": 1048576,
	"numBarcodeUMIs": 62556206,
	"medianUMIsPerBarcode": 1.000000,
	"meanUMIsPerBarcode": 45.677001,
	"gtRecords": 43732246,
	"numTargets": 188017,
	"medianTargetsPerSet": 4.000000,
	"meanTargetsPerSet": 4.764204,
	"numSingleton": 32625122,
	"gtTargets": 6397,
	"numBarcodesOnWhitelist": 372196,
	"percentageBarcodesOnWhitelist": 27.176835,
	"numReadsOnWhitelist": 167148037,
	"percentageReadsOnWhitelist": 96.779149
}
