{"ncells": 7564, "ngenes": 60623, "nvals": 15956527, "density": 0.034797610860466774, "avg_counts_per_cell": 6260.02921734532, "avg_counts_per_gene": 781.070897184237, "avg_nnzero_per_cell": 2109.535563194077, "avg_nnzero_per_gene": 263.2091285485707, "min_cell": 383, "max_cell": 40359, "total_counts": 47350861, "overdispersion": 2.294518010060964, "s_index": 4354}