{
	"numRecords": 5227808,
	"numReads": 8559391,
	"numBarcodes": 1069922,
	"medianReadsPerBarcode": 1.000000,
	"meanReadsPerBarcode": 8.000014,
	"numUMIs": 1012045,
	"numBarcodeUMIs": 4779345,
	"medianUMIsPerBarcode": 1.000000,
	"meanUMIsPerBarcode": 4.467003,
	"gtRecords": 2924522,
	"numBarcodesOnWhitelist": 136505,
	"percentageBarcodesOnWhitelist": 12.758407,
	"numReadsOnWhitelist": 5789171,
	"percentageReadsOnWhitelist": 67.635314
}
