{
	"numRecords": 38014774,
	"numReads": 82004838,
	"numBarcodes": 725627,
	"medianReadsPerBarcode": 3.000000,
	"meanReadsPerBarcode": 113.012385,
	"numUMIs": 1048235,
	"numBarcodeUMIs": 23389928,
	"medianUMIsPerBarcode": 1.000000,
	"meanUMIsPerBarcode": 32.234093,
	"gtRecords": 16661374,
	"numTargets": 173260,
	"medianTargetsPerSet": 4.000000,
	"meanTargetsPerSet": 4.801697,
	"numSingleton": 14414164,
	"gtTargets": 8002,
	"numBarcodesOnWhitelist": 252298,
	"percentageBarcodesOnWhitelist": 34.769654,
	"numReadsOnWhitelist": 79266396,
	"percentageReadsOnWhitelist": 96.660634
}
