{
  "ncells": 9683,
  "ngenes": 60623,
  "nvals": 2757090,
  "density": 0.004696816435303596,
  "avg_per_cell": 1007.2195600537024,
  "avg_per_gene": 160.87800009897234,
  "min_cell": 78,
  "max_cell": 97238,
  "total_counts": 9752907,
  "overdispersion": 23.049821306721096
}
