{
  "ncells": 148917,
  "ngenes": 63140,
  "nvals": 1777570,
  "density": 0.00018905051115660496,
  "avg_counts_per_cell": 25.80264845517973,
  "avg_counts_per_gene": 60.856081723154894,
  "avg_nnzero_per_cell": 11.936649274428037,
  "avg_nnzero_per_gene": 28.15283496990814,
  "min_cell": 0,
  "max_cell": 13375,
  "total_counts": 3842453,
  "overdispersion": 144.7531727341543,
  "s_index": 930
}
