{
  "ncells": 943,
  "ngenes": 63140,
  "nvals": 1077607,
  "density": 0.018098564653410372,
  "avg_counts_per_cell": 3308.0615058324497,
  "avg_counts_per_gene": 49.40611339879633,
  "avg_nnzero_per_cell": 1142.743372216331,
  "avg_nnzero_per_gene": 17.06694646816598,
  "min_cell": 284,
  "max_cell": 13375,
  "total_counts": 3119502,
  "overdispersion": 0.11548047313621558,
  "s_index": 930
}
