{
  "ncells": 324592,
  "ngenes": 63140,
  "nvals": 5783517,
  "density": 0.0002821952030647194,
  "avg_counts_per_cell": 47.33037474737517,
  "avg_counts_per_gene": 243.31740576496674,
  "avg_nnzero_per_cell": 17.81780512150638,
  "avg_nnzero_per_gene": 91.5983053531834,
  "min_cell": 0,
  "max_cell": 40309,
  "total_counts": 15363061,
  "overdispersion": 147.06896051303482,
  "s_index": 2386
}
