{
  "ncells": 2825,
  "ngenes": 63140,
  "nvals": 4355311,
  "density": 0.024417215851275854,
  "avg_counts_per_cell": 4836.002123893805,
  "avg_counts_per_gene": 216.3716503009186,
  "avg_nnzero_per_cell": 1541.7030088495576,
  "avg_nnzero_per_gene": 68.97863477985429,
  "min_cell": 414,
  "max_cell": 40309,
  "total_counts": 13661706,
  "overdispersion": 0.46252454781464664,
  "s_index": 2386
}
