{
  "ncells": 176984,
  "ngenes": 63140,
  "nvals": 2669232,
  "density": 0.00023886237097738648,
  "avg_counts_per_cell": 27.453786782986032,
  "avg_counts_per_gene": 76.9540861577447,
  "avg_nnzero_per_cell": 15.081770103512183,
  "avg_nnzero_per_gene": 42.27481786506177,
  "min_cell": 0,
  "max_cell": 47083,
  "total_counts": 4858881,
  "overdispersion": 254.65022280583486,
  "s_index": 465
}
