{
  "ncells": 2043,
  "ngenes": 63140,
  "nvals": 877615,
  "density": 0.0068034797002240865,
  "avg_counts_per_cell": 1434.603524229075,
  "avg_counts_per_gene": 46.41898954703833,
  "avg_nnzero_per_cell": 429.5717082721488,
  "avg_nnzero_per_gene": 13.899509027557809,
  "min_cell": 13,
  "max_cell": 47083,
  "total_counts": 2930895,
  "overdispersion": 6.421419886068315,
  "s_index": 465
}
