{
  "ncells": 2848,
  "ngenes": 60623,
  "nvals": 3628926,
  "density": 0.021018450834564772,
  "avg_per_cell": 2881.4575140449438,
  "avg_per_gene": 135.36761625125777,
  "min_cell": 1557,
  "max_cell": 11872,
  "total_counts": 8206391,
  "overdispersion": 0.16294454593343485
}
