{
	"numRecords": 128000615,
	"numReads": 349509162,
	"numBarcodes": 3664953,
	"medianReadsPerBarcode": 4.000000,
	"meanReadsPerBarcode": 95.365251,
	"numUMIs": 1048576,
	"numBarcodeUMIs": 76757742,
	"medianUMIsPerBarcode": 1.000000,
	"meanUMIsPerBarcode": 20.943718,
	"gtRecords": 45759321,
	"numTargets": 187090,
	"medianTargetsPerSet": 3.000000,
	"meanTargetsPerSet": 4.040714,
	"numSingleton": 117126364,
	"gtTargets": 5844,
	"numBarcodesOnWhitelist": 432905,
	"percentageBarcodesOnWhitelist": 11.812021,
	"numReadsOnWhitelist": 311989292,
	"percentageReadsOnWhitelist": 89.264982
}
