{"ncells": 14992, "ngenes": 60623, "nvals": 21216502, "density": 0.023344081185765357, "avg_counts_per_cell": 3934.6873665955177, "avg_counts_per_gene": 973.0437787638355, "avg_nnzero_per_cell": 1415.1882337246532, "avg_nnzero_per_gene": 349.9744651369942, "min_cell": 209, "max_cell": 44131, "total_counts": 58988833, "overdispersion": 1.6481261287972366, "s_index": 4653}