{
	"numRecords": 84559770,
	"numReads": 277733074,
	"numBarcodes": 4048191,
	"medianReadsPerBarcode": 2.000000,
	"meanReadsPerBarcode": 68.606712,
	"numUMIs": 1048575,
	"numBarcodeUMIs": 46500952,
	"medianUMIsPerBarcode": 1.000000,
	"meanUMIsPerBarcode": 11.486847,
	"gtRecords": 29209730,
	"numTargets": 186053,
	"medianTargetsPerSet": 2.000000,
	"meanTargetsPerSet": 3.735348,
	"numSingleton": 105104301,
	"gtTargets": 7095,
	"numBarcodesOnWhitelist": 211473,
	"percentageBarcodesOnWhitelist": 5.223889,
	"numReadsOnWhitelist": 248144750,
	"percentageReadsOnWhitelist": 89.346489
}
