{
  "ncells": 2513,
  "ngenes": 63140,
  "nvals": 2442617,
  "density": 0.015394241991060487,
  "avg_counts_per_cell": 4152.134898527656,
  "avg_counts_per_gene": 165.25681026290783,
  "avg_nnzero_per_cell": 971.9924393155591,
  "avg_nnzero_per_gene": 38.685730123535,
  "min_cell": 6,
  "max_cell": 42036,
  "total_counts": 10434315,
  "overdispersion": 3.670665597628253,
  "s_index": 1705
}
