{
  "ncells": 179452,
  "ngenes": 63140,
  "nvals": 2835426,
  "density": 0.00025024501616652354,
  "avg_counts_per_cell": 61.38220805563605,
  "avg_counts_per_gene": 174.45612923661704,
  "avg_nnzero_per_cell": 15.800470320754297,
  "avg_nnzero_per_gene": 44.906968641114986,
  "min_cell": 0,
  "max_cell": 42036,
  "total_counts": 11015160,
  "overdispersion": 278.47283781307544,
  "s_index": 1705
}
