{"ncells": 6733, "ngenes": 60623, "nvals": 15166413, "density": 0.03715667463814798, "avg_per_cell": 6770.561413931383, "avg_per_gene": 751.961961631724, "min_cell": 69, "max_cell": 114380, "total_count": 45586190, "overdispersion": 0.9278286319226736, "s_index": 4327}