{
  "ncells": 310148,
  "ngenes": 63140,
  "nvals": 11491864,
  "density": 0.0005868362256830768,
  "avg_counts_per_cell": 86.24340959799838,
  "avg_counts_per_gene": 423.6335286664555,
  "avg_nnzero_per_cell": 37.05283928962947,
  "avg_nnzero_per_gene": 182.0060817231549,
  "min_cell": 0,
  "max_cell": 54390,
  "total_counts": 26748221,
  "overdispersion": 111.7148469830823,
  "s_index": 2853
}
