{
  "ncells": 8656,
  "ngenes": 63140,
  "nvals": 9085409,
  "density": 0.016623507263441216,
  "avg_counts_per_cell": 2754.801871534196,
  "avg_counts_per_gene": 377.6617833386126,
  "avg_nnzero_per_cell": 1049.6082486136784,
  "avg_nnzero_per_gene": 143.89307887234716,
  "min_cell": 162,
  "max_cell": 54390,
  "total_counts": 23845565,
  "overdispersion": 2.8699152593667336,
  "s_index": 2853
}
