{
	"numRecords": 109025412,
	"numReads": 222691640,
	"numBarcodes": 1157547,
	"medianReadsPerBarcode": 3.000000,
	"meanReadsPerBarcode": 192.382374,
	"numUMIs": 1048576,
	"numBarcodeUMIs": 68760573,
	"medianUMIsPerBarcode": 1.000000,
	"meanUMIsPerBarcode": 59.401971,
	"gtRecords": 44152836,
	"numBarcodesOnWhitelist": 359134,
	"percentageBarcodesOnWhitelist": 31.025436,
	"numReadsOnWhitelist": 215733289,
	"percentageReadsOnWhitelist": 96.875343
}
