{"ncells": 10255, "ngenes": 60623, "nvals": 15270224, "density": 0.024562485930964842, "avg_counts_per_cell": 5279.338176499268, "avg_counts_per_gene": 893.0540059053494, "avg_nnzero_per_cell": 1489.0515845928815, "avg_nnzero_per_gene": 251.88829322204444, "min_cell": 66, "max_cell": 49189, "total_counts": 54139613, "overdispersion": 2.7952747896967476, "s_index": 4798}