{"ncells": 10255, "ngenes": 60623, "nvals": 15270224, "density": 0.024562485930964842, "avg_per_cell": 5279.338176499268, "avg_per_gene": 893.0540059053494, "min_cell": 66, "max_cell": 49189, "total_count": 54139613, "overdispersion": 2.7952747896967476, "s_index": 4798}