{
  "ncells": 71840,
  "ngenes": 60623,
  "nvals": 12314906,
  "density": 0.002827661074631645,
  "avg_per_cell": 437.4457683741648,
  "avg_per_gene": 518.3858271613084,
  "min_cell": 12,
  "max_cell": 53382,
  "total_counts": 31426104,
  "overdispersion": 23.745356181213882
}
