{"ncells": 8649, "ngenes": 60623, "nvals": 10143467, "density": 0.01934563989330296, "avg_per_cell": 3357.6515204069833, "avg_per_gene": 479.0315226894083, "min_cell": 93, "max_cell": 53382, "total_count": 29040328, "overdispersion": 2.214958668096557, "s_index": 2921}