{
  "ncells": 12947,
  "ngenes": 60623,
  "nvals": 13222986,
  "density": 0.016847015133526762,
  "avg_per_cell": 1987.374681393373,
  "avg_per_gene": 424.4352803391452,
  "min_cell": 164,
  "max_cell": 33799,
  "total_counts": 25730540,
  "overdispersion": 0.6388070046381277
}
