{"ncells": 5854, "ngenes": 60623, "nvals": 627724, "density": 0.0017687994367514832, "avg_counts_per_cell": 174.52237786129143, "avg_counts_per_gene": 16.852580703693317, "avg_nnzero_per_cell": 107.22992825418517, "avg_nnzero_per_gene": 10.354551902743184, "min_cell": 98, "max_cell": 3249, "total_counts": 1021654, "overdispersion": 1.894182096509745, "s_index": 315}