{
	"numRecords": 35522240,
	"numReads": 139283326,
	"numBarcodes": 651632,
	"medianReadsPerBarcode": 6.000000,
	"meanReadsPerBarcode": 213.745375,
	"numUMIs": 1048491,
	"numBarcodeUMIs": 16815131,
	"medianUMIsPerBarcode": 1.000000,
	"meanUMIsPerBarcode": 25.804643,
	"gtRecords": 10190856,
	"numBarcodesOnWhitelist": 294125,
	"percentageBarcodesOnWhitelist": 45.136672,
	"numReadsOnWhitelist": 135493977,
	"percentageReadsOnWhitelist": 97.279395
}
