{
  "ncells": 3167,
  "ngenes": 60623,
  "nvals": 3661191,
  "density": 0.019069394291223295,
  "avg_per_cell": 3716.63909062204,
  "avg_per_gene": 194.16056612176897,
  "min_cell": 363,
  "max_cell": 55248,
  "total_counts": 11770596,
  "overdispersion": 0.3168473625355277
}
