{"ncells": 6234, "ngenes": 60623, "nvals": 3879377, "density": 0.01026497189319512, "avg_per_cell": 1958.3540263073469, "avg_per_gene": 201.38196724015637, "min_cell": 38, "max_cell": 55248, "total_count": 12208379, "overdispersion": 1.4548305911243278, "s_index": 2368}