{"ncells": 6234, "ngenes": 60623, "nvals": 3879377, "density": 0.01026497189319512, "avg_counts_per_cell": 1958.3540263073469, "avg_counts_per_gene": 201.38196724015637, "avg_nnzero_per_cell": 622.2933910811678, "avg_nnzero_per_gene": 63.99183478217838, "min_cell": 38, "max_cell": 55248, "total_counts": 12208379, "overdispersion": 1.4548305911243278, "s_index": 2368}