{
	"numRecords": 87797489,
	"numReads": 216009649,
	"numBarcodes": 1184945,
	"medianReadsPerBarcode": 3.000000,
	"meanReadsPerBarcode": 182.295085,
	"numUMIs": 1048576,
	"numBarcodeUMIs": 54276331,
	"medianUMIsPerBarcode": 1.000000,
	"meanUMIsPerBarcode": 45.804937,
	"gtRecords": 33917949,
	"numTargets": 182723,
	"medianTargetsPerSet": 4.000000,
	"meanTargetsPerSet": 4.549619,
	"numSingleton": 46446615,
	"gtTargets": 6775,
	"numBarcodesOnWhitelist": 359250,
	"percentageBarcodesOnWhitelist": 30.317863,
	"numReadsOnWhitelist": 209999017,
	"percentageReadsOnWhitelist": 97.217424
}
