{
  "ncells": 5700,
  "ngenes": 60623,
  "nvals": 13989159,
  "density": 0.04048361877592055,
  "avg_per_cell": 6741.971754385965,
  "avg_per_gene": 633.9052669778797,
  "min_cell": 2209,
  "max_cell": 40376,
  "total_counts": 38429239,
  "overdispersion": 0.5734390651731895
}
