{"ncells": 12390, "ngenes": 60623, "nvals": 15606959, "density": 0.020778278306564407, "avg_per_cell": 3305.8937046004844, "avg_per_gene": 675.6515348959965, "min_cell": 65, "max_cell": 40376, "total_count": 40960023, "overdispersion": 2.11292551946001, "s_index": 4111}