{"ncells": 12390, "ngenes": 60623, "nvals": 15606959, "density": 0.020778278306564407, "avg_counts_per_cell": 3305.8937046004844, "avg_counts_per_gene": 675.6515348959965, "avg_nnzero_per_cell": 1259.6415657788539, "avg_nnzero_per_gene": 257.442868218333, "min_cell": 65, "max_cell": 40376, "total_counts": 40960023, "overdispersion": 2.11292551946001, "s_index": 4111}