{
  "ncells": 7170,
  "ngenes": 63140,
  "nvals": 4929552,
  "density": 0.010888892717650754,
  "avg_counts_per_cell": 3052.0885634588562,
  "avg_counts_per_gene": 346.5865536902122,
  "avg_nnzero_per_cell": 687.5246861924686,
  "avg_nnzero_per_gene": 78.0733607855559,
  "min_cell": 144,
  "max_cell": 43934,
  "total_counts": 21883475,
  "overdispersion": 3.633381821967905,
  "s_index": 2456
}
