{
  "ncells": 362100,
  "ngenes": 63140,
  "nvals": 6159063,
  "density": 0.00026939004576565954,
  "avg_counts_per_cell": 64.85051090858879,
  "avg_counts_per_gene": 371.9095660437124,
  "avg_nnzero_per_cell": 17.009287489643746,
  "avg_nnzero_per_gene": 97.54613557174532,
  "min_cell": 0,
  "max_cell": 43934,
  "total_counts": 23482370,
  "overdispersion": 210.12941937390787,
  "s_index": 2456
}
