{
  "ncells": 444654,
  "ngenes": 63140,
  "nvals": 15958623,
  "density": 0.0005684190627907349,
  "avg_counts_per_cell": 126.07288363536593,
  "avg_counts_per_gene": 887.8494140006335,
  "avg_nnzero_per_cell": 35.889979624607,
  "avg_nnzero_per_gene": 252.7498099461514,
  "min_cell": 0,
  "max_cell": 38047,
  "total_counts": 56058812,
  "overdispersion": 84.42143661782849,
  "s_index": 3791
}
