{
  "ncells": 16494,
  "ngenes": 63140,
  "nvals": 12968944,
  "density": 0.012453001694322263,
  "avg_counts_per_cell": 3094.9487086213167,
  "avg_counts_per_gene": 808.4904022806462,
  "avg_nnzero_per_cell": 786.2825269795077,
  "avg_nnzero_per_gene": 205.3998099461514,
  "min_cell": 2,
  "max_cell": 38047,
  "total_counts": 51048084,
  "overdispersion": 2.996019989605549,
  "s_index": 3791
}
