{
  "ncells": 4815,
  "ngenes": 63140,
  "nvals": 1281119,
  "density": 0.004213942479271862,
  "avg_counts_per_cell": 464.7079958463136,
  "avg_counts_per_gene": 35.43821666138739,
  "avg_nnzero_per_cell": 266.0683281412253,
  "avg_nnzero_per_gene": 20.290133037694012,
  "min_cell": 88,
  "max_cell": 12598,
  "total_counts": 2237569,
  "overdispersion": 1.5542225389432716,
  "s_index": 781
}
