{
  "ncells": 330004,
  "ngenes": 63140,
  "nvals": 3198880,
  "density": 0.00015352325405625572,
  "avg_counts_per_cell": 13.378046932764452,
  "avg_counts_per_gene": 69.9209534368071,
  "avg_nnzero_per_cell": 9.693458261111987,
  "avg_nnzero_per_gene": 50.66328793158061,
  "min_cell": 0,
  "max_cell": 12598,
  "total_counts": 4414809,
  "overdispersion": 88.4810145833685,
  "s_index": 781
}
