{
	"numRecords": 16206568,
	"numReads": 109906464,
	"numBarcodes": 487682,
	"medianReadsPerBarcode": 3.000000,
	"meanReadsPerBarcode": 225.365021,
	"numUMIs": 1023858,
	"numBarcodeUMIs": 7910646,
	"medianUMIsPerBarcode": 1.000000,
	"meanUMIsPerBarcode": 16.220910,
	"gtRecords": 5111128,
	"numBarcodesOnWhitelist": 172185,
	"percentageBarcodesOnWhitelist": 35.306819,
	"numReadsOnWhitelist": 105782311,
	"percentageReadsOnWhitelist": 96.247579
}
