{
  "ncells": 377112,
  "ngenes": 63140,
  "nvals": 1473453,
  "density": 0.00006188157482991805,
  "avg_counts_per_cell": 5.288200852797047,
  "avg_counts_per_gene": 31.58447893569845,
  "avg_nnzero_per_cell": 3.907202634761026,
  "avg_nnzero_per_gene": 23.336284447260056,
  "min_cell": 0,
  "max_cell": 1091,
  "total_counts": 1994244,
  "overdispersion": 2.2927216553268908,
  "s_index": 116
}
