{
  "ncells": 65548,
  "ngenes": 63140,
  "nvals": 621993,
  "density": 0.00015028702051207994,
  "avg_counts_per_cell": 14.356578385305426,
  "avg_counts_per_gene": 14.90410199556541,
  "avg_nnzero_per_cell": 9.489122475132728,
  "avg_nnzero_per_gene": 9.851013620525816,
  "min_cell": 0,
  "max_cell": 1091,
  "total_counts": 941045,
  "overdispersion": 0.6223191654336575,
  "s_index": 97
}
