{"ncells": 3769, "ngenes": 60623, "nvals": 8697200, "density": 0.03806412891889633, "avg_counts_per_cell": 4800.8959936322635, "avg_counts_per_gene": 298.47709615162563, "avg_nnzero_per_cell": 2307.561687450252, "avg_nnzero_per_gene": 143.46370189532027, "min_cell": 1504, "max_cell": 29452, "total_counts": 18094577, "overdispersion": 0.3236335573432303, "s_index": 3042}