{
  "ncells": 121,
  "ngenes": 60623,
  "nvals": 46560,
  "density": 0.006347316834035796,
  "avg_per_cell": 980.9173553719008,
  "avg_per_gene": 1.9578542797288159,
  "min_cell": 245,
  "max_cell": 16551,
  "total_counts": 118691,
  "overdispersion": 1.5180279505500895
}
