{"ncells": 539, "ngenes": 60623, "nvals": 64764, "density": 0.001982017454692842, "avg_counts_per_cell": 282.1669758812616, "avg_counts_per_gene": 2.50875080415024, "avg_nnzero_per_cell": 120.15584415584415, "avg_nnzero_per_gene": 1.0683074080794417, "min_cell": 21, "max_cell": 16551, "total_counts": 152088, "overdispersion": 3.67082356336902, "s_index": 174}