{"ncells": 539, "ngenes": 60623, "nvals": 64764, "density": 0.001982017454692842, "avg_per_cell": 282.1669758812616, "avg_per_gene": 2.50875080415024, "min_cell": 21, "max_cell": 16551, "total_count": 152088, "overdispersion": 3.67082356336902, "s_index": 174}