{
  "ncells": 394051,
  "ngenes": 63140,
  "nvals": 6141627,
  "density": 0.0002468461882592442,
  "avg_counts_per_cell": 41.53714620696306,
  "avg_counts_per_gene": 259.2295533734558,
  "avg_nnzero_per_cell": 15.585868326688677,
  "avg_nnzero_per_gene": 97.26998732974343,
  "min_cell": 0,
  "max_cell": 20574,
  "total_counts": 16367754,
  "overdispersion": 90.59151677193933,
  "s_index": 2629
}
