{
  "ncells": 5102,
  "ngenes": 63140,
  "nvals": 4524027,
  "density": 0.014043655143032718,
  "avg_counts_per_cell": 2868.6830654645237,
  "avg_counts_per_gene": 231.802676591701,
  "avg_nnzero_per_cell": 886.7163857310859,
  "avg_nnzero_per_gene": 71.65072853975293,
  "min_cell": 131,
  "max_cell": 20574,
  "total_counts": 14636021,
  "overdispersion": 0.35473955225259235,
  "s_index": 2629
}
