{"ncells": 982, "ngenes": 60623, "nvals": 785847, "density": 0.013200460674907351, "avg_per_cell": 2088.979633401222, "avg_per_gene": 33.83827920096333, "min_cell": 757, "max_cell": 12082, "total_count": 2051378, "overdispersion": 2.3136852342577092, "s_index": 899}