{
  "ncells": 6415,
  "ngenes": 60623,
  "nvals": 975696,
  "density": 0.002508883178687021,
  "avg_per_cell": 217.89524551831644,
  "avg_per_gene": 23.057222506309486,
  "min_cell": 87,
  "max_cell": 6014,
  "total_counts": 1397798,
  "overdispersion": 0.5463979630545726
}
