{"ncells": 6415, "ngenes": 60623, "nvals": 975696, "density": 0.002508883178687021, "avg_counts_per_cell": 217.89524551831644, "avg_counts_per_gene": 23.057222506309486, "avg_nnzero_per_cell": 152.09602494154325, "avg_nnzero_per_gene": 16.094485591277238, "min_cell": 87, "max_cell": 6014, "total_counts": 1397798, "overdispersion": 0.5463979630545726, "s_index": 419}