{
  "ncells": 3783,
  "ngenes": 60623,
  "nvals": 4165463,
  "density": 0.01816308083365719,
  "avg_per_cell": 3463.9259846682526,
  "avg_per_gene": 216.15611236659353,
  "min_cell": 126,
  "max_cell": 68097,
  "total_counts": 13104032,
  "overdispersion": 3.464909147109681
}
