{"ncells": 3832, "ngenes": 60623, "nvals": 4169032, "density": 0.017946191763827897, "avg_per_cell": 3421.224686847599, "avg_per_gene": 216.25675073816868, "min_cell": 124, "max_cell": 68097, "total_count": 13110133, "overdispersion": 3.5211381010910934, "s_index": 1694}