{"ncells": 3832, "ngenes": 60623, "nvals": 4169032, "density": 0.017946191763827897, "avg_counts_per_cell": 3421.224686847599, "avg_counts_per_gene": 216.25675073816868, "avg_nnzero_per_cell": 1087.9519832985386, "avg_nnzero_per_gene": 68.7698068389885, "min_cell": 124, "max_cell": 68097, "total_counts": 13110133, "overdispersion": 3.5211381010910934, "s_index": 1694}