{
  "ncells": 7829,
  "ngenes": 63140,
  "nvals": 9481572,
  "density": 0.019180921885375932,
  "avg_counts_per_cell": 4225.086090177545,
  "avg_counts_per_gene": 523.8865853658536,
  "avg_nnzero_per_cell": 1211.0834078426365,
  "avg_nnzero_per_gene": 150.16743744060818,
  "min_cell": 128,
  "max_cell": 78248,
  "total_counts": 33078199,
  "overdispersion": 3.5861136692637956,
  "s_index": 3162
}
