{
  "ncells": 385968,
  "ngenes": 63140,
  "nvals": 12244585,
  "density": 0.0005024446119114147,
  "avg_counts_per_cell": 95.17805362102558,
  "avg_counts_per_gene": 581.8131612290149,
  "avg_nnzero_per_cell": 31.724352796086723,
  "avg_nnzero_per_gene": 193.9275419702249,
  "min_cell": 0,
  "max_cell": 78248,
  "total_counts": 36735683,
  "overdispersion": 175.0335360690349,
  "s_index": 3162
}
