{"ncells": 571, "ngenes": 60623, "nvals": 644019, "density": 0.01860480608629608, "avg_per_cell": 4613.886164623467, "avg_per_gene": 43.45758210580143, "min_cell": 229, "max_cell": 79146, "total_count": 2634529, "overdispersion": 2.498978008654564, "s_index": 447}