{
	"numRecords": 182287013,
	"numReads": 263563400,
	"numBarcodes": 1687306,
	"medianReadsPerBarcode": 2.000000,
	"meanReadsPerBarcode": 156.203676,
	"numUMIs": 1048576,
	"numBarcodeUMIs": 135675227,
	"medianUMIsPerBarcode": 1.000000,
	"meanUMIsPerBarcode": 80.409379,
	"gtRecords": 103073971,
	"numTargets": 189075,
	"medianTargetsPerSet": 4.000000,
	"meanTargetsPerSet": 5.765179,
	"numSingleton": 37172220,
	"gtTargets": 6939,
	"numBarcodesOnWhitelist": 552260,
	"percentageBarcodesOnWhitelist": 32.730281,
	"numReadsOnWhitelist": 256516498,
	"percentageReadsOnWhitelist": 97.326297
}
