{
	"numRecords": 60590492,
	"numReads": 191690532,
	"numBarcodes": 859533,
	"medianReadsPerBarcode": 4.000000,
	"meanReadsPerBarcode": 223.017071,
	"numUMIs": 1048575,
	"numBarcodeUMIs": 29032321,
	"medianUMIsPerBarcode": 1.000000,
	"meanUMIsPerBarcode": 33.776854,
	"gtRecords": 21753072,
	"numBarcodesOnWhitelist": 257004,
	"percentageBarcodesOnWhitelist": 29.900423,
	"numReadsOnWhitelist": 185381638,
	"percentageReadsOnWhitelist": 96.708813
}
