{
  "ncells": 1379,
  "ngenes": 60623,
  "nvals": 2006812,
  "density": 0.024005181777219012,
  "avg_per_cell": 6916.308919506889,
  "avg_per_gene": 157.32626230968444,
  "min_cell": 3533,
  "max_cell": 34354,
  "total_counts": 9537590,
  "overdispersion": 2.3678697437762324
}
