{
	"numRecords": 103541883,
	"numReads": 259439226,
	"numBarcodes": 1322284,
	"medianReadsPerBarcode": 4.000000,
	"meanReadsPerBarcode": 196.205373,
	"numUMIs": 1048576,
	"numBarcodeUMIs": 59562485,
	"medianUMIsPerBarcode": 1.000000,
	"meanUMIsPerBarcode": 45.045153,
	"gtRecords": 37921137,
	"numBarcodesOnWhitelist": 429776,
	"percentageBarcodesOnWhitelist": 32.502549,
	"numReadsOnWhitelist": 250118921,
	"percentageReadsOnWhitelist": 96.407519
}
