{"ncells": 1914, "ngenes": 60623, "nvals": 6020763, "density": 0.051888626439255056, "avg_counts_per_cell": 11910.310344827587, "avg_counts_per_gene": 376.03440938257756, "avg_nnzero_per_cell": 3145.6442006269594, "avg_nnzero_per_gene": 99.31483100473417, "min_cell": 8844, "max_cell": 40599, "total_counts": 22796334, "overdispersion": 0.15914459479107682, "s_index": 1914}