{
	"numRecords": 6167130,
	"numReads": 96800454,
	"numBarcodes": 268902,
	"medianReadsPerBarcode": 2.000000,
	"meanReadsPerBarcode": 359.984135,
	"numUMIs": 870562,
	"numBarcodeUMIs": 3537111,
	"medianUMIsPerBarcode": 1.000000,
	"meanUMIsPerBarcode": 13.153904,
	"gtRecords": 2614894,
	"numBarcodesOnWhitelist": 99725,
	"percentageBarcodesOnWhitelist": 37.086002,
	"numReadsOnWhitelist": 93244907,
	"percentageReadsOnWhitelist": 96.326931
}
