{
  "ncells": 292,
  "ngenes": 60623,
  "nvals": 407453,
  "density": 0.023017451896167624,
  "avg_per_cell": 5121.321917808219,
  "avg_per_gene": 24.667634396186266,
  "min_cell": 399,
  "max_cell": 19679,
  "total_counts": 1495426,
  "overdispersion": 0.4606572992992889
}
