{"ncells": 6353, "ngenes": 60623, "nvals": 18429428, "density": 0.047851502256260565, "avg_counts_per_cell": 8691.985990870455, "avg_counts_per_gene": 910.8784949606585, "avg_nnzero_per_cell": 2900.9016212812844, "avg_nnzero_per_gene": 304.0005938340234, "min_cell": 4762, "max_cell": 27791, "total_counts": 55220187, "overdispersion": 0.18184253010042248, "s_index": 5555}