{
  "ncells": 3844,
  "ngenes": 60623,
  "nvals": 540275,
  "density": 0.0023184304326170804,
  "avg_per_cell": 299.52445369406865,
  "avg_per_gene": 18.99232964386454,
  "min_cell": 0,
  "max_cell": 3340,
  "total_counts": 1151372,
  "overdispersion": 3.2094584944822544
}
