{"ncells": 6658, "ngenes": 60623, "nvals": 718154, "density": 0.0017792475185822991, "avg_counts_per_cell": 215.71177530790027, "avg_counts_per_gene": 23.690826913877572, "avg_nnzero_per_cell": 107.86332231901471, "avg_nnzero_per_gene": 11.846229978720947, "min_cell": 35, "max_cell": 3340, "total_counts": 1436209, "overdispersion": 4.290720040211093, "s_index": 474}