{
  "ncells": 290451,
  "ngenes": 63140,
  "nvals": 3060494,
  "density": 0.0001668837610267973,
  "avg_counts_per_cell": 15.925137114349752,
  "avg_counts_per_gene": 73.25739626227431,
  "avg_nnzero_per_cell": 10.537040671231981,
  "avg_nnzero_per_gene": 48.4715552739943,
  "min_cell": 0,
  "max_cell": 10101,
  "total_counts": 4625472,
  "overdispersion": 211.60756331917904,
  "s_index": 810
}
