{
  "ncells": 3917,
  "ngenes": 63140,
  "nvals": 1223346,
  "density": 0.004946421910001554,
  "avg_counts_per_cell": 628.0163390349758,
  "avg_counts_per_gene": 38.96008869179601,
  "avg_nnzero_per_cell": 312.3170793974981,
  "avg_nnzero_per_gene": 19.375134621476086,
  "min_cell": 111,
  "max_cell": 10101,
  "total_counts": 2459940,
  "overdispersion": 3.9584161484377534,
  "s_index": 810
}
