{
	"numRecords": 147629056,
	"numReads": 284934440,
	"numBarcodes": 1628304,
	"medianReadsPerBarcode": 3.000000,
	"meanReadsPerBarcode": 174.988479,
	"numUMIs": 1048576,
	"numBarcodeUMIs": 102378198,
	"medianUMIsPerBarcode": 1.000000,
	"meanUMIsPerBarcode": 62.874130,
	"gtRecords": 61376172,
	"numTargets": 191226,
	"medianTargetsPerSet": 4.000000,
	"meanTargetsPerSet": 4.854025,
	"numSingleton": 51249833,
	"gtTargets": 6456,
	"numBarcodesOnWhitelist": 526250,
	"percentageBarcodesOnWhitelist": 32.318904,
	"numReadsOnWhitelist": 274203261,
	"percentageReadsOnWhitelist": 96.233808
}
