{
	"numRecords": 50390798,
	"numReads": 152291099,
	"numBarcodes": 1416541,
	"medianReadsPerBarcode": 2.000000,
	"meanReadsPerBarcode": 107.509136,
	"numUMIs": 1048575,
	"numBarcodeUMIs": 29211715,
	"medianUMIsPerBarcode": 1.000000,
	"meanUMIsPerBarcode": 20.621863,
	"gtRecords": 19768648,
	"numBarcodesOnWhitelist": 213553,
	"percentageBarcodesOnWhitelist": 15.075667,
	"numReadsOnWhitelist": 147247734,
	"percentageReadsOnWhitelist": 96.688339
}
