{"ncells": 26825, "ngenes": 60623, "nvals": 9363682, "density": 0.005757971373934816, "avg_counts_per_cell": 728.3891146318732, "avg_counts_per_gene": 322.3040430199759, "avg_nnzero_per_cell": 349.06549860205035, "avg_nnzero_per_gene": 154.45758210580144, "min_cell": 125, "max_cell": 58149, "total_counts": 19539038, "overdispersion": 4.121133808619656, "s_index": 1858}