{
	"numRecords": 21607356,
	"numReads": 38355449,
	"numBarcodes": 681165,
	"medianReadsPerBarcode": 2.000000,
	"meanReadsPerBarcode": 56.308602,
	"numUMIs": 1048281,
	"numBarcodeUMIs": 17693285,
	"medianUMIsPerBarcode": 1.000000,
	"meanUMIsPerBarcode": 25.975035,
	"gtRecords": 9317766,
	"numTargets": 173473,
	"medianTargetsPerSet": 2.000000,
	"meanTargetsPerSet": 3.706454,
	"numSingleton": 15734691,
	"gtTargets": 9425,
	"numBarcodesOnWhitelist": 7518,
	"percentageBarcodesOnWhitelist": 1.103697,
	"numReadsOnWhitelist": 723589,
	"percentageReadsOnWhitelist": 1.886535
}
