{
  "ncells": 235589,
  "ngenes": 63140,
  "nvals": 4942258,
  "density": 0.00033225064046102213,
  "avg_counts_per_cell": 47.55690206249018,
  "avg_counts_per_gene": 177.44509027557808,
  "avg_nnzero_per_cell": 20.978305438708936,
  "avg_nnzero_per_gene": 78.27459613557174,
  "min_cell": 0,
  "max_cell": 20038,
  "total_counts": 11203883,
  "overdispersion": 103.90780918703328,
  "s_index": 1980
}
