{
  "ncells": 3763,
  "ngenes": 63140,
  "nvals": 4448797,
  "density": 0.018724222505261245,
  "avg_counts_per_cell": 2837.6364602710605,
  "avg_counts_per_gene": 169.1166613873931,
  "avg_nnzero_per_cell": 1182.247408982195,
  "avg_nnzero_per_gene": 70.45924928729806,
  "min_cell": 220,
  "max_cell": 20038,
  "total_counts": 10678026,
  "overdispersion": 0.7528192559855514,
  "s_index": 1980
}
