{
  "ncells": 2676,
  "ngenes": 63140,
  "nvals": 3912485,
  "density": 0.023155917781587692,
  "avg_counts_per_cell": 4767.591180866965,
  "avg_counts_per_gene": 202.060088691796,
  "avg_nnzero_per_cell": 1462.0646487294468,
  "avg_nnzero_per_gene": 61.965235983528665,
  "min_cell": 238,
  "max_cell": 36329,
  "total_counts": 12758074,
  "overdispersion": 1.3055539712327766,
  "s_index": 1843
}
