{
  "ncells": 229755,
  "ngenes": 63140,
  "nvals": 4558363,
  "density": 0.000314224003620609,
  "avg_counts_per_cell": 58.84198385236448,
  "avg_counts_per_gene": 214.11529933481154,
  "avg_nnzero_per_cell": 19.840103588605253,
  "avg_nnzero_per_gene": 72.19453595185303,
  "min_cell": 0,
  "max_cell": 36329,
  "total_counts": 13519240,
  "overdispersion": 179.9853262182598,
  "s_index": 1843
}
