{
  "ncells": 1911,
  "ngenes": 60623,
  "nvals": 2813900,
  "density": 0.024289051084633147,
  "avg_per_cell": 6292.688121402407,
  "avg_per_gene": 198.36245319433218,
  "min_cell": 417,
  "max_cell": 129404,
  "total_counts": 12025327,
  "overdispersion": 2.713922266976466
}
