{
  "ncells": 3127,
  "ngenes": 63140,
  "nvals": 5579417,
  "density": 0.028258972224200332,
  "avg_counts_per_cell": 6925.889031020147,
  "avg_counts_per_gene": 343.0037218878682,
  "avg_nnzero_per_cell": 1784.271506236009,
  "avg_nnzero_per_gene": 88.36580614507444,
  "min_cell": 327,
  "max_cell": 84948,
  "total_counts": 21657255,
  "overdispersion": 1.4726510866578675,
  "s_index": 2281
}
