{
  "ncells": 333622,
  "ngenes": 63140,
  "nvals": 6883097,
  "density": 0.00032675679738128534,
  "avg_counts_per_cell": 69.5325188386857,
  "avg_counts_per_gene": 367.39908140639847,
  "avg_nnzero_per_cell": 20.631424186654357,
  "avg_nnzero_per_gene": 109.01325625593918,
  "min_cell": 0,
  "max_cell": 84948,
  "total_counts": 23197578,
  "overdispersion": 233.49840341710865,
  "s_index": 2281
}
