{
	"numRecords": 28919896,
	"numReads": 93291090,
	"numBarcodes": 770942,
	"medianReadsPerBarcode": 3.000000,
	"meanReadsPerBarcode": 121.009220,
	"numUMIs": 1048382,
	"numBarcodeUMIs": 18735688,
	"medianUMIsPerBarcode": 1.000000,
	"meanUMIsPerBarcode": 24.302331,
	"gtRecords": 9764232,
	"numTargets": 178678,
	"medianTargetsPerSet": 2.000000,
	"meanTargetsPerSet": 3.523617,
	"numSingleton": 39851452,
	"gtTargets": 8614,
	"numBarcodesOnWhitelist": 6919,
	"percentageBarcodesOnWhitelist": 0.897473,
	"numReadsOnWhitelist": 1276476,
	"percentageReadsOnWhitelist": 1.368272
}
