{
  "ncells": 74,
  "ngenes": 60623,
  "nvals": 47431,
  "density": 0.010572875962249633,
  "avg_per_cell": 2447.7702702702704,
  "avg_per_gene": 2.98789238407865,
  "min_cell": 128,
  "max_cell": 40795,
  "total_counts": 181135,
  "overdispersion": 10.78275738168608
}
