{
  "ncells": 4529,
  "ngenes": 63140,
  "nvals": 2344794,
  "density": 0.008199696839842459,
  "avg_counts_per_cell": 917.4179730624862,
  "avg_counts_per_gene": 65.80592334494773,
  "avg_nnzero_per_cell": 517.7288584676529,
  "avg_nnzero_per_gene": 37.1364269876465,
  "min_cell": 106,
  "max_cell": 13259,
  "total_counts": 4154986,
  "overdispersion": 0.779040160082086,
  "s_index": 1158
}
