{
  "ncells": 346705,
  "ngenes": 63140,
  "nvals": 4404516,
  "density": 0.00020120256341321483,
  "avg_counts_per_cell": 18.383625849064767,
  "avg_counts_per_gene": 100.94543870763383,
  "avg_nnzero_per_cell": 12.703929853910385,
  "avg_nnzero_per_gene": 69.75793474817866,
  "min_cell": 0,
  "max_cell": 13259,
  "total_counts": 6373695,
  "overdispersion": 109.37255279771394,
  "s_index": 1158
}
