{
  "ncells": 340409,
  "ngenes": 63140,
  "nvals": 2469477,
  "density": 0.00011489453565552983,
  "avg_counts_per_cell": 20.82528076519716,
  "avg_counts_per_gene": 112.27610072853976,
  "avg_nnzero_per_cell": 7.254440981290154,
  "avg_nnzero_per_gene": 39.11113398796326,
  "min_cell": 0,
  "max_cell": 29549,
  "total_counts": 7089113,
  "overdispersion": 237.96617664895226,
  "s_index": 1307
}
