{
  "ncells": 1920,
  "ngenes": 63140,
  "nvals": 1579586,
  "density": 0.013029791600675748,
  "avg_counts_per_cell": 3133.2703125,
  "avg_counts_per_gene": 95.27841305036426,
  "avg_nnzero_per_cell": 822.7010416666667,
  "avg_nnzero_per_gene": 25.017199873297436,
  "min_cell": 8,
  "max_cell": 29549,
  "total_counts": 6015879,
  "overdispersion": 0.7113789226197456,
  "s_index": 1307
}
