{
  "ncells": 3798,
  "ngenes": 60623,
  "nvals": 12355099,
  "density": 0.05366039252060645,
  "avg_per_cell": 7639.046340179041,
  "avg_per_gene": 478.5823532322716,
  "min_cell": 3014,
  "max_cell": 48738,
  "total_counts": 29013098,
  "overdispersion": 3.330142556640205
}
