{
	"numRecords": 29850357,
	"numReads": 72959412,
	"numBarcodes": 773359,
	"medianReadsPerBarcode": 3.000000,
	"meanReadsPerBarcode": 94.340936,
	"numUMIs": 1048166,
	"numBarcodeUMIs": 20057115,
	"medianUMIsPerBarcode": 1.000000,
	"meanUMIsPerBarcode": 25.935064,
	"gtRecords": 12891055,
	"numTargets": 179910,
	"medianTargetsPerSet": 3.000000,
	"meanTargetsPerSet": 4.046622,
	"numSingleton": 17797202,
	"gtTargets": 8722,
	"numBarcodesOnWhitelist": 306876,
	"percentageBarcodesOnWhitelist": 39.680924,
	"numReadsOnWhitelist": 69957199,
	"percentageReadsOnWhitelist": 95.885092
}
