{"ncells": 3057, "ngenes": 60623, "nvals": 6452000, "density": 0.034814606903239044, "avg_per_cell": 4686.830879947661, "avg_per_gene": 236.3400359599492, "min_cell": 209, "max_cell": 24173, "total_count": 14327642, "overdispersion": 0.4346345005939719, "s_index": 2376}