{
  "ncells": 279483,
  "ngenes": 63140,
  "nvals": 4550512,
  "density": 0.0002578696851737413,
  "avg_counts_per_cell": 55.02121417045044,
  "avg_counts_per_gene": 243.54599303135888,
  "avg_nnzero_per_cell": 16.281891921870024,
  "avg_nnzero_per_gene": 72.07019322141274,
  "min_cell": 0,
  "max_cell": 18825,
  "total_counts": 15377494,
  "overdispersion": 98.39803175120099,
  "s_index": 2555
}
