{
  "ncells": 3966,
  "ngenes": 63140,
  "nvals": 3703487,
  "density": 0.014789501545525309,
  "avg_counts_per_cell": 3545.5685829551185,
  "avg_counts_per_gene": 222.70707950585998,
  "avg_nnzero_per_cell": 933.809127584468,
  "avg_nnzero_per_gene": 58.65516312955337,
  "min_cell": 269,
  "max_cell": 18825,
  "total_counts": 14061725,
  "overdispersion": 0.674201518091783,
  "s_index": 2555
}
