{
  "ncells": 154006,
  "ngenes": 63140,
  "nvals": 1746394,
  "density": 0.00017959738627891246,
  "avg_counts_per_cell": 23.26008726932717,
  "avg_counts_per_gene": 56.734130503642696,
  "avg_nnzero_per_cell": 11.339778969650533,
  "avg_nnzero_per_gene": 27.659075071270195,
  "min_cell": 0,
  "max_cell": 9936,
  "total_counts": 3582193,
  "overdispersion": 89.40595602153779,
  "s_index": 985
}
