{
  "ncells": 2728,
  "ngenes": 63140,
  "nvals": 1151235,
  "density": 0.006683670649499274,
  "avg_counts_per_cell": 1039.7804252199414,
  "avg_counts_per_gene": 44.924311054798856,
  "avg_nnzero_per_cell": 422.00696480938416,
  "avg_nnzero_per_gene": 18.23305353183402,
  "min_cell": 81,
  "max_cell": 9936,
  "total_counts": 2836521,
  "overdispersion": 2.4429896338646753,
  "s_index": 985
}
