{
  "ncells": 5887,
  "ngenes": 63140,
  "nvals": 2259603,
  "density": 0.006079019399191585,
  "avg_counts_per_cell": 630.102089349414,
  "avg_counts_per_gene": 58.74898637947418,
  "avg_nnzero_per_cell": 383.82928486495666,
  "avg_nnzero_per_gene": 35.78718720304086,
  "min_cell": 90,
  "max_cell": 15749,
  "total_counts": 3709411,
  "overdispersion": 1.8648158077574362,
  "s_index": 992
}
