{
  "ncells": 422250,
  "ngenes": 63140,
  "nvals": 3534981,
  "density": 0.00013259063424986398,
  "avg_counts_per_cell": 12.284196566015394,
  "avg_counts_per_gene": 82.1508077288565,
  "avg_nnzero_per_cell": 8.371772646536412,
  "avg_nnzero_per_gene": 55.986395312005065,
  "min_cell": 0,
  "max_cell": 15724,
  "total_counts": 5187002,
  "overdispersion": 124.38985023760043,
  "s_index": 992
}
