{"ncells": 5385, "ngenes": 60623, "nvals": 508559, "density": 0.0015578233627433723, "avg_counts_per_cell": 238.8213556174559, "avg_counts_per_gene": 21.21394520231595, "avg_nnzero_per_cell": 94.43992571959146, "avg_nnzero_per_gene": 8.38887880837306, "min_cell": 137, "max_cell": 10839, "total_counts": 1286053, "overdispersion": 2.492148981160837, "s_index": 400}