{"ncells": 3805, "ngenes": 60623, "nvals": 2386655, "density": 0.010346597613483458, "avg_counts_per_cell": 1324.1574244415242, "avg_counts_per_gene": 83.11068406380417, "avg_nnzero_per_cell": 627.2417871222076, "avg_nnzero_per_gene": 39.368803919304554, "min_cell": 372, "max_cell": 5702, "total_counts": 5038419, "overdispersion": 2.0619711117641812, "s_index": 1389}