{
  "ncells": 532180,
  "ngenes": 63140,
  "nvals": 12283605,
  "density": 0.0003655634066191103,
  "avg_counts_per_cell": 94.23266751850878,
  "avg_counts_per_gene": 794.246769084574,
  "avg_nnzero_per_cell": 23.081673493930627,
  "avg_nnzero_per_gene": 194.54553373455812,
  "min_cell": 0,
  "max_cell": 95448,
  "total_counts": 50148741,
  "overdispersion": 1098.263067896601,
  "s_index": 3223
}
