{
  "ncells": 4394,
  "ngenes": 63140,
  "nvals": 9581618,
  "density": 0.03453617388528631,
  "avg_counts_per_cell": 10701.285161583979,
  "avg_counts_per_gene": 744.7172473867596,
  "avg_nnzero_per_cell": 2180.6140191169775,
  "avg_nnzero_per_gene": 151.75194805194806,
  "min_cell": 277,
  "max_cell": 95448,
  "total_counts": 47021447,
  "overdispersion": 9.049656751474135,
  "s_index": 3223
}
